unique_id,ds,cutoff,horizon,y,naive,seasonal_naive,statistical,planner,final,planner_name
SKU0001@LOC01,2025-05-19,2025-05-12,1,4.0,0.0,3.0,2.3968141346308,2.3968141346308,2.3968141346308,Planner A
SKU0001@LOC01,2025-05-26,2025-05-12,2,0.0,0.0,8.0,2.3968141346308,2.3968141346308,2.3968141346308,Planner A
SKU0001@LOC01,2025-06-02,2025-05-12,3,0.0,0.0,7.0,2.3968141346308,2.3968141346308,2.3968141346308,Planner A
SKU0001@LOC01,2025-06-09,2025-05-12,4,0.0,0.0,0.0,2.3968141346308,2.3968141346308,2.3968141346308,Planner A
SKU0001@LOC01,2025-06-16,2025-06-09,1,9.0,0.0,0.0,2.120221586288504,2.6493549143234487,2.6493549143234487,Planner A
SKU0001@LOC01,2025-06-23,2025-06-09,2,0.0,0.0,2.0,2.120221586288504,2.120221586288504,2.120221586288504,Planner A
SKU0001@LOC01,2025-06-30,2025-06-09,3,0.0,0.0,0.0,2.120221586288504,2.120221586288504,2.120221586288504,Planner A
SKU0001@LOC01,2025-07-07,2025-06-09,4,0.0,0.0,2.0,2.120221586288504,2.120221586288504,2.120221586288504,Planner A
SKU0001@LOC01,2025-07-14,2025-07-07,1,0.0,0.0,0.0,2.1224779892222227,1.3518899636412292,1.3518899636412292,Planner A
SKU0001@LOC01,2025-07-21,2025-07-07,2,0.0,0.0,0.0,2.1224779892222227,2.1224779892222227,2.1224779892222227,Planner A
SKU0001@LOC01,2025-07-28,2025-07-07,3,5.0,0.0,0.0,2.1224779892222227,2.1224779892222227,2.1224779892222227,Planner A
SKU0001@LOC01,2025-08-04,2025-07-07,4,0.0,0.0,2.0,2.1224779892222227,2.1224779892222227,2.1224779892222227,Planner A
SKU0001@LOC01,2025-08-11,2025-08-04,1,0.0,0.0,0.0,1.8845995727548235,1.8845995727548235,1.8845995727548235,Planner A
SKU0001@LOC01,2025-08-18,2025-08-04,2,0.0,0.0,0.0,1.8845995727548235,1.8845995727548235,1.8845995727548235,Planner A
SKU0001@LOC01,2025-08-25,2025-08-04,3,4.0,0.0,3.0,1.8845995727548235,1.8845995727548235,1.8845995727548235,Planner A
SKU0001@LOC01,2025-09-01,2025-08-04,4,0.0,0.0,3.0,1.8845995727548235,1.5982918301624502,1.5982918301624502,Planner A
SKU0001@LOC01,2025-09-08,2025-09-01,1,0.0,0.0,0.0,1.775322629932462,1.775322629932462,1.775322629932462,Planner A
SKU0001@LOC01,2025-09-15,2025-09-01,2,7.0,0.0,0.0,1.775322629932462,2.2491015780775325,2.2491015780775325,Planner A
SKU0001@LOC01,2025-09-22,2025-09-01,3,0.0,0.0,0.0,1.775322629932462,1.775322629932462,1.775322629932462,Planner A
SKU0001@LOC01,2025-09-29,2025-09-01,4,2.0,0.0,6.0,1.775322629932462,1.775322629932462,1.775322629932462,Planner A
SKU0001@LOC01,2025-10-06,2025-09-29,1,0.0,2.0,0.0,1.761159983617921,1.761159983617921,1.761159983617921,Planner A
SKU0001@LOC01,2025-10-13,2025-09-29,2,4.0,2.0,0.0,1.761159983617921,1.761159983617921,1.761159983617921,Planner A
SKU0001@LOC01,2025-10-20,2025-09-29,3,0.0,2.0,0.0,1.761159983617921,1.761159983617921,1.761159983617921,Planner A
SKU0001@LOC01,2025-10-27,2025-09-29,4,0.0,2.0,0.0,1.761159983617921,1.761159983617921,1.761159983617921,Planner A
SKU0001@LOC01,2025-11-03,2025-10-27,1,0.0,0.0,7.0,1.7700687457125017,1.7700687457125017,1.7700687457125017,Planner A
SKU0001@LOC01,2025-11-10,2025-10-27,2,2.0,0.0,3.0,1.7700687457125017,1.4570243657190605,1.4570243657190605,Planner A
SKU0001@LOC01,2025-11-17,2025-10-27,3,0.0,0.0,0.0,1.7700687457125017,1.7700687457125017,1.7700687457125017,Planner A
SKU0001@LOC01,2025-11-24,2025-10-27,4,8.0,0.0,0.0,1.7700687457125017,1.9874607820256098,1.9874607820256098,Planner A
SKU0001@LOC01,2025-12-01,2025-11-24,1,8.0,8.0,6.0,1.750540684487752,1.738461315333622,1.738461315333622,Planner A
SKU0001@LOC01,2025-12-08,2025-11-24,2,0.0,8.0,7.0,1.750540684487752,1.750540684487752,1.750540684487752,Planner A
SKU0001@LOC01,2025-12-15,2025-11-24,3,0.0,8.0,0.0,1.750540684487752,1.750540684487752,1.750540684487752,Planner A
SKU0001@LOC01,2025-12-22,2025-11-24,4,0.0,8.0,10.0,1.750540684487752,1.750540684487752,1.750540684487752,Planner A
SKU0001@LOC02,2025-05-19,2025-05-12,1,0.0,0.0,0.0,1.443791180147597,1.443791180147597,1.443791180147597,Planner B
SKU0001@LOC02,2025-05-26,2025-05-12,2,0.0,0.0,0.0,1.443791180147597,1.443791180147597,1.443791180147597,Planner B
SKU0001@LOC02,2025-06-02,2025-05-12,3,0.0,0.0,0.0,1.443791180147597,1.443791180147597,1.443791180147597,Planner B
SKU0001@LOC02,2025-06-09,2025-05-12,4,0.0,0.0,13.0,1.443791180147597,1.7985950060423055,1.7985950060423055,Planner B
SKU0001@LOC02,2025-06-16,2025-06-09,1,4.0,0.0,0.0,1.443791180147597,2.057488621731075,2.057488621731075,Planner B
SKU0001@LOC02,2025-06-23,2025-06-09,2,0.0,0.0,0.0,1.443791180147597,1.443791180147597,1.443791180147597,Planner B
SKU0001@LOC02,2025-06-30,2025-06-09,3,0.0,0.0,0.0,1.443791180147597,2.365436990279041,2.365436990279041,Planner B
SKU0001@LOC02,2025-07-07,2025-06-09,4,0.0,0.0,0.0,1.443791180147597,1.443791180147597,1.443791180147597,Planner B
SKU0001@LOC02,2025-07-14,2025-07-07,1,0.0,0.0,0.0,1.3261551855785174,1.3261551855785174,1.3261551855785174,Planner B
SKU0001@LOC02,2025-07-21,2025-07-07,2,0.0,0.0,0.0,1.3261551855785174,1.3261551855785174,1.3261551855785174,Planner B
SKU0001@LOC02,2025-07-28,2025-07-07,3,7.0,0.0,0.0,1.3261551855785174,1.3261551855785174,1.3261551855785174,Planner B
SKU0001@LOC02,2025-08-04,2025-07-07,4,0.0,0.0,0.0,1.3261551855785174,1.3261551855785174,1.3261551855785174,Planner B
SKU0001@LOC02,2025-08-11,2025-08-04,1,0.0,0.0,0.0,1.3090356798179243,1.3090356798179243,1.3090356798179243,Planner B
SKU0001@LOC02,2025-08-18,2025-08-04,2,0.0,0.0,0.0,1.3090356798179243,1.3090356798179243,1.3090356798179243,Planner B
SKU0001@LOC02,2025-08-25,2025-08-04,3,0.0,0.0,0.0,1.3090356798179243,1.3090356798179243,1.3090356798179243,Planner B
SKU0001@LOC02,2025-09-01,2025-08-04,4,0.0,0.0,9.0,1.3090356798179243,1.7466957366556455,1.7466957366556455,Planner B
SKU0001@LOC02,2025-09-08,2025-09-01,1,0.0,0.0,0.0,1.3090356798179243,1.3090356798179243,1.3090356798179243,Planner B
SKU0001@LOC02,2025-09-15,2025-09-01,2,0.0,0.0,0.0,1.3090356798179243,1.4310882877025837,1.4310882877025837,Planner B
SKU0001@LOC02,2025-09-22,2025-09-01,3,7.0,0.0,0.0,1.3090356798179243,1.68036556121187,1.68036556121187,Planner B
SKU0001@LOC02,2025-09-29,2025-09-01,4,0.0,0.0,0.0,1.3090356798179243,1.6285024889929969,1.6285024889929969,Planner B
SKU0001@LOC02,2025-10-06,2025-09-29,1,0.0,0.0,7.0,1.2592063056496265,1.2592063056496265,1.2592063056496265,Planner B
SKU0001@LOC02,2025-10-13,2025-09-29,2,0.0,0.0,9.0,1.2592063056496265,1.2592063056496265,1.2592063056496265,Planner B
SKU0001@LOC02,2025-10-20,2025-09-29,3,9.0,0.0,0.0,1.2592063056496265,1.2592063056496265,1.2592063056496265,Planner B
SKU0001@LOC02,2025-10-27,2025-09-29,4,0.0,0.0,0.0,1.2592063056496265,1.2592063056496265,1.2592063056496265,Planner B
SKU0001@LOC02,2025-11-03,2025-10-27,1,0.0,0.0,11.0,1.3073077872991248,1.3073077872991248,1.3073077872991248,Planner B
SKU0001@LOC02,2025-11-10,2025-10-27,2,6.0,0.0,0.0,1.3073077872991248,1.3073077872991248,1.3073077872991248,Planner B
SKU0001@LOC02,2025-11-17,2025-10-27,3,0.0,0.0,0.0,1.3073077872991248,1.3599822507473607,1.3599822507473607,Planner B
SKU0001@LOC02,2025-11-24,2025-10-27,4,0.0,0.0,0.0,1.3073077872991248,1.8682551175863416,1.8682551175863416,Planner B
SKU0001@LOC02,2025-12-01,2025-11-24,1,0.0,0.0,0.0,1.3331770966027408,1.3331770966027408,1.3331770966027408,Planner B
SKU0001@LOC02,2025-12-08,2025-11-24,2,0.0,0.0,9.0,1.3331770966027408,1.3331770966027408,1.3331770966027408,Planner B
SKU0001@LOC02,2025-12-15,2025-11-24,3,7.0,0.0,0.0,1.3331770966027408,1.3331770966027408,1.3331770966027408,Planner B
SKU0001@LOC02,2025-12-22,2025-11-24,4,0.0,0.0,0.0,1.3331770966027408,1.3331770966027408,1.3331770966027408,Planner B
SKU0001@LOC03,2025-05-19,2025-05-12,1,3.0,0.0,4.0,1.7625938215980919,1.7625938215980919,1.7625938215980919,Planner C
SKU0001@LOC03,2025-05-26,2025-05-12,2,0.0,0.0,4.0,1.7625938215980919,1.7625938215980919,1.7625938215980919,Planner C
SKU0001@LOC03,2025-06-02,2025-05-12,3,0.0,0.0,3.0,1.7625938215980919,1.7625938215980919,1.7625938215980919,Planner C
SKU0001@LOC03,2025-06-09,2025-05-12,4,4.0,0.0,0.0,1.7625938215980919,1.7625938215980919,1.7625938215980919,Planner C
SKU0001@LOC03,2025-06-16,2025-06-09,1,0.0,4.0,0.0,1.6554611833359902,1.616674795990595,1.616674795990595,Planner C
SKU0001@LOC03,2025-06-23,2025-06-09,2,2.0,4.0,0.0,1.6554611833359902,1.6554611833359902,1.6554611833359902,Planner C
SKU0001@LOC03,2025-06-30,2025-06-09,3,2.0,4.0,3.0,1.6554611833359902,1.9863824828463328,1.9863824828463328,Planner C
SKU0001@LOC03,2025-07-07,2025-06-09,4,3.0,4.0,0.0,1.6554611833359902,1.6554611833359902,1.6554611833359902,Planner C
SKU0001@LOC03,2025-07-14,2025-07-07,1,0.0,3.0,3.0,1.6707477365424994,1.6707477365424994,1.6707477365424994,Planner C
SKU0001@LOC03,2025-07-21,2025-07-07,2,0.0,3.0,5.0,1.6707477365424994,2.5073067823195085,2.5073067823195085,Planner C
SKU0001@LOC03,2025-07-28,2025-07-07,3,0.0,3.0,2.0,1.6707477365424994,1.9266348198599488,1.9266348198599488,Planner C
SKU0001@LOC03,2025-08-04,2025-07-07,4,0.0,3.0,0.0,1.6707477365424994,2.2842653318370445,2.2842653318370445,Planner C
SKU0001@LOC03,2025-08-11,2025-08-04,1,0.0,0.0,0.0,1.6707477365424994,1.756493005435262,1.756493005435262,Planner C
SKU0001@LOC03,2025-08-18,2025-08-04,2,2.0,0.0,3.0,1.6707477365424994,1.6707477365424994,1.6707477365424994,Planner C
SKU0001@LOC03,2025-08-25,2025-08-04,3,0.0,0.0,0.0,1.6707477365424994,1.6707477365424994,1.6707477365424994,Planner C
SKU0001@LOC03,2025-09-01,2025-08-04,4,0.0,0.0,0.0,1.6707477365424994,1.6707477365424994,1.6707477365424994,Planner C
SKU0001@LOC03,2025-09-08,2025-09-01,1,2.0,0.0,0.0,1.3014684036686428,1.3014684036686428,1.3014684036686428,Planner C
SKU0001@LOC03,2025-09-15,2025-09-01,2,0.0,0.0,0.0,1.3014684036686428,1.3014684036686428,1.3014684036686428,Planner C
SKU0001@LOC03,2025-09-22,2025-09-01,3,4.0,0.0,0.0,1.3014684036686428,1.3014684036686428,1.3014684036686428,Planner C
SKU0001@LOC03,2025-09-29,2025-09-01,4,7.0,0.0,0.0,1.3014684036686428,2.058059984348496,2.058059984348496,Planner C
SKU0001@LOC03,2025-10-06,2025-09-29,1,3.0,7.0,0.0,1.5272615298721695,1.584651083632812,1.584651083632812,Planner C
SKU0001@LOC03,2025-10-13,2025-09-29,2,2.0,7.0,2.0,1.5272615298721695,1.2878043413861084,1.2878043413861084,Planner C
SKU0001@LOC03,2025-10-20,2025-09-29,3,2.0,7.0,0.0,1.5272615298721695,1.5272615298721695,1.5272615298721695,Planner C
SKU0001@LOC03,2025-10-27,2025-09-29,4,0.0,7.0,4.0,1.5272615298721695,1.5272615298721695,1.5272615298721695,Planner C
SKU0001@LOC03,2025-11-03,2025-10-27,1,0.0,0.0,0.0,1.624963130242049,1.2818677183834817,1.2818677183834817,Planner C
SKU0001@LOC03,2025-11-10,2025-10-27,2,0.0,0.0,3.0,1.624963130242049,1.624963130242049,1.624963130242049,Planner C
SKU0001@LOC03,2025-11-17,2025-10-27,3,5.0,0.0,3.0,1.624963130242049,2.278014005967769,2.278014005967769,Planner C
SKU0001@LOC03,2025-11-24,2025-10-27,4,2.0,0.0,3.0,1.624963130242049,1.624963130242049,1.624963130242049,Planner C
SKU0001@LOC03,2025-12-01,2025-11-24,1,3.0,2.0,3.0,1.557802451091733,1.557802451091733,1.557802451091733,Planner C
SKU0001@LOC03,2025-12-08,2025-11-24,2,0.0,2.0,5.0,1.557802451091733,1.557802451091733,1.557802451091733,Planner C
SKU0001@LOC03,2025-12-15,2025-11-24,3,1.0,2.0,2.0,1.557802451091733,1.557802451091733,1.557802451091733,Planner C
SKU0001@LOC03,2025-12-22,2025-11-24,4,0.0,2.0,4.0,1.557802451091733,1.557802451091733,1.557802451091733,Planner C
SKU0002@LOC01,2025-05-19,2025-05-12,1,21.0,2.0,16.0,27.509705984576197,27.509705984576197,28.885191283805007,Planner D
SKU0002@LOC01,2025-05-26,2025-05-12,2,81.0,2.0,21.0,27.509705984576197,35.48637325895475,37.26069192190249,Planner D
SKU0002@LOC01,2025-06-02,2025-05-12,3,82.0,2.0,0.0,27.509705984576197,40.92601419380078,42.972314903490826,Planner D
SKU0002@LOC01,2025-06-09,2025-05-12,4,33.0,2.0,5.0,27.509705984576197,27.509705984576197,28.885191283805007,Planner D
SKU0002@LOC01,2025-06-16,2025-06-09,1,26.0,33.0,7.0,38.21879240762393,38.21879240762393,40.12973202800513,Planner D
SKU0002@LOC01,2025-06-23,2025-06-09,2,72.0,33.0,55.0,38.21879240762393,38.21879240762393,40.12973202800513,Planner D
SKU0002@LOC01,2025-06-30,2025-06-09,3,37.0,33.0,12.0,38.21879240762393,45.80310508747405,48.09326034184775,Planner D
SKU0002@LOC01,2025-07-07,2025-06-09,4,30.0,33.0,45.0,38.21879240762393,38.21879240762393,40.12973202800513,Planner D
SKU0002@LOC01,2025-07-14,2025-07-07,1,61.0,30.0,10.0,39.13274969864206,39.13274969864206,41.08938718357416,Planner D
SKU0002@LOC01,2025-07-21,2025-07-07,2,73.0,30.0,7.0,39.13274969864206,39.13274969864206,41.08938718357416,Planner D
SKU0002@LOC01,2025-07-28,2025-07-07,3,23.0,30.0,78.0,39.13274969864206,39.13274969864206,41.08938718357416,Planner D
SKU0002@LOC01,2025-08-04,2025-07-07,4,65.0,30.0,23.0,39.13274969864206,54.70655454331762,57.441882270483504,Planner D
SKU0002@LOC01,2025-08-11,2025-08-04,1,80.0,65.0,57.0,47.378077458556284,85.09628665126903,89.35110098383248,Planner D
SKU0002@LOC01,2025-08-18,2025-08-04,2,38.0,65.0,4.0,47.378077458556284,47.378077458556284,49.7469813314841,Planner D
SKU0002@LOC01,2025-08-25,2025-08-04,3,14.0,65.0,38.0,47.378077458556284,47.378077458556284,49.7469813314841,Planner D
SKU0002@LOC01,2025-09-01,2025-08-04,4,34.0,65.0,11.0,47.378077458556284,39.08069800738402,41.034732907753224,Planner D
SKU0002@LOC01,2025-09-08,2025-09-01,1,13.0,34.0,44.0,42.835272972402784,42.835272972402784,44.977036621022926,Planner D
SKU0002@LOC01,2025-09-15,2025-09-01,2,75.0,34.0,42.0,42.835272972402784,42.835272972402784,44.977036621022926,Planner D
SKU0002@LOC01,2025-09-22,2025-09-01,3,7.0,34.0,39.0,42.835272972402784,48.0018274498599,50.4019188223529,Planner D
SKU0002@LOC01,2025-09-29,2025-09-01,4,178.0,34.0,84.0,42.835272972402784,42.835272972402784,44.977036621022926,Planner D
SKU0002@LOC01,2025-10-06,2025-09-29,1,144.0,178.0,49.0,53.55692259719346,53.55692259719346,56.23476872705314,Planner D
SKU0002@LOC01,2025-10-13,2025-09-29,2,60.0,178.0,163.0,53.55692259719346,53.55692259719346,56.23476872705314,Planner D
SKU0002@LOC01,2025-10-20,2025-09-29,3,105.0,178.0,20.0,53.55692259719346,53.55692259719346,56.23476872705314,Planner D
SKU0002@LOC01,2025-10-27,2025-09-29,4,82.0,178.0,7.0,53.55692259719346,53.55692259719346,56.23476872705314,Planner D
SKU0002@LOC01,2025-11-03,2025-10-27,1,46.0,82.0,10.0,76.47215610740483,76.47215610740483,80.29576391277507,Planner D
SKU0002@LOC01,2025-11-10,2025-10-27,2,34.0,82.0,22.0,76.47215610740483,76.47215610740483,80.29576391277507,Planner D
SKU0002@LOC01,2025-11-17,2025-10-27,3,27.0,82.0,173.0,76.47215610740483,56.90650947147199,59.751834945045594,Planner D
SKU0002@LOC01,2025-11-24,2025-10-27,4,11.0,82.0,31.0,76.47215610740483,76.47215610740483,80.29576391277507,Planner D
SKU0002@LOC01,2025-12-01,2025-11-24,1,11.0,11.0,83.0,54.34818540659983,37.38753216493888,39.25690877318583,Planner D
SKU0002@LOC01,2025-12-08,2025-11-24,2,101.0,11.0,17.0,54.34818540659983,54.34818540659983,57.06559467692983,Planner D
SKU0002@LOC01,2025-12-15,2025-11-24,3,77.0,11.0,23.0,54.34818540659983,54.34818540659983,57.06559467692983,Planner D
SKU0002@LOC01,2025-12-22,2025-11-24,4,18.0,11.0,1.0,54.34818540659983,64.15387383209853,67.36156752370346,Planner D
SKU0002@LOC02,2025-05-19,2025-05-12,1,11.0,22.0,1.0,27.67189759022134,35.6531151881272,35.6531151881272,Planner A
SKU0002@LOC02,2025-05-26,2025-05-12,2,16.0,22.0,89.0,27.67189759022134,27.67189759022134,27.67189759022134,Planner A
SKU0002@LOC02,2025-06-02,2025-05-12,3,29.0,22.0,1.0,27.67189759022134,37.59269428616867,37.59269428616867,Planner A
SKU0002@LOC02,2025-06-09,2025-05-12,4,2.0,22.0,68.0,27.67189759022134,27.67189759022134,27.67189759022134,Planner A
SKU0002@LOC02,2025-06-16,2025-06-09,1,0.0,2.0,6.0,25.20998978659522,25.20998978659522,25.20998978659522,Planner A
SKU0002@LOC02,2025-06-23,2025-06-09,2,99.0,2.0,8.0,25.20998978659522,25.20998978659522,25.20998978659522,Planner A
SKU0002@LOC02,2025-06-30,2025-06-09,3,29.0,2.0,60.0,25.20998978659522,25.20998978659522,25.20998978659522,Planner A
SKU0002@LOC02,2025-07-07,2025-06-09,4,14.0,2.0,28.0,25.20998978659522,23.41833499621013,23.41833499621013,Planner A
SKU0002@LOC02,2025-07-14,2025-07-07,1,7.0,14.0,3.0,27.07856924361797,27.07856924361797,27.07856924361797,Planner A
SKU0002@LOC02,2025-07-21,2025-07-07,2,6.0,14.0,5.0,27.07856924361797,27.07856924361797,27.07856924361797,Planner A
SKU0002@LOC02,2025-07-28,2025-07-07,3,73.0,14.0,39.0,27.07856924361797,27.07856924361797,27.07856924361797,Planner A
SKU0002@LOC02,2025-08-04,2025-07-07,4,4.0,14.0,11.0,27.07856924361797,32.25421731529456,32.25421731529456,Planner A
SKU0002@LOC02,2025-08-11,2025-08-04,1,48.0,4.0,42.0,26.29399513998461,26.29399513998461,26.29399513998461,Planner A
SKU0002@LOC02,2025-08-18,2025-08-04,2,41.0,4.0,45.0,26.29399513998461,26.29399513998461,26.29399513998461,Planner A
SKU0002@LOC02,2025-08-25,2025-08-04,3,77.0,4.0,10.0,26.29399513998461,26.29399513998461,26.29399513998461,Planner A
SKU0002@LOC02,2025-09-01,2025-08-04,4,25.0,4.0,13.0,26.29399513998461,26.29399513998461,26.29399513998461,Planner A
SKU0002@LOC02,2025-09-08,2025-09-01,1,95.0,25.0,35.0,30.231948378987088,30.231948378987088,30.231948378987088,Planner A
SKU0002@LOC02,2025-09-15,2025-09-01,2,62.0,25.0,16.0,30.231948378987088,39.44829360079005,39.44829360079005,Planner A
SKU0002@LOC02,2025-09-22,2025-09-01,3,22.0,25.0,25.0,30.231948378987088,30.231948378987088,30.231948378987088,Planner A
SKU0002@LOC02,2025-09-29,2025-09-01,4,10.0,25.0,180.0,30.231948378987088,30.231948378987088,30.231948378987088,Planner A
SKU0002@LOC02,2025-10-06,2025-09-29,1,29.0,10.0,33.0,33.03939215436235,33.03939215436235,33.03939215436235,Planner A
SKU0002@LOC02,2025-10-13,2025-09-29,2,19.0,10.0,19.0,33.03939215436235,39.82960922038022,39.82960922038022,Planner A
SKU0002@LOC02,2025-10-20,2025-09-29,3,12.0,10.0,151.0,33.03939215436235,33.03939215436235,33.03939215436235,Planner A
SKU0002@LOC02,2025-10-27,2025-09-29,4,30.0,10.0,54.0,33.03939215436235,33.03939215436235,33.03939215436235,Planner A
SKU0002@LOC02,2025-11-03,2025-10-27,1,23.0,30.0,8.0,31.081360155929097,14.83137763647838,14.83137763647838,Planner A
SKU0002@LOC02,2025-11-10,2025-10-27,2,111.0,30.0,5.0,31.081360155929097,31.081360155929097,31.081360155929097,Planner A
SKU0002@LOC02,2025-11-17,2025-10-27,3,21.0,30.0,2.0,31.081360155929097,31.002193715714043,31.002193715714043,Planner A
SKU0002@LOC02,2025-11-24,2025-10-27,4,13.0,30.0,34.0,31.081360155929097,31.081360155929097,31.081360155929097,Planner A
SKU0002@LOC02,2025-12-01,2025-11-24,1,22.0,13.0,105.0,32.95831835550523,40.44867464327271,40.44867464327271,Planner A
SKU0002@LOC02,2025-12-08,2025-11-24,2,27.0,13.0,16.0,32.95831835550523,32.95831835550523,32.95831835550523,Planner A
SKU0002@LOC02,2025-12-15,2025-11-24,3,32.0,13.0,46.0,32.95831835550523,32.95831835550523,32.95831835550523,Planner A
SKU0002@LOC02,2025-12-22,2025-11-24,4,30.0,13.0,13.0,32.95831835550523,32.95831835550523,32.95831835550523,Planner A
SKU0002@LOC03,2025-05-19,2025-05-12,1,3.0,24.0,55.0,25.46754038060579,21.113554726835336,22.169232463177103,Planner B
SKU0002@LOC03,2025-05-26,2025-05-12,2,13.0,24.0,80.0,25.46754038060579,25.46754038060579,26.740917399636082,Planner B
SKU0002@LOC03,2025-06-02,2025-05-12,3,6.0,24.0,41.0,25.46754038060579,14.555891434722957,15.283686006459106,Planner B
SKU0002@LOC03,2025-06-09,2025-05-12,4,10.0,24.0,115.0,25.46754038060579,29.96940734638867,31.467877713708106,Planner B
SKU0002@LOC03,2025-06-16,2025-06-09,1,2.0,10.0,17.0,19.520953243715457,19.520953243715457,20.49700090590123,Planner B
SKU0002@LOC03,2025-06-23,2025-06-09,2,118.0,10.0,50.0,19.520953243715457,19.520953243715457,20.49700090590123,Planner B
SKU0002@LOC03,2025-06-30,2025-06-09,3,6.0,10.0,53.0,19.520953243715457,19.520953243715457,20.49700090590123,Planner B
SKU0002@LOC03,2025-07-07,2025-06-09,4,29.0,10.0,54.0,19.520953243715457,19.520953243715457,20.49700090590123,Planner B
SKU0002@LOC03,2025-07-14,2025-07-07,1,55.0,29.0,28.0,27.55681999517674,27.55681999517674,28.934660994935577,Planner B
SKU0002@LOC03,2025-07-21,2025-07-07,2,87.0,29.0,27.0,27.55681999517674,27.55681999517674,28.934660994935577,Planner B
SKU0002@LOC03,2025-07-28,2025-07-07,3,42.0,29.0,119.0,27.55681999517674,28.529839374779982,29.956331343518983,Planner B
SKU0002@LOC03,2025-08-04,2025-07-07,4,37.0,29.0,33.0,27.55681999517674,27.55681999517674,28.934660994935577,Planner B
SKU0002@LOC03,2025-08-11,2025-08-04,1,51.0,37.0,109.0,32.57385836619642,54.885817959100784,57.63010885705582,Planner B
SKU0002@LOC03,2025-08-18,2025-08-04,2,12.0,37.0,39.0,32.57385836619642,32.57385836619642,34.20255128450624,Planner B
SKU0002@LOC03,2025-08-25,2025-08-04,3,12.0,37.0,108.0,32.57385836619642,26.166755011414125,27.475092761984833,Planner B
SKU0002@LOC03,2025-09-01,2025-08-04,4,42.0,37.0,43.0,32.57385836619642,23.91493380983703,25.110680500328883,Planner B
SKU0002@LOC03,2025-09-08,2025-09-01,1,22.0,42.0,78.0,31.929417475881777,31.929417475881777,33.52588834967587,Planner B
SKU0002@LOC03,2025-09-15,2025-09-01,2,23.0,42.0,19.0,31.929417475881777,31.929417475881777,33.52588834967587,Planner B
SKU0002@LOC03,2025-09-22,2025-09-01,3,251.0,42.0,50.0,31.929417475881777,31.929417475881777,33.52588834967587,Planner B
SKU0002@LOC03,2025-09-29,2025-09-01,4,126.0,42.0,14.0,31.929417475881777,31.929417475881777,33.52588834967587,Planner B
SKU0002@LOC03,2025-10-06,2025-09-29,1,68.0,126.0,27.0,60.50687621638774,60.50687621638774,63.532220027207124,Planner B
SKU0002@LOC03,2025-10-13,2025-09-29,2,102.0,126.0,23.0,60.50687621638774,60.50687621638774,63.532220027207124,Planner B
SKU0002@LOC03,2025-10-20,2025-09-29,3,9.0,126.0,36.0,60.50687621638774,60.50687621638774,63.532220027207124,Planner B
SKU0002@LOC03,2025-10-27,2025-09-29,4,44.0,126.0,31.0,60.50687621638774,60.50687621638774,63.532220027207124,Planner B
SKU0002@LOC03,2025-11-03,2025-10-27,1,89.0,44.0,51.0,58.127761485571995,58.127761485571995,61.0341495598506,Planner B
SKU0002@LOC03,2025-11-10,2025-10-27,2,10.0,44.0,113.0,58.127761485571995,58.127761485571995,61.0341495598506,Planner B
SKU0002@LOC03,2025-11-17,2025-10-27,3,55.0,44.0,59.0,58.127761485571995,58.127761485571995,61.0341495598506,Planner B
SKU0002@LOC03,2025-11-24,2025-10-27,4,6.0,44.0,2.0,58.127761485571995,45.10659801512588,47.36192791588218,Planner B
SKU0002@LOC03,2025-12-01,2025-11-24,1,63.0,6.0,1.0,50.985724310683786,50.985724310683786,53.535010526217974,Planner B
SKU0002@LOC03,2025-12-08,2025-11-24,2,84.0,6.0,64.0,50.985724310683786,92.60930874355188,97.23977418072947,Planner B
SKU0002@LOC03,2025-12-15,2025-11-24,3,10.0,6.0,18.0,50.985724310683786,50.985724310683786,53.535010526217974,Planner B
SKU0002@LOC03,2025-12-22,2025-11-24,4,14.0,6.0,4.0,50.985724310683786,54.31612119620192,57.03192725601202,Planner B
SKU0003@LOC01,2025-05-19,2025-05-12,1,55.0,48.0,30.0,50.54808045104622,41.46993467801698,43.54343141191784,Planner C
SKU0003@LOC01,2025-05-26,2025-05-12,2,54.0,48.0,63.0,50.54808045104622,50.54808045104622,53.07548447359853,Planner C
SKU0003@LOC01,2025-06-02,2025-05-12,3,40.0,48.0,48.0,50.54808045104622,50.23626677211543,52.748080110721205,Planner C
SKU0003@LOC01,2025-06-09,2025-05-12,4,58.0,48.0,47.0,50.54808045104622,91.57586015476801,96.1546531625064,Planner C
SKU0003@LOC01,2025-06-16,2025-06-09,1,45.0,58.0,39.0,51.38825983021384,51.38825983021384,53.957672821724536,Planner C
SKU0003@LOC01,2025-06-23,2025-06-09,2,39.0,58.0,30.0,51.38825983021384,51.38825983021384,53.957672821724536,Planner C
SKU0003@LOC01,2025-06-30,2025-06-09,3,56.0,58.0,53.0,51.38825983021384,54.28422951775981,56.998440993647804,Planner C
SKU0003@LOC01,2025-07-07,2025-06-09,4,103.0,58.0,23.0,51.38825983021384,51.38825983021384,53.957672821724536,Planner C
SKU0003@LOC01,2025-07-14,2025-07-07,1,46.0,103.0,56.0,62.7400353369036,62.7400353369036,65.87703710374879,Planner C
SKU0003@LOC01,2025-07-21,2025-07-07,2,54.0,103.0,32.0,62.7400353369036,62.7400353369036,65.87703710374879,Planner C
SKU0003@LOC01,2025-07-28,2025-07-07,3,34.0,103.0,43.0,62.7400353369036,62.7400353369036,65.87703710374879,Planner C
SKU0003@LOC01,2025-08-04,2025-07-07,4,57.0,103.0,27.0,62.7400353369036,65.20027851081828,68.4602924363592,Planner C
SKU0003@LOC01,2025-08-11,2025-08-04,1,53.0,57.0,43.0,53.00749449127173,46.577637890910204,48.906519785455714,Planner C
SKU0003@LOC01,2025-08-18,2025-08-04,2,52.0,57.0,40.0,53.00749449127173,65.77072835544902,69.05926477322147,Planner C
SKU0003@LOC01,2025-08-25,2025-08-04,3,37.0,57.0,37.0,53.00749449127173,51.29415582760274,53.85886361898287,Planner C
SKU0003@LOC01,2025-09-01,2025-08-04,4,40.0,57.0,30.0,53.00749449127173,53.00749449127173,55.65786921583532,Planner C
SKU0003@LOC01,2025-09-08,2025-09-01,1,38.0,40.0,32.0,47.7150697436249,57.5531975850153,60.43085746426606,Planner C
SKU0003@LOC01,2025-09-15,2025-09-01,2,24.0,40.0,29.0,47.7150697436249,47.7150697436249,50.10082323080615,Planner C
SKU0003@LOC01,2025-09-22,2025-09-01,3,36.0,40.0,33.0,47.7150697436249,47.7150697436249,50.10082323080615,Planner C
SKU0003@LOC01,2025-09-29,2025-09-01,4,44.0,40.0,27.0,47.7150697436249,47.7150697436249,50.10082323080615,Planner C
SKU0003@LOC01,2025-10-06,2025-09-29,1,33.0,44.0,54.0,39.87246639248606,67.41655672032499,70.78738455634124,Planner C
SKU0003@LOC01,2025-10-13,2025-09-29,2,22.0,44.0,20.0,39.87246639248606,39.87246639248606,41.866089712110366,Planner C
SKU0003@LOC01,2025-10-20,2025-09-29,3,29.0,44.0,38.0,39.87246639248606,39.87246639248606,41.866089712110366,Planner C
SKU0003@LOC01,2025-10-27,2025-09-29,4,18.0,44.0,24.0,39.87246639248606,39.87246639248606,41.866089712110366,Planner C
SKU0003@LOC01,2025-11-03,2025-10-27,1,19.0,18.0,19.0,29.12761631949754,23.877819579743978,25.071710558731176,Planner C
SKU0003@LOC01,2025-11-10,2025-10-27,2,21.0,18.0,21.0,29.12761631949754,39.92182377279411,41.91791496143382,Planner C
SKU0003@LOC01,2025-11-17,2025-10-27,3,25.0,18.0,20.0,29.12761631949754,29.12761631949754,30.58399713547242,Planner C
SKU0003@LOC01,2025-11-24,2025-10-27,4,18.0,18.0,77.0,29.12761631949754,29.12761631949754,30.58399713547242,Planner C
SKU0003@LOC01,2025-12-01,2025-11-24,1,14.0,18.0,11.0,23.360691101091017,23.360691101091017,24.528725656145568,Planner C
SKU0003@LOC01,2025-12-08,2025-11-24,2,14.0,18.0,32.0,23.360691101091017,23.360691101091017,24.528725656145568,Planner C
SKU0003@LOC01,2025-12-15,2025-11-24,3,26.0,18.0,9.0,23.360691101091017,23.360691101091017,24.528725656145568,Planner C
SKU0003@LOC01,2025-12-22,2025-11-24,4,31.0,18.0,27.0,23.360691101091017,23.360691101091017,24.528725656145568,Planner C
SKU0003@LOC02,2025-05-19,2025-05-12,1,30.0,25.0,35.0,32.169642221626226,29.783962781144904,31.27316092020215,Planner D
SKU0003@LOC02,2025-05-26,2025-05-12,2,35.0,25.0,21.0,32.169642221626226,32.169642221626226,33.77812433270754,Planner D
SKU0003@LOC02,2025-06-02,2025-05-12,3,41.0,25.0,24.0,32.169642221626226,47.47274727468863,49.84638463842306,Planner D
SKU0003@LOC02,2025-06-09,2025-05-12,4,53.0,25.0,31.0,32.169642221626226,32.169642221626226,33.77812433270754,Planner D
SKU0003@LOC02,2025-06-16,2025-06-09,1,36.0,53.0,26.0,41.60811832461647,41.60811832461647,43.68852424084729,Planner D
SKU0003@LOC02,2025-06-23,2025-06-09,2,28.0,53.0,34.0,41.60811832461647,47.341779726845566,49.70886871318785,Planner D
SKU0003@LOC02,2025-06-30,2025-06-09,3,30.0,53.0,35.0,41.60811832461647,42.11070837185346,44.216243790446136,Planner D
SKU0003@LOC02,2025-07-07,2025-06-09,4,41.0,53.0,37.0,41.60811832461647,41.60811832461647,43.68852424084729,Planner D
SKU0003@LOC02,2025-07-14,2025-07-07,1,22.0,41.0,18.0,36.13627005648873,36.13627005648873,37.94308355931317,Planner D
SKU0003@LOC02,2025-07-21,2025-07-07,2,36.0,41.0,34.0,36.13627005648873,36.13627005648873,37.94308355931317,Planner D
SKU0003@LOC02,2025-07-28,2025-07-07,3,32.0,41.0,22.0,36.13627005648873,36.13627005648873,37.94308355931317,Planner D
SKU0003@LOC02,2025-08-04,2025-07-07,4,44.0,41.0,24.0,36.13627005648873,36.13627005648873,37.94308355931317,Planner D
SKU0003@LOC02,2025-08-11,2025-08-04,1,46.0,44.0,37.0,36.152118440562944,36.152118440562944,37.959724362591096,Planner D
SKU0003@LOC02,2025-08-18,2025-08-04,2,13.0,44.0,26.0,36.152118440562944,36.152118440562944,37.959724362591096,Planner D
SKU0003@LOC02,2025-08-25,2025-08-04,3,19.0,44.0,24.0,36.152118440562944,37.77064167711217,39.659173760967775,Planner D
SKU0003@LOC02,2025-09-01,2025-08-04,4,24.0,44.0,22.0,36.152118440562944,36.709678104962705,38.545162010210845,Planner D
SKU0003@LOC02,2025-09-08,2025-09-01,1,26.0,24.0,26.0,26.514523637579163,26.514523637579163,27.840249819458123,Planner D
SKU0003@LOC02,2025-09-15,2025-09-01,2,31.0,24.0,28.0,26.514523637579163,26.514523637579163,27.840249819458123,Planner D
SKU0003@LOC02,2025-09-22,2025-09-01,3,13.0,24.0,16.0,26.514523637579163,25.63918167234962,26.9211407559671,Planner D
SKU0003@LOC02,2025-09-29,2025-09-01,4,32.0,24.0,18.0,26.514523637579163,26.514523637579163,27.840249819458123,Planner D
SKU0003@LOC02,2025-10-06,2025-09-29,1,17.0,32.0,22.0,25.928537125382757,25.928537125382757,27.224963981651896,Planner D
SKU0003@LOC02,2025-10-13,2025-09-29,2,21.0,32.0,18.0,25.928537125382757,25.928537125382757,27.224963981651896,Planner D
SKU0003@LOC02,2025-10-20,2025-09-29,3,21.0,32.0,17.0,25.928537125382757,25.928537125382757,27.224963981651896,Planner D
SKU0003@LOC02,2025-10-27,2025-09-29,4,15.0,32.0,8.0,25.928537125382757,25.928537125382757,27.224963981651896,Planner D
SKU0003@LOC02,2025-11-03,2025-10-27,1,21.0,15.0,9.0,19.9717417638044,19.9717417638044,20.97032885199462,Planner D
SKU0003@LOC02,2025-11-10,2025-10-27,2,23.0,15.0,13.0,19.9717417638044,19.9717417638044,20.97032885199462,Planner D
SKU0003@LOC02,2025-11-17,2025-10-27,3,22.0,15.0,19.0,19.9717417638044,19.9717417638044,20.97032885199462,Planner D
SKU0003@LOC02,2025-11-24,2025-10-27,4,20.0,15.0,17.0,19.9717417638044,19.9717417638044,20.97032885199462,Planner D
SKU0003@LOC02,2025-12-01,2025-11-24,1,13.0,20.0,8.0,20.957115197489436,20.957115197489436,22.00497095736391,Planner D
SKU0003@LOC02,2025-12-08,2025-11-24,2,14.0,20.0,14.0,20.957115197489436,19.862006522882055,20.855106849026157,Planner D
SKU0003@LOC02,2025-12-15,2025-11-24,3,18.0,20.0,12.0,20.957115197489436,18.07066792979711,18.974201326286966,Planner D
SKU0003@LOC02,2025-12-22,2025-11-24,4,17.0,20.0,16.0,20.957115197489436,20.957115197489436,22.00497095736391,Planner D
SKU0003@LOC03,2025-05-19,2025-05-12,1,61.0,53.0,49.0,50.411079647955276,50.411079647955276,52.93163363035304,Planner A
SKU0003@LOC03,2025-05-26,2025-05-12,2,35.0,53.0,44.0,50.411079647955276,43.20958405349928,45.37006325617424,Planner A
SKU0003@LOC03,2025-06-02,2025-05-12,3,34.0,53.0,47.0,50.411079647955276,57.04071628817574,59.892752102584524,Planner A
SKU0003@LOC03,2025-06-09,2025-05-12,4,41.0,53.0,52.0,50.411079647955276,50.411079647955276,52.93163363035304,Planner A
SKU0003@LOC03,2025-06-16,2025-06-09,1,51.0,41.0,54.0,42.122561536407815,43.54689029123302,45.72423480579467,Planner A
SKU0003@LOC03,2025-06-23,2025-06-09,2,47.0,41.0,41.0,42.122561536407815,42.122561536407815,44.228689613228205,Planner A
SKU0003@LOC03,2025-06-30,2025-06-09,3,65.0,41.0,52.0,42.122561536407815,42.122561536407815,44.228689613228205,Planner A
SKU0003@LOC03,2025-07-07,2025-06-09,4,47.0,41.0,41.0,42.122561536407815,55.8183740494233,58.609292751894465,Planner A
SKU0003@LOC03,2025-07-14,2025-07-07,1,36.0,47.0,64.0,50.60882175025839,50.60882175025839,53.13926283777131,Planner A
SKU0003@LOC03,2025-07-21,2025-07-07,2,32.0,47.0,34.0,50.60882175025839,48.93544692868417,51.38221927511838,Planner A
SKU0003@LOC03,2025-07-28,2025-07-07,3,27.0,47.0,41.0,50.60882175025839,53.48451436622407,56.158740084535275,Planner A
SKU0003@LOC03,2025-08-04,2025-07-07,4,46.0,47.0,35.0,50.60882175025839,53.17337359898119,55.83204227893025,Planner A
SKU0003@LOC03,2025-08-11,2025-08-04,1,34.0,46.0,52.0,39.46876598755706,48.50134245487399,50.9264095776177,Planner A
SKU0003@LOC03,2025-08-18,2025-08-04,2,55.0,46.0,33.0,39.46876598755706,40.90171625820434,42.946802071114554,Planner A
SKU0003@LOC03,2025-08-25,2025-08-04,3,32.0,46.0,47.0,39.46876598755706,40.9844389281025,43.033660874507625,Planner A
SKU0003@LOC03,2025-09-01,2025-08-04,4,41.0,46.0,22.0,39.46876598755706,45.64113783531708,47.92319472708294,Planner A
SKU0003@LOC03,2025-09-08,2025-09-01,1,32.0,41.0,39.0,40.076583908566356,23.766970775636306,24.955319314418123,Planner A
SKU0003@LOC03,2025-09-15,2025-09-01,2,39.0,41.0,20.0,40.076583908566356,40.076583908566356,42.08041310399467,Planner A
SKU0003@LOC03,2025-09-22,2025-09-01,3,40.0,41.0,32.0,40.076583908566356,40.076583908566356,42.08041310399467,Planner A
SKU0003@LOC03,2025-09-29,2025-09-01,4,53.0,41.0,35.0,40.076583908566356,40.076583908566356,42.08041310399467,Planner A
SKU0003@LOC03,2025-10-06,2025-09-29,1,29.0,53.0,25.0,43.64684570632853,43.64684570632853,45.82918799164496,Planner A
SKU0003@LOC03,2025-10-13,2025-09-29,2,43.0,53.0,18.0,43.64684570632853,43.64684570632853,45.82918799164496,Planner A
SKU0003@LOC03,2025-10-20,2025-09-29,3,24.0,53.0,38.0,43.64684570632853,43.64684570632853,45.82918799164496,Planner A
SKU0003@LOC03,2025-10-27,2025-09-29,4,29.0,53.0,30.0,43.64684570632853,43.64684570632853,45.82918799164496,Planner A
SKU0003@LOC03,2025-11-03,2025-10-27,1,47.0,29.0,38.0,32.547303501365306,35.80273656248232,37.59287339060644,Planner A
SKU0003@LOC03,2025-11-10,2025-10-27,2,29.0,29.0,18.0,32.547303501365306,53.14294497484909,55.80009222359154,Planner A
SKU0003@LOC03,2025-11-17,2025-10-27,3,22.0,29.0,32.0,32.547303501365306,35.950875805877516,37.748419596171395,Planner A
SKU0003@LOC03,2025-11-24,2025-10-27,4,27.0,29.0,34.0,32.547303501365306,45.426905154200604,47.698250411910635,Planner A
SKU0003@LOC03,2025-12-01,2025-11-24,1,20.0,27.0,18.0,29.070853345640593,29.070853345640593,30.524396012922622,Planner A
SKU0003@LOC03,2025-12-08,2025-11-24,2,55.0,27.0,17.0,29.070853345640593,29.070853345640593,30.524396012922622,Planner A
SKU0003@LOC03,2025-12-15,2025-11-24,3,20.0,27.0,40.0,29.070853345640593,29.13263081497459,30.58926235572332,Planner A
SKU0003@LOC03,2025-12-22,2025-11-24,4,25.0,27.0,38.0,29.070853345640593,29.070853345640593,30.524396012922622,Planner A
SKU0004@LOC01,2025-05-19,2025-05-12,1,16.0,20.0,23.0,20.357384495197817,20.357384495197817,21.37525371995771,Planner B
SKU0004@LOC01,2025-05-26,2025-05-12,2,13.0,20.0,23.0,20.357384495197817,26.14654056975047,27.453867598237995,Planner B
SKU0004@LOC01,2025-06-02,2025-05-12,3,20.0,20.0,16.0,20.357384495197817,20.357384495197817,21.37525371995771,Planner B
SKU0004@LOC01,2025-06-09,2025-05-12,4,19.0,20.0,19.0,20.357384495197817,19.170599153967046,20.1291291116654,Planner B
SKU0004@LOC01,2025-06-16,2025-06-09,1,16.0,19.0,10.0,18.909456940146352,18.909456940146352,19.854929787153672,Planner B
SKU0004@LOC01,2025-06-23,2025-06-09,2,19.0,19.0,14.0,18.909456940146352,28.549358176061244,29.976826084864307,Planner B
SKU0004@LOC01,2025-06-30,2025-06-09,3,20.0,19.0,19.0,18.909456940146352,18.909456940146352,19.854929787153672,Planner B
SKU0004@LOC01,2025-07-07,2025-06-09,4,15.0,19.0,11.0,18.909456940146352,18.909456940146352,19.854929787153672,Planner B
SKU0004@LOC01,2025-07-14,2025-07-07,1,16.0,15.0,23.0,18.20387970686227,18.20387970686227,19.114073692205384,Planner B
SKU0004@LOC01,2025-07-21,2025-07-07,2,12.0,15.0,17.0,18.20387970686227,18.20387970686227,19.114073692205384,Planner B
SKU0004@LOC01,2025-07-28,2025-07-07,3,22.0,15.0,20.0,18.20387970686227,18.20387970686227,19.114073692205384,Planner B
SKU0004@LOC01,2025-08-04,2025-07-07,4,23.0,15.0,21.0,18.20387970686227,18.20387970686227,19.114073692205384,Planner B
SKU0004@LOC01,2025-08-11,2025-08-04,1,16.0,23.0,22.0,18.531938981230272,18.531938981230272,19.458535930291788,Planner B
SKU0004@LOC01,2025-08-18,2025-08-04,2,16.0,23.0,10.0,18.531938981230272,18.252859077643212,19.165502031525374,Planner B
SKU0004@LOC01,2025-08-25,2025-08-04,3,11.0,23.0,30.0,18.531938981230272,18.531938981230272,19.458535930291788,Planner B
SKU0004@LOC01,2025-09-01,2025-08-04,4,23.0,23.0,14.0,18.531938981230272,18.531938981230272,19.458535930291788,Planner B
SKU0004@LOC01,2025-09-08,2025-09-01,1,22.0,23.0,14.0,17.734187972820834,17.734187972820834,18.620897371461876,Planner B
SKU0004@LOC01,2025-09-15,2025-09-01,2,26.0,23.0,20.0,17.734187972820834,17.734187972820834,18.620897371461876,Planner B
SKU0004@LOC01,2025-09-22,2025-09-01,3,30.0,23.0,13.0,17.734187972820834,17.734187972820834,18.620897371461876,Planner B
SKU0004@LOC01,2025-09-29,2025-09-01,4,19.0,23.0,13.0,17.734187972820834,17.734187972820834,18.620897371461876,Planner B
SKU0004@LOC01,2025-10-06,2025-09-29,1,28.0,19.0,18.0,20.776719460487307,15.185455774603616,15.944728563333797,Planner B
SKU0004@LOC01,2025-10-13,2025-09-29,2,16.0,19.0,20.0,20.776719460487307,16.48654550315625,17.310872778314064,Planner B
SKU0004@LOC01,2025-10-20,2025-09-29,3,15.0,19.0,22.0,20.776719460487307,20.776719460487307,21.815555433511673,Planner B
SKU0004@LOC01,2025-10-27,2025-09-29,4,19.0,19.0,14.0,20.776719460487307,20.776719460487307,21.815555433511673,Planner B
SKU0004@LOC01,2025-11-03,2025-10-27,1,25.0,19.0,17.0,19.921402412871004,25.05319607785921,26.30585588175217,Planner B
SKU0004@LOC01,2025-11-10,2025-10-27,2,15.0,19.0,20.0,19.921402412871004,19.921402412871004,20.917472533514555,Planner B
SKU0004@LOC01,2025-11-17,2025-10-27,3,6.0,19.0,26.0,19.921402412871004,19.921402412871004,20.917472533514555,Planner B
SKU0004@LOC01,2025-11-24,2025-10-27,4,42.0,19.0,8.0,19.921402412871004,19.921402412871004,20.917472533514555,Planner B
SKU0004@LOC01,2025-12-01,2025-11-24,1,23.0,42.0,13.0,21.392690318283744,21.392690318283744,22.462324834197933,Planner B
SKU0004@LOC01,2025-12-08,2025-11-24,2,26.0,42.0,17.0,21.392690318283744,21.392690318283744,22.462324834197933,Planner B
SKU0004@LOC01,2025-12-15,2025-11-24,3,14.0,42.0,9.0,21.392690318283744,17.667924095730314,18.55132030051683,Planner B
SKU0004@LOC01,2025-12-22,2025-11-24,4,25.0,42.0,13.0,21.392690318283744,21.392690318283744,22.462324834197933,Planner B
SKU0004@LOC02,2025-05-19,2025-05-12,1,21.0,19.0,12.0,13.772169707338037,13.772169707338037,14.46077819270494,Planner C
SKU0004@LOC02,2025-05-26,2025-05-12,2,19.0,19.0,18.0,13.772169707338037,13.772169707338037,14.46077819270494,Planner C
SKU0004@LOC02,2025-06-02,2025-05-12,3,11.0,19.0,14.0,13.772169707338037,13.772169707338037,14.46077819270494,Planner C
SKU0004@LOC02,2025-06-09,2025-05-12,4,13.0,19.0,4.0,13.772169707338037,13.772169707338037,14.46077819270494,Planner C
SKU0004@LOC02,2025-06-16,2025-06-09,1,15.0,13.0,16.0,14.395820544984486,14.395820544984486,15.115611572233712,Planner C
SKU0004@LOC02,2025-06-23,2025-06-09,2,21.0,13.0,10.0,14.395820544984486,14.395820544984486,15.115611572233712,Planner C
SKU0004@LOC02,2025-06-30,2025-06-09,3,15.0,13.0,10.0,14.395820544984486,14.395820544984486,15.115611572233712,Planner C
SKU0004@LOC02,2025-07-07,2025-06-09,4,9.0,13.0,10.0,14.395820544984486,14.395820544984486,15.115611572233712,Planner C
SKU0004@LOC02,2025-07-14,2025-07-07,1,11.0,9.0,14.0,14.489597859564322,14.489597859564322,15.214077752542538,Planner C
SKU0004@LOC02,2025-07-21,2025-07-07,2,12.0,9.0,12.0,14.489597859564322,18.556990992116077,19.484840541721884,Planner C
SKU0004@LOC02,2025-07-28,2025-07-07,3,14.0,9.0,14.0,14.489597859564322,14.489597859564322,15.214077752542538,Planner C
SKU0004@LOC02,2025-08-04,2025-07-07,4,10.0,9.0,6.0,14.489597859564322,20.488498285301247,21.51292319956631,Planner C
SKU0004@LOC02,2025-08-11,2025-08-04,1,10.0,10.0,12.0,13.54052515566015,13.54052515566015,14.217551413443159,Planner C
SKU0004@LOC02,2025-08-18,2025-08-04,2,12.0,10.0,11.0,13.54052515566015,13.54052515566015,14.217551413443159,Planner C
SKU0004@LOC02,2025-08-25,2025-08-04,3,24.0,10.0,24.0,13.54052515566015,14.013634881742659,14.714316625829793,Planner C
SKU0004@LOC02,2025-09-01,2025-08-04,4,15.0,10.0,4.0,13.54052515566015,13.54052515566015,14.217551413443159,Planner C
SKU0004@LOC02,2025-09-08,2025-09-01,1,7.0,15.0,17.0,14.244938554628623,10.777182934518155,11.316042081244063,Planner C
SKU0004@LOC02,2025-09-15,2025-09-01,2,18.0,15.0,15.0,14.244938554628623,14.244938554628623,14.957185482360055,Planner C
SKU0004@LOC02,2025-09-22,2025-09-01,3,20.0,15.0,8.0,14.244938554628623,14.544066604427972,15.271269934649371,Planner C
SKU0004@LOC02,2025-09-29,2025-09-01,4,14.0,15.0,10.0,14.244938554628623,14.244938554628623,14.957185482360055,Planner C
SKU0004@LOC02,2025-10-06,2025-09-29,1,6.0,14.0,11.0,14.514404185691841,18.840310910668897,19.782326456202345,Planner C
SKU0004@LOC02,2025-10-13,2025-09-29,2,14.0,14.0,7.0,14.514404185691841,14.514404185691841,15.240124394976434,Planner C
SKU0004@LOC02,2025-10-20,2025-09-29,3,11.0,14.0,12.0,14.514404185691841,14.514404185691841,15.240124394976434,Planner C
SKU0004@LOC02,2025-10-27,2025-09-29,4,17.0,14.0,8.0,14.514404185691841,14.514404185691841,15.240124394976434,Planner C
SKU0004@LOC02,2025-11-03,2025-10-27,1,6.0,17.0,16.0,13.784300586232415,13.784300586232415,14.473515615544036,Planner C
SKU0004@LOC02,2025-11-10,2025-10-27,2,21.0,17.0,18.0,13.784300586232415,13.784300586232415,14.473515615544036,Planner C
SKU0004@LOC02,2025-11-17,2025-10-27,3,8.0,17.0,10.0,13.784300586232415,13.784300586232415,14.473515615544036,Planner C
SKU0004@LOC02,2025-11-24,2025-10-27,4,12.0,17.0,23.0,13.784300586232415,15.39925793920682,16.16922083616716,Planner C
SKU0004@LOC02,2025-12-01,2025-11-24,1,18.0,12.0,11.0,13.102279614627086,13.102279614627086,13.757393595358442,Planner C
SKU0004@LOC02,2025-12-08,2025-11-24,2,14.0,12.0,11.0,13.102279614627086,15.963356944252434,16.761524791465057,Planner C
SKU0004@LOC02,2025-12-15,2025-11-24,3,22.0,12.0,10.0,13.102279614627086,13.102279614627086,13.757393595358442,Planner C
SKU0004@LOC02,2025-12-22,2025-11-24,4,8.0,12.0,6.0,13.102279614627086,12.36324963042188,12.981412111942975,Planner C
SKU0004@LOC03,2025-05-19,2025-05-12,1,24.0,27.0,7.0,21.172364309801054,21.172364309801054,22.230982525291108,Planner D
SKU0004@LOC03,2025-05-26,2025-05-12,2,19.0,27.0,16.0,21.172364309801054,21.172364309801054,22.230982525291108,Planner D
SKU0004@LOC03,2025-06-02,2025-05-12,3,18.0,27.0,21.0,21.172364309801054,21.172364309801054,22.230982525291108,Planner D
SKU0004@LOC03,2025-06-09,2025-05-12,4,28.0,27.0,8.0,21.172364309801054,21.172364309801054,22.230982525291108,Planner D
SKU0004@LOC03,2025-06-16,2025-06-09,1,11.0,28.0,15.0,21.59978822366047,21.59978822366047,22.679777634843497,Planner D
SKU0004@LOC03,2025-06-23,2025-06-09,2,13.0,28.0,27.0,21.59978822366047,21.59978822366047,22.679777634843497,Planner D
SKU0004@LOC03,2025-06-30,2025-06-09,3,14.0,28.0,17.0,21.59978822366047,21.59978822366047,22.679777634843497,Planner D
SKU0004@LOC03,2025-07-07,2025-06-09,4,11.0,28.0,20.0,21.59978822366047,21.59978822366047,22.679777634843497,Planner D
SKU0004@LOC03,2025-07-14,2025-07-07,1,25.0,11.0,16.0,18.386521053543635,18.386521053543635,19.305847106220817,Planner D
SKU0004@LOC03,2025-07-21,2025-07-07,2,14.0,11.0,33.0,18.386521053543635,20.86304923315478,21.90620169481252,Planner D
SKU0004@LOC03,2025-07-28,2025-07-07,3,28.0,11.0,30.0,18.386521053543635,22.378063690371746,23.496966874890333,Planner D
SKU0004@LOC03,2025-08-04,2025-07-07,4,19.0,11.0,15.0,18.386521053543635,28.02257966372926,29.423708646915724,Planner D
SKU0004@LOC03,2025-08-11,2025-08-04,1,22.0,19.0,12.0,19.43989646322998,19.43989646322998,20.41189128639148,Planner D
SKU0004@LOC03,2025-08-18,2025-08-04,2,35.0,19.0,14.0,19.43989646322998,19.43989646322998,20.41189128639148,Planner D
SKU0004@LOC03,2025-08-25,2025-08-04,3,20.0,19.0,22.0,19.43989646322998,19.43989646322998,20.41189128639148,Planner D
SKU0004@LOC03,2025-09-01,2025-08-04,4,10.0,19.0,23.0,19.43989646322998,19.43989646322998,20.41189128639148,Planner D
SKU0004@LOC03,2025-09-08,2025-09-01,1,38.0,10.0,18.0,19.993316069525193,19.993316069525193,20.992981873001455,Planner D
SKU0004@LOC03,2025-09-15,2025-09-01,2,19.0,10.0,21.0,19.993316069525193,19.993316069525193,20.992981873001455,Planner D
SKU0004@LOC03,2025-09-22,2025-09-01,3,19.0,10.0,28.0,19.993316069525193,19.993316069525193,20.992981873001455,Planner D
SKU0004@LOC03,2025-09-29,2025-09-01,4,22.0,10.0,15.0,19.993316069525193,16.76288906912356,17.601033522579737,Planner D
SKU0004@LOC03,2025-10-06,2025-09-29,1,27.0,22.0,20.0,21.33681467321548,21.33681467321548,22.403655406876254,Planner D
SKU0004@LOC03,2025-10-13,2025-09-29,2,14.0,22.0,14.0,21.33681467321548,21.33681467321548,22.403655406876254,Planner D
SKU0004@LOC03,2025-10-20,2025-09-29,3,10.0,22.0,16.0,21.33681467321548,14.423491819254032,15.144666410216734,Planner D
SKU0004@LOC03,2025-10-27,2025-09-29,4,27.0,22.0,29.0,21.33681467321548,29.891644623786515,31.386226854975842,Planner D
SKU0004@LOC03,2025-11-03,2025-10-27,1,22.0,27.0,19.0,20.478292494435287,20.478292494435287,21.502207119157053,Planner D
SKU0004@LOC03,2025-11-10,2025-10-27,2,34.0,27.0,44.0,20.478292494435287,20.478292494435287,21.502207119157053,Planner D
SKU0004@LOC03,2025-11-17,2025-10-27,3,28.0,27.0,18.0,20.478292494435287,20.478292494435287,21.502207119157053,Planner D
SKU0004@LOC03,2025-11-24,2025-10-27,4,32.0,27.0,25.0,20.478292494435287,20.478292494435287,21.502207119157053,Planner D
SKU0004@LOC03,2025-12-01,2025-11-24,1,12.0,32.0,16.0,23.659978112666124,23.659978112666124,24.842977018299433,Planner D
SKU0004@LOC03,2025-12-08,2025-11-24,2,10.0,32.0,15.0,23.659978112666124,23.659978112666124,24.842977018299433,Planner D
SKU0004@LOC03,2025-12-15,2025-11-24,3,20.0,32.0,14.0,23.659978112666124,23.659978112666124,24.842977018299433,Planner D
SKU0004@LOC03,2025-12-22,2025-11-24,4,13.0,32.0,18.0,23.659978112666124,23.659978112666124,24.842977018299433,Planner D
SKU0005@LOC01,2025-05-19,2025-05-12,1,2.0,6.0,5.0,9.41772654192542,9.41772654192542,9.41772654192542,Planner A
SKU0005@LOC01,2025-05-26,2025-05-12,2,12.0,6.0,2.0,9.41772654192542,9.41772654192542,9.41772654192542,Planner A
SKU0005@LOC01,2025-06-02,2025-05-12,3,3.0,6.0,8.0,9.41772654192542,9.41772654192542,9.41772654192542,Planner A
SKU0005@LOC01,2025-06-09,2025-05-12,4,7.0,6.0,7.0,9.41772654192542,9.41772654192542,9.41772654192542,Planner A
SKU0005@LOC01,2025-06-16,2025-06-09,1,6.0,7.0,11.0,8.790534629189143,7.125285634944765,7.125285634944765,Planner A
SKU0005@LOC01,2025-06-23,2025-06-09,2,5.0,7.0,4.0,8.790534629189143,8.790534629189143,8.790534629189143,Planner A
SKU0005@LOC01,2025-06-30,2025-06-09,3,8.0,7.0,9.0,8.790534629189143,8.790534629189143,8.790534629189143,Planner A
SKU0005@LOC01,2025-07-07,2025-06-09,4,6.0,7.0,4.0,8.790534629189143,11.39644465858502,11.39644465858502,Planner A
SKU0005@LOC01,2025-07-14,2025-07-07,1,5.0,6.0,4.0,8.32278289631599,8.32278289631599,8.32278289631599,Planner A
SKU0005@LOC01,2025-07-21,2025-07-07,2,8.0,6.0,9.0,8.32278289631599,8.32278289631599,8.32278289631599,Planner A
SKU0005@LOC01,2025-07-28,2025-07-07,3,12.0,6.0,10.0,8.32278289631599,12.930250570512086,12.930250570512086,Planner A
SKU0005@LOC01,2025-08-04,2025-07-07,4,5.0,6.0,4.0,8.32278289631599,8.32278289631599,8.32278289631599,Planner A
SKU0005@LOC01,2025-08-11,2025-08-04,1,9.0,5.0,4.0,8.174302436442476,8.174302436442476,8.174302436442476,Planner A
SKU0005@LOC01,2025-08-18,2025-08-04,2,12.0,5.0,21.0,8.174302436442476,11.584398764736934,11.584398764736934,Planner A
SKU0005@LOC01,2025-08-25,2025-08-04,3,7.0,5.0,9.0,8.174302436442476,8.174302436442476,8.174302436442476,Planner A
SKU0005@LOC01,2025-09-01,2025-08-04,4,14.0,5.0,6.0,8.174302436442476,8.174302436442476,8.174302436442476,Planner A
SKU0005@LOC01,2025-09-08,2025-09-01,1,13.0,14.0,8.0,8.617839173872625,8.617839173872625,8.617839173872625,Planner A
SKU0005@LOC01,2025-09-15,2025-09-01,2,16.0,14.0,4.0,8.617839173872625,8.617839173872625,8.617839173872625,Planner A
SKU0005@LOC01,2025-09-22,2025-09-01,3,8.0,14.0,6.0,8.617839173872625,8.617839173872625,8.617839173872625,Planner A
SKU0005@LOC01,2025-09-29,2025-09-01,4,10.0,14.0,12.0,8.617839173872625,9.618879592750037,9.618879592750037,Planner A
SKU0005@LOC01,2025-10-06,2025-09-29,1,12.0,10.0,13.0,9.178577618614089,9.178577618614089,9.178577618614089,Planner A
SKU0005@LOC01,2025-10-13,2025-09-29,2,16.0,10.0,7.0,9.178577618614089,9.178577618614089,9.178577618614089,Planner A
SKU0005@LOC01,2025-10-20,2025-09-29,3,9.0,10.0,4.0,9.178577618614089,8.461752856192625,8.461752856192625,Planner A
SKU0005@LOC01,2025-10-27,2025-09-29,4,14.0,10.0,12.0,9.178577618614089,9.178577618614089,9.178577618614089,Planner A
SKU0005@LOC01,2025-11-03,2025-10-27,1,16.0,14.0,11.0,9.83993383647129,15.55712425100246,15.55712425100246,Planner A
SKU0005@LOC01,2025-11-10,2025-10-27,2,17.0,14.0,8.0,9.83993383647129,9.83993383647129,9.83993383647129,Planner A
SKU0005@LOC01,2025-11-17,2025-10-27,3,11.0,14.0,7.0,9.83993383647129,9.83993383647129,9.83993383647129,Planner A
SKU0005@LOC01,2025-11-24,2025-10-27,4,11.0,14.0,13.0,9.83993383647129,9.83993383647129,9.83993383647129,Planner A
SKU0005@LOC01,2025-12-01,2025-11-24,1,9.0,11.0,15.0,11.660612988201716,10.283522031283777,10.283522031283777,Planner A
SKU0005@LOC01,2025-12-08,2025-11-24,2,12.0,11.0,8.0,11.660612988201716,11.660612988201716,11.660612988201716,Planner A
SKU0005@LOC01,2025-12-15,2025-11-24,3,7.0,11.0,3.0,11.660612988201716,17.14748182918235,17.14748182918235,Planner A
SKU0005@LOC01,2025-12-22,2025-11-24,4,16.0,11.0,7.0,11.660612988201716,10.870839712665292,10.870839712665292,Planner A
SKU0005@LOC02,2025-05-19,2025-05-12,1,8.0,11.0,2.0,9.501831816066158,16.90410711165926,16.90410711165926,Planner B
SKU0005@LOC02,2025-05-26,2025-05-12,2,9.0,11.0,11.0,9.501831816066158,9.501831816066158,9.501831816066158,Planner B
SKU0005@LOC02,2025-06-02,2025-05-12,3,7.0,11.0,8.0,9.501831816066158,6.842491014779865,6.842491014779865,Planner B
SKU0005@LOC02,2025-06-09,2025-05-12,4,2.0,11.0,0.0,9.501831816066158,9.501831816066158,9.501831816066158,Planner B
SKU0005@LOC02,2025-06-16,2025-06-09,1,8.0,2.0,3.0,7.8648405944353845,7.8648405944353845,7.8648405944353845,Planner B
SKU0005@LOC02,2025-06-23,2025-06-09,2,6.0,2.0,3.0,7.8648405944353845,8.267187771500403,8.267187771500403,Planner B
SKU0005@LOC02,2025-06-30,2025-06-09,3,6.0,2.0,11.0,7.8648405944353845,8.969479852282461,8.969479852282461,Planner B
SKU0005@LOC02,2025-07-07,2025-06-09,4,2.0,2.0,2.0,7.8648405944353845,8.82051577468158,8.82051577468158,Planner B
SKU0005@LOC02,2025-07-14,2025-07-07,1,2.0,2.0,8.0,6.557695945548986,6.557695945548986,6.557695945548986,Planner B
SKU0005@LOC02,2025-07-21,2025-07-07,2,8.0,2.0,9.0,6.557695945548986,6.557695945548986,6.557695945548986,Planner B
SKU0005@LOC02,2025-07-28,2025-07-07,3,2.0,2.0,6.0,6.557695945548986,2.4729902195368307,2.4729902195368307,Planner B
SKU0005@LOC02,2025-08-04,2025-07-07,4,9.0,2.0,1.0,6.557695945548986,6.557695945548986,6.557695945548986,Planner B
SKU0005@LOC02,2025-08-11,2025-08-04,1,3.0,9.0,4.0,6.07939576917623,9.44157982382746,9.44157982382746,Planner B
SKU0005@LOC02,2025-08-18,2025-08-04,2,3.0,9.0,2.0,6.07939576917623,6.07939576917623,6.07939576917623,Planner B
SKU0005@LOC02,2025-08-25,2025-08-04,3,7.0,9.0,4.0,6.07939576917623,6.07939576917623,6.07939576917623,Planner B
SKU0005@LOC02,2025-09-01,2025-08-04,4,19.0,9.0,5.0,6.07939576917623,6.07939576917623,6.07939576917623,Planner B
SKU0005@LOC02,2025-09-08,2025-09-01,1,11.0,19.0,4.0,7.517463837733549,7.517463837733549,7.517463837733549,Planner B
SKU0005@LOC02,2025-09-15,2025-09-01,2,13.0,19.0,3.0,7.517463837733549,7.517463837733549,7.517463837733549,Planner B
SKU0005@LOC02,2025-09-22,2025-09-01,3,10.0,19.0,8.0,7.517463837733549,11.039835371680859,11.039835371680859,Planner B
SKU0005@LOC02,2025-09-29,2025-09-01,4,9.0,19.0,8.0,7.517463837733549,4.036930029104859,4.036930029104859,Planner B
SKU0005@LOC02,2025-10-06,2025-09-29,1,10.0,9.0,12.0,9.461627975712338,18.67672372436748,18.67672372436748,Planner B
SKU0005@LOC02,2025-10-13,2025-09-29,2,11.0,9.0,9.0,9.461627975712338,9.461627975712338,9.461627975712338,Planner B
SKU0005@LOC02,2025-10-20,2025-09-29,3,7.0,9.0,6.0,9.461627975712338,9.461627975712338,9.461627975712338,Planner B
SKU0005@LOC02,2025-10-27,2025-09-29,4,9.0,9.0,8.0,9.461627975712338,9.461627975712338,9.461627975712338,Planner B
SKU0005@LOC02,2025-11-03,2025-10-27,1,7.0,9.0,8.0,9.227482818851772,9.227482818851772,9.227482818851772,Planner B
SKU0005@LOC02,2025-11-10,2025-10-27,2,5.0,9.0,9.0,9.227482818851772,10.542511246887658,10.542511246887658,Planner B
SKU0005@LOC02,2025-11-17,2025-10-27,3,3.0,9.0,8.0,9.227482818851772,9.227482818851772,9.227482818851772,Planner B
SKU0005@LOC02,2025-11-24,2025-10-27,4,14.0,9.0,6.0,9.227482818851772,12.499826729235494,12.499826729235494,Planner B
SKU0005@LOC02,2025-12-01,2025-11-24,1,12.0,14.0,3.0,8.387573933094789,9.925275092315287,9.925275092315287,Planner B
SKU0005@LOC02,2025-12-08,2025-11-24,2,7.0,14.0,11.0,8.387573933094789,8.387573933094789,8.387573933094789,Planner B
SKU0005@LOC02,2025-12-15,2025-11-24,3,12.0,14.0,10.0,8.387573933094789,8.387573933094789,8.387573933094789,Planner B
SKU0005@LOC02,2025-12-22,2025-11-24,4,18.0,14.0,9.0,8.387573933094789,8.387573933094789,8.387573933094789,Planner B
SKU0005@LOC03,2025-05-19,2025-05-12,1,7.0,11.0,5.0,12.636111915390247,13.154273781541246,13.154273781541246,Planner C
SKU0005@LOC03,2025-05-26,2025-05-12,2,7.0,11.0,8.0,12.636111915390247,12.636111915390247,12.636111915390247,Planner C
SKU0005@LOC03,2025-06-02,2025-05-12,3,11.0,11.0,11.0,12.636111915390247,9.36757750333727,9.36757750333727,Planner C
SKU0005@LOC03,2025-06-09,2025-05-12,4,4.0,11.0,4.0,12.636111915390247,12.636111915390247,12.636111915390247,Planner C
SKU0005@LOC03,2025-06-16,2025-06-09,1,10.0,4.0,6.0,10.00208564553318,10.00208564553318,10.00208564553318,Planner C
SKU0005@LOC03,2025-06-23,2025-06-09,2,13.0,4.0,5.0,10.00208564553318,9.10580341859683,9.10580341859683,Planner C
SKU0005@LOC03,2025-06-30,2025-06-09,3,8.0,4.0,4.0,10.00208564553318,8.560363702651735,8.560363702651735,Planner C
SKU0005@LOC03,2025-07-07,2025-06-09,4,24.0,4.0,9.0,10.00208564553318,18.69823441477036,18.69823441477036,Planner C
SKU0005@LOC03,2025-07-14,2025-07-07,1,6.0,24.0,6.0,12.171213720003603,12.171213720003603,12.171213720003603,Planner C
SKU0005@LOC03,2025-07-21,2025-07-07,2,6.0,24.0,6.0,12.171213720003603,12.171213720003603,12.171213720003603,Planner C
SKU0005@LOC03,2025-07-28,2025-07-07,3,22.0,24.0,9.0,12.171213720003603,12.171213720003603,12.171213720003603,Planner C
SKU0005@LOC03,2025-08-04,2025-07-07,4,8.0,24.0,8.0,12.171213720003603,12.171213720003603,12.171213720003603,Planner C
SKU0005@LOC03,2025-08-11,2025-08-04,1,9.0,8.0,8.0,11.561412131927632,11.561412131927632,11.561412131927632,Planner C
SKU0005@LOC03,2025-08-18,2025-08-04,2,11.0,8.0,7.0,11.561412131927632,13.619598906243567,13.619598906243567,Planner C
SKU0005@LOC03,2025-08-25,2025-08-04,3,14.0,8.0,18.0,11.561412131927632,11.561412131927632,11.561412131927632,Planner C
SKU0005@LOC03,2025-09-01,2025-08-04,4,21.0,8.0,6.0,11.561412131927632,11.561412131927632,11.561412131927632,Planner C
SKU0005@LOC03,2025-09-08,2025-09-01,1,12.0,21.0,7.0,12.991323141692048,12.991323141692048,12.991323141692048,Planner C
SKU0005@LOC03,2025-09-15,2025-09-01,2,15.0,21.0,4.0,12.991323141692048,12.991323141692048,12.991323141692048,Planner C
SKU0005@LOC03,2025-09-22,2025-09-01,3,7.0,21.0,9.0,12.991323141692048,12.991323141692048,12.991323141692048,Planner C
SKU0005@LOC03,2025-09-29,2025-09-01,4,9.0,21.0,10.0,12.991323141692048,12.991323141692048,12.991323141692048,Planner C
SKU0005@LOC03,2025-10-06,2025-09-29,1,5.0,9.0,13.0,11.755101875732883,16.078088937077016,16.078088937077016,Planner C
SKU0005@LOC03,2025-10-13,2025-09-29,2,17.0,9.0,12.0,11.755101875732883,11.755101875732883,11.755101875732883,Planner C
SKU0005@LOC03,2025-10-20,2025-09-29,3,5.0,9.0,9.0,11.755101875732883,11.755101875732883,11.755101875732883,Planner C
SKU0005@LOC03,2025-10-27,2025-09-29,4,23.0,9.0,14.0,11.755101875732883,11.755101875732883,11.755101875732883,Planner C
SKU0005@LOC03,2025-11-03,2025-10-27,1,9.0,23.0,6.0,12.526705398519288,19.6417839690871,19.6417839690871,Planner C
SKU0005@LOC03,2025-11-10,2025-10-27,2,20.0,23.0,7.0,12.526705398519288,18.33861130014188,18.33861130014188,Planner C
SKU0005@LOC03,2025-11-17,2025-10-27,3,4.0,23.0,8.0,12.526705398519288,12.864045195461653,12.864045195461653,Planner C
SKU0005@LOC03,2025-11-24,2025-10-27,4,10.0,23.0,7.0,12.526705398519288,12.526705398519288,12.526705398519288,Planner C
SKU0005@LOC03,2025-12-01,2025-11-24,1,11.0,10.0,9.0,11.545587259935811,11.545587259935811,11.545587259935811,Planner C
SKU0005@LOC03,2025-12-08,2025-11-24,2,10.0,10.0,15.0,11.545587259935811,11.545587259935811,11.545587259935811,Planner C
SKU0005@LOC03,2025-12-15,2025-11-24,3,14.0,10.0,11.0,11.545587259935811,11.545587259935811,11.545587259935811,Planner C
SKU0005@LOC03,2025-12-22,2025-11-24,4,22.0,10.0,9.0,11.545587259935811,11.545587259935811,11.545587259935811,Planner C
SKU0006@LOC01,2025-05-19,2025-05-12,1,0.0,0.0,0.0,1.4281332031225018,1.4281332031225018,1.4281332031225018,Planner D
SKU0006@LOC01,2025-05-26,2025-05-12,2,0.0,0.0,0.0,1.4281332031225018,1.000640841400792,1.000640841400792,Planner D
SKU0006@LOC01,2025-06-02,2025-05-12,3,0.0,0.0,0.0,1.4281332031225018,1.4281332031225018,1.4281332031225018,Planner D
SKU0006@LOC01,2025-06-09,2025-05-12,4,8.0,0.0,0.0,1.4281332031225018,1.4281332031225018,1.4281332031225018,Planner D
SKU0006@LOC01,2025-06-16,2025-06-09,1,0.0,8.0,0.0,1.3296972253099724,1.3937315870506162,1.3937315870506162,Planner D
SKU0006@LOC01,2025-06-23,2025-06-09,2,0.0,8.0,0.0,1.3296972253099724,1.3296972253099724,1.3296972253099724,Planner D
SKU0006@LOC01,2025-06-30,2025-06-09,3,0.0,8.0,0.0,1.3296972253099724,1.3296972253099724,1.3296972253099724,Planner D
SKU0006@LOC01,2025-07-07,2025-06-09,4,0.0,8.0,0.0,1.3296972253099724,1.326365497157096,1.326365497157096,Planner D
SKU0006@LOC01,2025-07-14,2025-07-07,1,0.0,0.0,0.0,1.3296972253099724,1.3296972253099724,1.3296972253099724,Planner D
SKU0006@LOC01,2025-07-21,2025-07-07,2,0.0,0.0,0.0,1.3296972253099724,1.3296972253099724,1.3296972253099724,Planner D
SKU0006@LOC01,2025-07-28,2025-07-07,3,0.0,0.0,0.0,1.3296972253099724,1.3296972253099724,1.3296972253099724,Planner D
SKU0006@LOC01,2025-08-04,2025-07-07,4,4.0,0.0,0.0,1.3296972253099724,1.3296972253099724,1.3296972253099724,Planner D
SKU0006@LOC01,2025-08-11,2025-08-04,1,0.0,4.0,0.0,1.2076629735197266,1.2076629735197266,1.2076629735197266,Planner D
SKU0006@LOC01,2025-08-18,2025-08-04,2,0.0,4.0,0.0,1.2076629735197266,1.2076629735197266,1.2076629735197266,Planner D
SKU0006@LOC01,2025-08-25,2025-08-04,3,0.0,4.0,0.0,1.2076629735197266,1.2076629735197266,1.2076629735197266,Planner D
SKU0006@LOC01,2025-09-01,2025-08-04,4,0.0,4.0,7.0,1.2076629735197266,1.2076629735197266,1.2076629735197266,Planner D
SKU0006@LOC01,2025-09-08,2025-09-01,1,0.0,0.0,0.0,1.2076629735197266,1.2076629735197266,1.2076629735197266,Planner D
SKU0006@LOC01,2025-09-15,2025-09-01,2,0.0,0.0,0.0,1.2076629735197266,1.2076629735197266,1.2076629735197266,Planner D
SKU0006@LOC01,2025-09-22,2025-09-01,3,0.0,0.0,12.0,1.2076629735197266,1.2076629735197266,1.2076629735197266,Planner D
SKU0006@LOC01,2025-09-29,2025-09-01,4,5.0,0.0,5.0,1.2076629735197266,1.2076629735197266,1.2076629735197266,Planner D
SKU0006@LOC01,2025-10-06,2025-09-29,1,0.0,5.0,0.0,1.1236041546556594,1.1236041546556594,1.1236041546556594,Planner D
SKU0006@LOC01,2025-10-13,2025-09-29,2,0.0,5.0,0.0,1.1236041546556594,1.1236041546556594,1.1236041546556594,Planner D
SKU0006@LOC01,2025-10-20,2025-09-29,3,0.0,5.0,0.0,1.1236041546556594,1.1236041546556594,1.1236041546556594,Planner D
SKU0006@LOC01,2025-10-27,2025-09-29,4,0.0,5.0,0.0,1.1236041546556594,1.1236041546556594,1.1236041546556594,Planner D
SKU0006@LOC01,2025-11-03,2025-10-27,1,0.0,0.0,0.0,1.1236041546556594,1.1236041546556594,1.1236041546556594,Planner D
SKU0006@LOC01,2025-11-10,2025-10-27,2,0.0,0.0,8.0,1.1236041546556594,1.1236041546556594,1.1236041546556594,Planner D
SKU0006@LOC01,2025-11-17,2025-10-27,3,0.0,0.0,0.0,1.1236041546556594,1.1236041546556594,1.1236041546556594,Planner D
SKU0006@LOC01,2025-11-24,2025-10-27,4,8.0,0.0,7.0,1.1236041546556594,1.1236041546556594,1.1236041546556594,Planner D
SKU0006@LOC01,2025-12-01,2025-11-24,1,0.0,8.0,9.0,1.1006801720577948,1.1006801720577948,1.1006801720577948,Planner D
SKU0006@LOC01,2025-12-08,2025-11-24,2,0.0,8.0,0.0,1.1006801720577948,1.2935872748068675,1.2935872748068675,Planner D
SKU0006@LOC01,2025-12-15,2025-11-24,3,0.0,8.0,0.0,1.1006801720577948,1.3074724699382863,1.3074724699382863,Planner D
SKU0006@LOC01,2025-12-22,2025-11-24,4,0.0,8.0,0.0,1.1006801720577948,1.1006801720577948,1.1006801720577948,Planner D
SKU0006@LOC02,2025-05-19,2025-05-12,1,0.0,0.0,5.0,1.575904551049002,2.118647249246492,2.118647249246492,Planner A
SKU0006@LOC02,2025-05-26,2025-05-12,2,3.0,0.0,0.0,1.575904551049002,2.850298179836432,2.850298179836432,Planner A
SKU0006@LOC02,2025-06-02,2025-05-12,3,0.0,0.0,0.0,1.575904551049002,1.575904551049002,1.575904551049002,Planner A
SKU0006@LOC02,2025-06-09,2025-05-12,4,3.0,0.0,6.0,1.575904551049002,2.1660552293805857,2.1660552293805857,Planner A
SKU0006@LOC02,2025-06-16,2025-06-09,1,0.0,3.0,0.0,1.5142326388641982,1.5142326388641982,1.5142326388641982,Planner A
SKU0006@LOC02,2025-06-23,2025-06-09,2,0.0,3.0,0.0,1.5142326388641982,1.5142326388641982,1.5142326388641982,Planner A
SKU0006@LOC02,2025-06-30,2025-06-09,3,4.0,3.0,0.0,1.5142326388641982,2.5114615440916515,2.5114615440916515,Planner A
SKU0006@LOC02,2025-07-07,2025-06-09,4,0.0,3.0,10.0,1.5142326388641982,1.5142326388641982,1.5142326388641982,Planner A
SKU0006@LOC02,2025-07-14,2025-07-07,1,0.0,0.0,0.0,1.4910713391716206,1.4910713391716206,1.4910713391716206,Planner A
SKU0006@LOC02,2025-07-21,2025-07-07,2,0.0,0.0,0.0,1.4910713391716206,1.4910713391716206,1.4910713391716206,Planner A
SKU0006@LOC02,2025-07-28,2025-07-07,3,5.0,0.0,0.0,1.4910713391716206,2.144334857626318,2.144334857626318,Planner A
SKU0006@LOC02,2025-08-04,2025-07-07,4,0.0,0.0,4.0,1.4910713391716206,1.4910713391716206,1.4910713391716206,Planner A
SKU0006@LOC02,2025-08-11,2025-08-04,1,2.0,0.0,5.0,1.4541177025342717,1.1796163877831574,1.1796163877831574,Planner A
SKU0006@LOC02,2025-08-18,2025-08-04,2,0.0,0.0,0.0,1.4541177025342717,1.4541177025342717,1.4541177025342717,Planner A
SKU0006@LOC02,2025-08-25,2025-08-04,3,0.0,0.0,0.0,1.4541177025342717,1.4541177025342717,1.4541177025342717,Planner A
SKU0006@LOC02,2025-09-01,2025-08-04,4,2.0,0.0,4.0,1.4541177025342717,1.4541177025342717,1.4541177025342717,Planner A
SKU0006@LOC02,2025-09-08,2025-09-01,1,5.0,2.0,0.0,1.346856217490886,1.346856217490886,1.346856217490886,Planner A
SKU0006@LOC02,2025-09-15,2025-09-01,2,5.0,2.0,4.0,1.346856217490886,1.346856217490886,1.346856217490886,Planner A
SKU0006@LOC02,2025-09-22,2025-09-01,3,5.0,2.0,0.0,1.346856217490886,1.346856217490886,1.346856217490886,Planner A
SKU0006@LOC02,2025-09-29,2025-09-01,4,0.0,2.0,0.0,1.346856217490886,1.346856217490886,1.346856217490886,Planner A
SKU0006@LOC02,2025-10-06,2025-09-29,1,0.0,0.0,5.0,1.7069347434568813,1.7069347434568813,1.7069347434568813,Planner A
SKU0006@LOC02,2025-10-13,2025-09-29,2,4.0,0.0,4.0,1.7069347434568813,1.7069347434568813,1.7069347434568813,Planner A
SKU0006@LOC02,2025-10-20,2025-09-29,3,0.0,0.0,0.0,1.7069347434568813,2.0675875447977963,2.0675875447977963,Planner A
SKU0006@LOC02,2025-10-27,2025-09-29,4,0.0,0.0,0.0,1.7069347434568813,1.4236676176659047,1.4236676176659047,Planner A
SKU0006@LOC02,2025-11-03,2025-10-27,1,6.0,0.0,5.0,1.6562345595749324,1.6562345595749324,1.6562345595749324,Planner A
SKU0006@LOC02,2025-11-10,2025-10-27,2,0.0,0.0,0.0,1.6562345595749324,2.391352841679213,2.391352841679213,Planner A
SKU0006@LOC02,2025-11-17,2025-10-27,3,7.0,0.0,7.0,1.6562345595749324,3.5336283488457907,3.5336283488457907,Planner A
SKU0006@LOC02,2025-11-24,2025-10-27,4,0.0,0.0,0.0,1.6562345595749324,1.6562345595749324,1.6562345595749324,Planner A
SKU0006@LOC02,2025-12-01,2025-11-24,1,0.0,0.0,0.0,1.8110973775980594,1.8110973775980594,1.8110973775980594,Planner A
SKU0006@LOC02,2025-12-08,2025-11-24,2,0.0,0.0,0.0,1.8110973775980594,1.8110973775980594,1.8110973775980594,Planner A
SKU0006@LOC02,2025-12-15,2025-11-24,3,0.0,0.0,0.0,1.8110973775980594,1.8110973775980594,1.8110973775980594,Planner A
SKU0006@LOC02,2025-12-22,2025-11-24,4,2.0,0.0,0.0,1.8110973775980594,1.8110973775980594,1.8110973775980594,Planner A
SKU0006@LOC03,2025-05-19,2025-05-12,1,3.0,4.0,2.0,1.4853913874920914,1.843280445782372,1.843280445782372,Planner B
SKU0006@LOC03,2025-05-26,2025-05-12,2,5.0,4.0,2.0,1.4853913874920914,1.4853913874920914,1.4853913874920914,Planner B
SKU0006@LOC03,2025-06-02,2025-05-12,3,0.0,4.0,5.0,1.4853913874920914,1.4853913874920914,1.4853913874920914,Planner B
SKU0006@LOC03,2025-06-09,2025-05-12,4,2.0,4.0,0.0,1.4853913874920914,2.396155754147483,2.396155754147483,Planner B
SKU0006@LOC03,2025-06-16,2025-06-09,1,2.0,2.0,1.0,1.654475746852048,1.654475746852048,1.654475746852048,Planner B
SKU0006@LOC03,2025-06-23,2025-06-09,2,3.0,2.0,0.0,1.654475746852048,1.654475746852048,1.654475746852048,Planner B
SKU0006@LOC03,2025-06-30,2025-06-09,3,2.0,2.0,2.0,1.654475746852048,1.654475746852048,1.654475746852048,Planner B
SKU0006@LOC03,2025-07-07,2025-06-09,4,2.0,2.0,3.0,1.654475746852048,2.309115826603893,2.309115826603893,Planner B
SKU0006@LOC03,2025-07-14,2025-07-07,1,4.0,2.0,0.0,1.7622531288229948,2.1776021985062997,2.1776021985062997,Planner B
SKU0006@LOC03,2025-07-21,2025-07-07,2,0.0,2.0,3.0,1.7622531288229948,1.7622531288229948,1.7622531288229948,Planner B
SKU0006@LOC03,2025-07-28,2025-07-07,3,0.0,2.0,0.0,1.7622531288229948,1.1636225759649537,1.1636225759649537,Planner B
SKU0006@LOC03,2025-08-04,2025-07-07,4,0.0,2.0,3.0,1.7622531288229948,2.1335982141173817,2.1335982141173817,Planner B
SKU0006@LOC03,2025-08-11,2025-08-04,1,0.0,0.0,5.0,1.9030146052356252,1.4384160160393225,1.4384160160393225,Planner B
SKU0006@LOC03,2025-08-18,2025-08-04,2,0.0,0.0,5.0,1.9030146052356252,1.9030146052356252,1.9030146052356252,Planner B
SKU0006@LOC03,2025-08-25,2025-08-04,3,0.0,0.0,2.0,1.9030146052356252,1.9030146052356252,1.9030146052356252,Planner B
SKU0006@LOC03,2025-09-01,2025-08-04,4,1.0,0.0,0.0,1.9030146052356252,1.9030146052356252,1.9030146052356252,Planner B
SKU0006@LOC03,2025-09-08,2025-09-01,1,0.0,1.0,3.0,1.2853531077627267,1.6968719724967678,1.6968719724967678,Planner B
SKU0006@LOC03,2025-09-15,2025-09-01,2,2.0,1.0,4.0,1.2853531077627267,1.7830589666871428,1.7830589666871428,Planner B
SKU0006@LOC03,2025-09-22,2025-09-01,3,3.0,1.0,4.0,1.2853531077627267,1.2853531077627267,1.2853531077627267,Planner B
SKU0006@LOC03,2025-09-29,2025-09-01,4,2.0,1.0,0.0,1.2853531077627267,1.2853531077627267,1.2853531077627267,Planner B
SKU0006@LOC03,2025-10-06,2025-09-29,1,1.0,2.0,0.0,1.3670014380372943,1.3670014380372943,1.3670014380372943,Planner B
SKU0006@LOC03,2025-10-13,2025-09-29,2,3.0,2.0,0.0,1.3670014380372943,1.3670014380372943,1.3670014380372943,Planner B
SKU0006@LOC03,2025-10-20,2025-09-29,3,0.0,2.0,0.0,1.3670014380372943,1.3670014380372943,1.3670014380372943,Planner B
SKU0006@LOC03,2025-10-27,2025-09-29,4,3.0,2.0,2.0,1.3670014380372943,1.7355578624780188,1.7355578624780188,Planner B
SKU0006@LOC03,2025-11-03,2025-10-27,1,3.0,3.0,3.0,1.43277604884874,1.43277604884874,1.43277604884874,Planner B
SKU0006@LOC03,2025-11-10,2025-10-27,2,3.0,3.0,2.0,1.43277604884874,1.43277604884874,1.43277604884874,Planner B
SKU0006@LOC03,2025-11-17,2025-10-27,3,0.0,3.0,1.0,1.43277604884874,1.43277604884874,1.43277604884874,Planner B
SKU0006@LOC03,2025-11-24,2025-10-27,4,2.0,3.0,0.0,1.43277604884874,1.43277604884874,1.43277604884874,Planner B
SKU0006@LOC03,2025-12-01,2025-11-24,1,4.0,2.0,0.0,1.523639966343389,1.523639966343389,1.523639966343389,Planner B
SKU0006@LOC03,2025-12-08,2025-11-24,2,0.0,2.0,2.0,1.523639966343389,1.523639966343389,1.523639966343389,Planner B
SKU0006@LOC03,2025-12-15,2025-11-24,3,0.0,2.0,0.0,1.523639966343389,1.523639966343389,1.523639966343389,Planner B
SKU0006@LOC03,2025-12-22,2025-11-24,4,5.0,2.0,2.0,1.523639966343389,1.523639966343389,1.523639966343389,Planner B
SKU0007@LOC01,2025-05-19,2025-05-12,1,20.0,23.0,36.0,26.50562036958288,26.50562036958288,27.830901388062024,Planner C
SKU0007@LOC01,2025-05-26,2025-05-12,2,26.0,23.0,18.0,26.50562036958288,26.50562036958288,27.830901388062024,Planner C
SKU0007@LOC01,2025-06-02,2025-05-12,3,18.0,23.0,21.0,26.50562036958288,26.50562036958288,27.830901388062024,Planner C
SKU0007@LOC01,2025-06-09,2025-05-12,4,11.0,23.0,7.0,26.50562036958288,26.50562036958288,27.830901388062024,Planner C
SKU0007@LOC01,2025-06-16,2025-06-09,1,29.0,11.0,23.0,20.27716894506333,20.27716894506333,21.291027392316497,Planner C
SKU0007@LOC01,2025-06-23,2025-06-09,2,10.0,11.0,22.0,20.27716894506333,20.27716894506333,21.291027392316497,Planner C
SKU0007@LOC01,2025-06-30,2025-06-09,3,15.0,11.0,21.0,20.27716894506333,25.118753381414614,26.374691050485346,Planner C
SKU0007@LOC01,2025-07-07,2025-06-09,4,15.0,11.0,15.0,20.27716894506333,20.27716894506333,21.291027392316497,Planner C
SKU0007@LOC01,2025-07-14,2025-07-07,1,17.0,15.0,21.0,17.443166736523942,17.443166736523942,18.31532507335014,Planner C
SKU0007@LOC01,2025-07-21,2025-07-07,2,15.0,15.0,21.0,17.443166736523942,17.443166736523942,18.31532507335014,Planner C
SKU0007@LOC01,2025-07-28,2025-07-07,3,16.0,15.0,18.0,17.443166736523942,18.714849630732836,19.65059211226948,Planner C
SKU0007@LOC01,2025-08-04,2025-07-07,4,15.0,15.0,16.0,17.443166736523942,17.443166736523942,18.31532507335014,Planner C
SKU0007@LOC01,2025-08-11,2025-08-04,1,17.0,15.0,19.0,16.171470725228275,13.68070613464951,14.364741441381986,Planner C
SKU0007@LOC01,2025-08-18,2025-08-04,2,14.0,15.0,13.0,16.171470725228275,9.831470282462229,10.32304379658534,Planner C
SKU0007@LOC01,2025-08-25,2025-08-04,3,21.0,15.0,14.0,16.171470725228275,16.171470725228275,16.980044261489688,Planner C
SKU0007@LOC01,2025-09-01,2025-08-04,4,15.0,15.0,4.0,16.171470725228275,16.171470725228275,16.980044261489688,Planner C
SKU0007@LOC01,2025-09-08,2025-09-01,1,6.0,15.0,16.0,16.56597315915426,16.56597315915426,17.394271817111974,Planner C
SKU0007@LOC01,2025-09-15,2025-09-01,2,20.0,15.0,7.0,16.56597315915426,16.56597315915426,17.394271817111974,Planner C
SKU0007@LOC01,2025-09-22,2025-09-01,3,22.0,15.0,12.0,16.56597315915426,19.46494490577004,20.43819215105854,Planner C
SKU0007@LOC01,2025-09-29,2025-09-01,4,9.0,15.0,13.0,16.56597315915426,22.543073098328335,23.67022675324475,Planner C
SKU0007@LOC01,2025-10-06,2025-09-29,1,11.0,9.0,15.0,15.061889944888652,15.061889944888652,15.814984442133085,Planner C
SKU0007@LOC01,2025-10-13,2025-09-29,2,10.0,9.0,19.0,15.061889944888652,15.061889944888652,15.814984442133085,Planner C
SKU0007@LOC01,2025-10-20,2025-09-29,3,14.0,9.0,26.0,15.061889944888652,15.061889944888652,15.814984442133085,Planner C
SKU0007@LOC01,2025-10-27,2025-09-29,4,15.0,9.0,7.0,15.061889944888652,15.061889944888652,15.814984442133085,Planner C
SKU0007@LOC01,2025-11-03,2025-10-27,1,24.0,15.0,15.0,13.707082365374927,13.707082365374927,14.392436483643673,Planner C
SKU0007@LOC01,2025-11-10,2025-10-27,2,14.0,15.0,13.0,13.707082365374927,13.707082365374927,14.392436483643673,Planner C
SKU0007@LOC01,2025-11-17,2025-10-27,3,13.0,15.0,20.0,13.707082365374927,13.707082365374927,14.392436483643673,Planner C
SKU0007@LOC01,2025-11-24,2025-10-27,4,18.0,15.0,16.0,13.707082365374927,13.707082365374927,14.392436483643673,Planner C
SKU0007@LOC01,2025-12-01,2025-11-24,1,27.0,18.0,30.0,15.774506529669411,15.774506529669411,16.563231856152882,Planner C
SKU0007@LOC01,2025-12-08,2025-11-24,2,21.0,18.0,22.0,15.774506529669411,15.774506529669411,16.563231856152882,Planner C
SKU0007@LOC01,2025-12-15,2025-11-24,3,16.0,18.0,30.0,15.774506529669411,15.774506529669411,16.563231856152882,Planner C
SKU0007@LOC01,2025-12-22,2025-11-24,4,18.0,18.0,30.0,15.774506529669411,21.584007501089083,22.663207876143538,Planner C
SKU0007@LOC02,2025-05-19,2025-05-12,1,18.0,21.0,21.0,22.180842531477694,22.180842531477694,23.28988465805158,Planner D
SKU0007@LOC02,2025-05-26,2025-05-12,2,31.0,21.0,17.0,22.180842531477694,22.180842531477694,23.28988465805158,Planner D
SKU0007@LOC02,2025-06-02,2025-05-12,3,19.0,21.0,40.0,22.180842531477694,22.180842531477694,23.28988465805158,Planner D
SKU0007@LOC02,2025-06-09,2025-05-12,4,13.0,21.0,17.0,22.180842531477694,22.180842531477694,23.28988465805158,Planner D
SKU0007@LOC02,2025-06-16,2025-06-09,1,12.0,13.0,19.0,20.088469707225364,20.088469707225364,21.092893192586633,Planner D
SKU0007@LOC02,2025-06-23,2025-06-09,2,11.0,13.0,19.0,20.088469707225364,20.088469707225364,21.092893192586633,Planner D
SKU0007@LOC02,2025-06-30,2025-06-09,3,14.0,13.0,7.0,20.088469707225364,19.21260825664055,20.17323866947258,Planner D
SKU0007@LOC02,2025-07-07,2025-06-09,4,17.0,13.0,14.0,20.088469707225364,20.088469707225364,21.092893192586633,Planner D
SKU0007@LOC02,2025-07-14,2025-07-07,1,17.0,17.0,20.0,16.043617368301778,16.043617368301778,16.845798236716867,Planner D
SKU0007@LOC02,2025-07-21,2025-07-07,2,14.0,17.0,17.0,16.043617368301778,16.043617368301778,16.845798236716867,Planner D
SKU0007@LOC02,2025-07-28,2025-07-07,3,5.0,17.0,6.0,16.043617368301778,18.08153205251807,18.985608655143974,Planner D
SKU0007@LOC02,2025-08-04,2025-07-07,4,12.0,17.0,10.0,16.043617368301778,18.365223912141577,19.283485107748657,Planner D
SKU0007@LOC02,2025-08-11,2025-08-04,1,12.0,12.0,5.0,12.204060954867117,12.204060954867117,12.814264002610473,Planner D
SKU0007@LOC02,2025-08-18,2025-08-04,2,7.0,12.0,25.0,12.204060954867117,12.204060954867117,12.814264002610473,Planner D
SKU0007@LOC02,2025-08-25,2025-08-04,3,8.0,12.0,4.0,12.204060954867117,12.204060954867117,12.814264002610473,Planner D
SKU0007@LOC02,2025-09-01,2025-08-04,4,10.0,12.0,9.0,12.204060954867117,12.204060954867117,12.814264002610473,Planner D
SKU0007@LOC02,2025-09-08,2025-09-01,1,17.0,10.0,6.0,9.873995035263594,9.873995035263594,10.367694787026775,Planner D
SKU0007@LOC02,2025-09-15,2025-09-01,2,6.0,10.0,10.0,9.873995035263594,9.873995035263594,10.367694787026775,Planner D
SKU0007@LOC02,2025-09-22,2025-09-01,3,18.0,10.0,8.0,9.873995035263594,9.873995035263594,10.367694787026775,Planner D
SKU0007@LOC02,2025-09-29,2025-09-01,4,17.0,10.0,12.0,9.873995035263594,11.634182089341493,12.215891193808568,Planner D
SKU0007@LOC02,2025-10-06,2025-09-29,1,10.0,17.0,16.0,13.882046207966788,13.882046207966788,14.576148518365128,Planner D
SKU0007@LOC02,2025-10-13,2025-09-29,2,7.0,17.0,5.0,13.882046207966788,13.882046207966788,14.576148518365128,Planner D
SKU0007@LOC02,2025-10-20,2025-09-29,3,10.0,17.0,11.0,13.882046207966788,13.882046207966788,14.576148518365128,Planner D
SKU0007@LOC02,2025-10-27,2025-09-29,4,18.0,17.0,8.0,13.882046207966788,13.882046207966788,14.576148518365128,Planner D
SKU0007@LOC02,2025-11-03,2025-10-27,1,22.0,18.0,18.0,12.691322022044108,20.031918289678217,21.033514204162127,Planner D
SKU0007@LOC02,2025-11-10,2025-10-27,2,8.0,18.0,18.0,12.691322022044108,12.691322022044108,13.325888123146314,Planner D
SKU0007@LOC02,2025-11-17,2025-10-27,3,18.0,18.0,9.0,12.691322022044108,14.756091244179395,15.493895806388364,Planner D
SKU0007@LOC02,2025-11-24,2025-10-27,4,14.0,18.0,16.0,12.691322022044108,20.73283748690541,21.76947936125068,Planner D
SKU0007@LOC02,2025-12-01,2025-11-24,1,20.0,14.0,23.0,14.335926108537395,14.335926108537395,15.052722413964265,Planner D
SKU0007@LOC02,2025-12-08,2025-11-24,2,27.0,14.0,25.0,14.335926108537395,14.335926108537395,15.052722413964265,Planner D
SKU0007@LOC02,2025-12-15,2025-11-24,3,11.0,14.0,17.0,14.335926108537395,14.335926108537395,15.052722413964265,Planner D
SKU0007@LOC02,2025-12-22,2025-11-24,4,22.0,14.0,21.0,14.335926108537395,14.335926108537395,15.052722413964265,Planner D
SKU0007@LOC03,2025-05-19,2025-05-12,1,22.0,27.0,21.0,29.541391985454187,29.541391985454187,31.018461584726897,Planner A
SKU0007@LOC03,2025-05-26,2025-05-12,2,18.0,27.0,15.0,29.541391985454187,29.541391985454187,31.018461584726897,Planner A
SKU0007@LOC03,2025-06-02,2025-05-12,3,29.0,27.0,23.0,29.541391985454187,26.768436499478607,28.10685832445254,Planner A
SKU0007@LOC03,2025-06-09,2025-05-12,4,41.0,27.0,20.0,29.541391985454187,35.390834970984656,37.16037671953389,Planner A
SKU0007@LOC03,2025-06-16,2025-06-09,1,13.0,41.0,29.0,30.997185603103482,30.997185603103482,32.54704488325866,Planner A
SKU0007@LOC03,2025-06-23,2025-06-09,2,24.0,41.0,14.0,30.997185603103482,30.997185603103482,32.54704488325866,Planner A
SKU0007@LOC03,2025-06-30,2025-06-09,3,22.0,41.0,17.0,30.997185603103482,41.626669874933555,43.70800336868023,Planner A
SKU0007@LOC03,2025-07-07,2025-06-09,4,22.0,41.0,24.0,30.997185603103482,30.997185603103482,32.54704488325866,Planner A
SKU0007@LOC03,2025-07-14,2025-07-07,1,11.0,22.0,30.0,23.036735112563992,23.036735112563992,24.18857186819219,Planner A
SKU0007@LOC03,2025-07-21,2025-07-07,2,12.0,22.0,16.0,23.036735112563992,16.459009718503612,17.281960204428792,Planner A
SKU0007@LOC03,2025-07-28,2025-07-07,3,20.0,22.0,19.0,23.036735112563992,23.036735112563992,24.18857186819219,Planner A
SKU0007@LOC03,2025-08-04,2025-07-07,4,10.0,22.0,17.0,23.036735112563992,23.036735112563992,24.18857186819219,Planner A
SKU0007@LOC03,2025-08-11,2025-08-04,1,11.0,10.0,10.0,14.994007447187125,14.994007447187125,15.743707819546481,Planner A
SKU0007@LOC03,2025-08-18,2025-08-04,2,13.0,10.0,7.0,14.994007447187125,18.58176016810531,19.510848176510574,Planner A
SKU0007@LOC03,2025-08-25,2025-08-04,3,13.0,10.0,5.0,14.994007447187125,14.994007447187125,15.743707819546481,Planner A
SKU0007@LOC03,2025-09-01,2025-08-04,4,11.0,10.0,21.0,14.994007447187125,14.994007447187125,15.743707819546481,Planner A
SKU0007@LOC03,2025-09-08,2025-09-01,1,20.0,11.0,16.0,12.463705291869447,12.463705291869447,13.08689055646292,Planner A
SKU0007@LOC03,2025-09-15,2025-09-01,2,16.0,11.0,10.0,12.463705291869447,16.029609938123137,16.831090435029296,Planner A
SKU0007@LOC03,2025-09-22,2025-09-01,3,11.0,11.0,26.0,12.463705291869447,12.463705291869447,13.08689055646292,Planner A
SKU0007@LOC03,2025-09-29,2025-09-01,4,14.0,11.0,8.0,12.463705291869447,12.463705291869447,13.08689055646292,Planner A
SKU0007@LOC03,2025-10-06,2025-09-29,1,24.0,14.0,7.0,13.91572429275677,19.669895959608812,20.653390757589253,Planner A
SKU0007@LOC03,2025-10-13,2025-09-29,2,18.0,14.0,17.0,13.91572429275677,13.91572429275677,14.61151050739461,Planner A
SKU0007@LOC03,2025-10-20,2025-09-29,3,17.0,14.0,12.0,13.91572429275677,14.217382673963934,14.928251807662132,Planner A
SKU0007@LOC03,2025-10-27,2025-09-29,4,21.0,14.0,17.0,13.91572429275677,13.215531163743666,13.87630772193085,Planner A
SKU0007@LOC03,2025-11-03,2025-10-27,1,20.0,21.0,22.0,18.670143759533914,18.670143759533914,19.603650947510612,Planner A
SKU0007@LOC03,2025-11-10,2025-10-27,2,18.0,21.0,21.0,18.670143759533914,18.670143759533914,19.603650947510612,Planner A
SKU0007@LOC03,2025-11-17,2025-10-27,3,16.0,21.0,21.0,18.670143759533914,18.670143759533914,19.603650947510612,Planner A
SKU0007@LOC03,2025-11-24,2025-10-27,4,28.0,21.0,18.0,18.670143759533914,18.670143759533914,19.603650947510612,Planner A
SKU0007@LOC03,2025-12-01,2025-11-24,1,28.0,28.0,16.0,21.3568623494753,27.310512694121044,28.676038328827097,Planner A
SKU0007@LOC03,2025-12-08,2025-11-24,2,23.0,28.0,25.0,21.3568623494753,21.3568623494753,22.424705466949067,Planner A
SKU0007@LOC03,2025-12-15,2025-11-24,3,23.0,28.0,30.0,21.3568623494753,32.3359133197713,33.95270898575987,Planner A
SKU0007@LOC03,2025-12-22,2025-11-24,4,20.0,28.0,14.0,21.3568623494753,21.3568623494753,22.424705466949067,Planner A
SKU0008@LOC01,2025-05-19,2025-05-12,1,0.0,0.0,0.0,3.2963652080737793,3.2963652080737793,3.2963652080737793,Planner B
SKU0008@LOC01,2025-05-26,2025-05-12,2,4.0,0.0,0.0,3.2963652080737793,3.2963652080737793,3.2963652080737793,Planner B
SKU0008@LOC01,2025-06-02,2025-05-12,3,0.0,0.0,0.0,3.2963652080737793,3.2963652080737793,3.2963652080737793,Planner B
SKU0008@LOC01,2025-06-09,2025-05-12,4,3.0,0.0,9.0,3.2963652080737793,3.2963652080737793,3.2963652080737793,Planner B
SKU0008@LOC01,2025-06-16,2025-06-09,1,2.0,3.0,0.0,2.4541730168774825,2.4541730168774825,2.4541730168774825,Planner B
SKU0008@LOC01,2025-06-23,2025-06-09,2,0.0,3.0,9.0,2.4541730168774825,2.4541730168774825,2.4541730168774825,Planner B
SKU0008@LOC01,2025-06-30,2025-06-09,3,8.0,3.0,0.0,2.4541730168774825,3.3580681977305455,3.3580681977305455,Planner B
SKU0008@LOC01,2025-07-07,2025-06-09,4,4.0,3.0,8.0,2.4541730168774825,2.4541730168774825,2.4541730168774825,Planner B
SKU0008@LOC01,2025-07-14,2025-07-07,1,0.0,4.0,10.0,2.652593131951733,4.610221950027936,4.610221950027936,Planner B
SKU0008@LOC01,2025-07-21,2025-07-07,2,2.0,4.0,0.0,2.652593131951733,3.1106232233597693,3.1106232233597693,Planner B
SKU0008@LOC01,2025-07-28,2025-07-07,3,2.0,4.0,9.0,2.652593131951733,3.7151342404315404,3.7151342404315404,Planner B
SKU0008@LOC01,2025-08-04,2025-07-07,4,0.0,4.0,0.0,2.652593131951733,2.652593131951733,2.652593131951733,Planner B
SKU0008@LOC01,2025-08-11,2025-08-04,1,3.0,0.0,8.0,2.419132328524158,2.419132328524158,2.419132328524158,Planner B
SKU0008@LOC01,2025-08-18,2025-08-04,2,1.0,0.0,8.0,2.419132328524158,2.419132328524158,2.419132328524158,Planner B
SKU0008@LOC01,2025-08-25,2025-08-04,3,7.0,0.0,7.0,2.419132328524158,2.419132328524158,2.419132328524158,Planner B
SKU0008@LOC01,2025-09-01,2025-08-04,4,0.0,0.0,2.0,2.419132328524158,2.419132328524158,2.419132328524158,Planner B
SKU0008@LOC01,2025-09-08,2025-09-01,1,0.0,0.0,2.0,2.5032112985240227,2.5032112985240227,2.5032112985240227,Planner B
SKU0008@LOC01,2025-09-15,2025-09-01,2,0.0,0.0,10.0,2.5032112985240227,2.5032112985240227,2.5032112985240227,Planner B
SKU0008@LOC01,2025-09-22,2025-09-01,3,5.0,0.0,7.0,2.5032112985240227,4.449780706099969,4.449780706099969,Planner B
SKU0008@LOC01,2025-09-29,2025-09-01,4,2.0,0.0,0.0,2.5032112985240227,2.5032112985240227,2.5032112985240227,Planner B
SKU0008@LOC01,2025-10-06,2025-09-29,1,4.0,2.0,0.0,2.191056348654113,2.0830087087877067,2.0830087087877067,Planner B
SKU0008@LOC01,2025-10-13,2025-09-29,2,0.0,2.0,2.0,2.191056348654113,2.191056348654113,2.191056348654113,Planner B
SKU0008@LOC01,2025-10-20,2025-09-29,3,0.0,2.0,6.0,2.191056348654113,2.191056348654113,2.191056348654113,Planner B
SKU0008@LOC01,2025-10-27,2025-09-29,4,0.0,2.0,1.0,2.191056348654113,2.191056348654113,2.191056348654113,Planner B
SKU0008@LOC01,2025-11-03,2025-10-27,1,4.0,0.0,3.0,2.2891893416965297,2.2891893416965297,2.2891893416965297,Planner B
SKU0008@LOC01,2025-11-10,2025-10-27,2,0.0,0.0,8.0,2.2891893416965297,2.2891893416965297,2.2891893416965297,Planner B
SKU0008@LOC01,2025-11-17,2025-10-27,3,3.0,0.0,3.0,2.2891893416965297,2.2891893416965297,2.2891893416965297,Planner B
SKU0008@LOC01,2025-11-24,2025-10-27,4,4.0,0.0,0.0,2.2891893416965297,3.6261253214712177,3.6261253214712177,Planner B
SKU0008@LOC01,2025-12-01,2025-11-24,1,0.0,4.0,0.0,2.0455467092179305,2.3524493484053903,2.3524493484053903,Planner B
SKU0008@LOC01,2025-12-08,2025-11-24,2,0.0,4.0,10.0,2.0455467092179305,2.0455467092179305,2.0455467092179305,Planner B
SKU0008@LOC01,2025-12-15,2025-11-24,3,0.0,4.0,5.0,2.0455467092179305,3.4509095556883276,3.4509095556883276,Planner B
SKU0008@LOC01,2025-12-22,2025-11-24,4,2.0,4.0,7.0,2.0455467092179305,2.0455467092179305,2.0455467092179305,Planner B
SKU0008@LOC02,2025-05-19,2025-05-12,1,8.0,6.0,5.0,1.8056822522015792,2.0010057374611168,2.0010057374611168,Planner C
SKU0008@LOC02,2025-05-26,2025-05-12,2,0.0,6.0,0.0,1.8056822522015792,1.8056822522015792,1.8056822522015792,Planner C
SKU0008@LOC02,2025-06-02,2025-05-12,3,3.0,6.0,0.0,1.8056822522015792,1.8056822522015792,1.8056822522015792,Planner C
SKU0008@LOC02,2025-06-09,2025-05-12,4,0.0,6.0,8.0,1.8056822522015792,1.8056822522015792,1.8056822522015792,Planner C
SKU0008@LOC02,2025-06-16,2025-06-09,1,9.0,0.0,10.0,1.9997462672831203,1.9997462672831203,1.9997462672831203,Planner C
SKU0008@LOC02,2025-06-23,2025-06-09,2,0.0,0.0,7.0,1.9997462672831203,1.9997462672831203,1.9997462672831203,Planner C
SKU0008@LOC02,2025-06-30,2025-06-09,3,0.0,0.0,0.0,1.9997462672831203,1.9997462672831203,1.9997462672831203,Planner C
SKU0008@LOC02,2025-07-07,2025-06-09,4,0.0,0.0,3.0,1.9997462672831203,1.9997462672831203,1.9997462672831203,Planner C
SKU0008@LOC02,2025-07-14,2025-07-07,1,0.0,0.0,2.0,2.2006175184089205,2.2006175184089205,2.2006175184089205,Planner C
SKU0008@LOC02,2025-07-21,2025-07-07,2,0.0,0.0,0.0,2.2006175184089205,2.2006175184089205,2.2006175184089205,Planner C
SKU0008@LOC02,2025-07-28,2025-07-07,3,4.0,0.0,0.0,2.2006175184089205,2.2006175184089205,2.2006175184089205,Planner C
SKU0008@LOC02,2025-08-04,2025-07-07,4,3.0,0.0,3.0,2.2006175184089205,4.068480184450676,4.068480184450676,Planner C
SKU0008@LOC02,2025-08-11,2025-08-04,1,0.0,3.0,1.0,1.8848974288202434,1.8848974288202434,1.8848974288202434,Planner C
SKU0008@LOC02,2025-08-18,2025-08-04,2,0.0,3.0,0.0,1.8848974288202434,2.4943542637327996,2.4943542637327996,Planner C
SKU0008@LOC02,2025-08-25,2025-08-04,3,0.0,3.0,5.0,1.8848974288202434,1.8848974288202434,1.8848974288202434,Planner C
SKU0008@LOC02,2025-09-01,2025-08-04,4,3.0,3.0,6.0,1.8848974288202434,1.8848974288202434,1.8848974288202434,Planner C
SKU0008@LOC02,2025-09-08,2025-09-01,1,3.0,3.0,0.0,1.7064140483963537,1.7064140483963537,1.7064140483963537,Planner C
SKU0008@LOC02,2025-09-15,2025-09-01,2,0.0,3.0,0.0,1.7064140483963537,1.7064140483963537,1.7064140483963537,Planner C
SKU0008@LOC02,2025-09-22,2025-09-01,3,0.0,3.0,0.0,1.7064140483963537,2.2933350309211438,2.2933350309211438,Planner C
SKU0008@LOC02,2025-09-29,2025-09-01,4,2.0,3.0,0.0,1.7064140483963537,1.7064140483963537,1.7064140483963537,Planner C
SKU0008@LOC02,2025-10-06,2025-09-29,1,4.0,2.0,0.0,1.6194482124452891,1.9695518907685083,1.9695518907685083,Planner C
SKU0008@LOC02,2025-10-13,2025-09-29,2,0.0,2.0,6.0,1.6194482124452891,2.0744726330032153,2.0744726330032153,Planner C
SKU0008@LOC02,2025-10-20,2025-09-29,3,0.0,2.0,0.0,1.6194482124452891,1.2537108813588247,1.2537108813588247,Planner C
SKU0008@LOC02,2025-10-27,2025-09-29,4,0.0,2.0,2.0,1.6194482124452891,2.010478354189377,2.010478354189377,Planner C
SKU0008@LOC02,2025-11-03,2025-10-27,1,0.0,0.0,3.0,1.7115937083917587,1.7115937083917587,1.7115937083917587,Planner C
SKU0008@LOC02,2025-11-10,2025-10-27,2,4.0,0.0,4.0,1.7115937083917587,1.7115937083917587,1.7115937083917587,Planner C
SKU0008@LOC02,2025-11-17,2025-10-27,3,4.0,0.0,0.0,1.7115937083917587,1.7115937083917587,1.7115937083917587,Planner C
SKU0008@LOC02,2025-11-24,2025-10-27,4,0.0,0.0,0.0,1.7115937083917587,2.101222081809636,2.101222081809636,Planner C
SKU0008@LOC02,2025-12-01,2025-11-24,1,2.0,0.0,0.0,1.6226621619695856,1.6281352964310802,1.6281352964310802,Planner C
SKU0008@LOC02,2025-12-08,2025-11-24,2,2.0,0.0,0.0,1.6226621619695856,1.6226621619695856,1.6226621619695856,Planner C
SKU0008@LOC02,2025-12-15,2025-11-24,3,2.0,0.0,0.0,1.6226621619695856,1.7373259220761783,1.7373259220761783,Planner C
SKU0008@LOC02,2025-12-22,2025-11-24,4,2.0,0.0,4.0,1.6226621619695856,1.6226621619695856,1.6226621619695856,Planner C
SKU0008@LOC03,2025-05-19,2025-05-12,1,0.0,0.0,0.0,3.5892521021733153,4.820053859415412,4.820053859415412,Planner D
SKU0008@LOC03,2025-05-26,2025-05-12,2,0.0,0.0,0.0,3.5892521021733153,3.5892521021733153,3.5892521021733153,Planner D
SKU0008@LOC03,2025-06-02,2025-05-12,3,17.0,0.0,28.0,3.5892521021733153,3.5892521021733153,3.5892521021733153,Planner D
SKU0008@LOC03,2025-06-09,2025-05-12,4,0.0,0.0,0.0,3.5892521021733153,3.5892521021733153,3.5892521021733153,Planner D
SKU0008@LOC03,2025-06-16,2025-06-09,1,9.0,0.0,0.0,3.11703256669219,3.8965564464577622,3.8965564464577622,Planner D
SKU0008@LOC03,2025-06-23,2025-06-09,2,0.0,0.0,0.0,3.11703256669219,1.095153711260465,1.095153711260465,Planner D
SKU0008@LOC03,2025-06-30,2025-06-09,3,0.0,0.0,0.0,3.11703256669219,3.11703256669219,3.11703256669219,Planner D
SKU0008@LOC03,2025-07-07,2025-06-09,4,0.0,0.0,0.0,3.11703256669219,1.6985073624088243,1.6985073624088243,Planner D
SKU0008@LOC03,2025-07-14,2025-07-07,1,0.0,0.0,0.0,3.1668720575727813,3.1668720575727813,3.1668720575727813,Planner D
SKU0008@LOC03,2025-07-21,2025-07-07,2,0.0,0.0,0.0,3.1668720575727813,3.1668720575727813,3.1668720575727813,Planner D
SKU0008@LOC03,2025-07-28,2025-07-07,3,0.0,0.0,0.0,3.1668720575727813,3.1668720575727813,3.1668720575727813,Planner D
SKU0008@LOC03,2025-08-04,2025-07-07,4,0.0,0.0,17.0,3.1668720575727813,3.1668720575727813,3.1668720575727813,Planner D
SKU0008@LOC03,2025-08-11,2025-08-04,1,0.0,0.0,12.0,3.1668720575727813,3.1668720575727813,3.1668720575727813,Planner D
SKU0008@LOC03,2025-08-18,2025-08-04,2,0.0,0.0,0.0,3.1668720575727813,3.1668720575727813,3.1668720575727813,Planner D
SKU0008@LOC03,2025-08-25,2025-08-04,3,0.0,0.0,0.0,3.1668720575727813,3.5761860092474413,3.5761860092474413,Planner D
SKU0008@LOC03,2025-09-01,2025-08-04,4,0.0,0.0,0.0,3.1668720575727813,3.1668720575727813,3.1668720575727813,Planner D
SKU0008@LOC03,2025-09-08,2025-09-01,1,0.0,0.0,14.0,3.1668720575727813,1.9863451486037107,1.9863451486037107,Planner D
SKU0008@LOC03,2025-09-15,2025-09-01,2,0.0,0.0,14.0,3.1668720575727813,3.1668720575727813,3.1668720575727813,Planner D
SKU0008@LOC03,2025-09-22,2025-09-01,3,0.0,0.0,0.0,3.1668720575727813,3.1668720575727813,3.1668720575727813,Planner D
SKU0008@LOC03,2025-09-29,2025-09-01,4,0.0,0.0,0.0,3.1668720575727813,3.863517886530613,3.863517886530613,Planner D
SKU0008@LOC03,2025-10-06,2025-09-29,1,16.0,0.0,0.0,3.1668720575727813,3.1668720575727813,3.1668720575727813,Planner D
SKU0008@LOC03,2025-10-13,2025-09-29,2,0.0,0.0,0.0,3.1668720575727813,3.1668720575727813,3.1668720575727813,Planner D
SKU0008@LOC03,2025-10-20,2025-09-29,3,0.0,0.0,0.0,3.1668720575727813,2.6104220256378596,2.6104220256378596,Planner D
SKU0008@LOC03,2025-10-27,2025-09-29,4,0.0,0.0,0.0,3.1668720575727813,3.1668720575727813,3.1668720575727813,Planner D
SKU0008@LOC03,2025-11-03,2025-10-27,1,0.0,0.0,0.0,2.553428787899228,2.553428787899228,2.553428787899228,Planner D
SKU0008@LOC03,2025-11-10,2025-10-27,2,0.0,0.0,0.0,2.553428787899228,1.98972303525574,1.98972303525574,Planner D
SKU0008@LOC03,2025-11-17,2025-10-27,3,0.0,0.0,0.0,2.553428787899228,2.3126298073916574,2.3126298073916574,Planner D
SKU0008@LOC03,2025-11-24,2025-10-27,4,0.0,0.0,0.0,2.553428787899228,0.6075667281196846,0.6075667281196846,Planner D
SKU0008@LOC03,2025-12-01,2025-11-24,1,0.0,0.0,19.0,2.553428787899228,2.553428787899228,2.553428787899228,Planner D
SKU0008@LOC03,2025-12-08,2025-11-24,2,0.0,0.0,0.0,2.553428787899228,2.1007255803014164,2.1007255803014164,Planner D
SKU0008@LOC03,2025-12-15,2025-11-24,3,0.0,0.0,0.0,2.553428787899228,1.2144436215794374,1.2144436215794374,Planner D
SKU0008@LOC03,2025-12-22,2025-11-24,4,0.0,0.0,10.0,2.553428787899228,2.654217941135934,2.654217941135934,Planner D
SKU0009@LOC01,2025-05-19,2025-05-12,1,0.0,7.0,8.0,2.6434883906618527,3.470640331315021,3.470640331315021,Planner A
SKU0009@LOC01,2025-05-26,2025-05-12,2,0.0,7.0,0.0,2.6434883906618527,2.6434883906618527,2.6434883906618527,Planner A
SKU0009@LOC01,2025-06-02,2025-05-12,3,0.0,7.0,3.0,2.6434883906618527,3.6066916292459297,3.6066916292459297,Planner A
SKU0009@LOC01,2025-06-09,2025-05-12,4,5.0,7.0,0.0,2.6434883906618527,2.6434883906618527,2.6434883906618527,Planner A
SKU0009@LOC01,2025-06-16,2025-06-09,1,0.0,5.0,0.0,2.444173436142945,2.444173436142945,2.444173436142945,Planner A
SKU0009@LOC01,2025-06-23,2025-06-09,2,7.0,5.0,0.0,2.444173436142945,2.444173436142945,2.444173436142945,Planner A
SKU0009@LOC01,2025-06-30,2025-06-09,3,0.0,5.0,0.0,2.444173436142945,2.5255198629761364,2.5255198629761364,Planner A
SKU0009@LOC01,2025-07-07,2025-06-09,4,0.0,5.0,0.0,2.444173436142945,2.444173436142945,2.444173436142945,Planner A
SKU0009@LOC01,2025-07-14,2025-07-07,1,0.0,0.0,3.0,2.5064273549561213,2.5064273549561213,2.5064273549561213,Planner A
SKU0009@LOC01,2025-07-21,2025-07-07,2,9.0,0.0,0.0,2.5064273549561213,3.1096039312347514,3.1096039312347514,Planner A
SKU0009@LOC01,2025-07-28,2025-07-07,3,10.0,0.0,6.0,2.5064273549561213,2.5064273549561213,2.5064273549561213,Planner A
SKU0009@LOC01,2025-08-04,2025-07-07,4,5.0,0.0,0.0,2.5064273549561213,2.5064273549561213,2.5064273549561213,Planner A
SKU0009@LOC01,2025-08-11,2025-08-04,1,0.0,5.0,0.0,2.7913597165147976,2.7090082099134047,2.7090082099134047,Planner A
SKU0009@LOC01,2025-08-18,2025-08-04,2,8.0,5.0,8.0,2.7913597165147976,2.7913597165147976,2.7913597165147976,Planner A
SKU0009@LOC01,2025-08-25,2025-08-04,3,0.0,5.0,0.0,2.7913597165147976,2.7913597165147976,2.7913597165147976,Planner A
SKU0009@LOC01,2025-09-01,2025-08-04,4,6.0,5.0,0.0,2.7913597165147976,2.7913597165147976,2.7913597165147976,Planner A
SKU0009@LOC01,2025-09-08,2025-09-01,1,0.0,6.0,0.0,2.8696976762807225,2.8696976762807225,2.8696976762807225,Planner A
SKU0009@LOC01,2025-09-15,2025-09-01,2,18.0,6.0,0.0,2.8696976762807225,2.8696976762807225,2.8696976762807225,Planner A
SKU0009@LOC01,2025-09-22,2025-09-01,3,5.0,6.0,0.0,2.8696976762807225,2.8696976762807225,2.8696976762807225,Planner A
SKU0009@LOC01,2025-09-29,2025-09-01,4,0.0,6.0,0.0,2.8696976762807225,2.8696976762807225,2.8696976762807225,Planner A
SKU0009@LOC01,2025-10-06,2025-09-29,1,0.0,0.0,6.0,3.400958337634808,3.400958337634808,3.400958337634808,Planner A
SKU0009@LOC01,2025-10-13,2025-09-29,2,0.0,0.0,0.0,3.400958337634808,3.400958337634808,3.400958337634808,Planner A
SKU0009@LOC01,2025-10-20,2025-09-29,3,0.0,0.0,12.0,3.400958337634808,3.6186033370233206,3.6186033370233206,Planner A
SKU0009@LOC01,2025-10-27,2025-09-29,4,7.0,0.0,0.0,3.400958337634808,3.400958337634808,3.400958337634808,Planner A
SKU0009@LOC01,2025-11-03,2025-10-27,1,0.0,7.0,0.0,2.9949935075355922,2.9949935075355922,2.9949935075355922,Planner A
SKU0009@LOC01,2025-11-10,2025-10-27,2,0.0,7.0,0.0,2.9949935075355922,3.015112183960838,3.015112183960838,Planner A
SKU0009@LOC01,2025-11-17,2025-10-27,3,11.0,7.0,0.0,2.9949935075355922,6.490350323685651,6.490350323685651,Planner A
SKU0009@LOC01,2025-11-24,2025-10-27,4,0.0,7.0,0.0,2.9949935075355922,2.9949935075355922,2.9949935075355922,Planner A
SKU0009@LOC01,2025-12-01,2025-11-24,1,9.0,0.0,10.0,3.051436014804081,4.846141797072223,4.846141797072223,Planner A
SKU0009@LOC01,2025-12-08,2025-11-24,2,11.0,0.0,7.0,3.051436014804081,7.365636265976914,7.365636265976914,Planner A
SKU0009@LOC01,2025-12-15,2025-11-24,3,5.0,0.0,12.0,3.051436014804081,3.051436014804081,3.051436014804081,Planner A
SKU0009@LOC01,2025-12-22,2025-11-24,4,0.0,0.0,14.0,3.051436014804081,3.051436014804081,3.051436014804081,Planner A
SKU0009@LOC02,2025-05-19,2025-05-12,1,2.0,1.0,3.0,1.6523769728923146,1.6523769728923146,1.6523769728923146,Planner B
SKU0009@LOC02,2025-05-26,2025-05-12,2,3.0,1.0,0.0,1.6523769728923146,1.6523769728923146,1.6523769728923146,Planner B
SKU0009@LOC02,2025-06-02,2025-05-12,3,0.0,1.0,4.0,1.6523769728923146,1.6523769728923146,1.6523769728923146,Planner B
SKU0009@LOC02,2025-06-09,2025-05-12,4,1.0,1.0,2.0,1.6523769728923146,1.6523769728923146,1.6523769728923146,Planner B
SKU0009@LOC02,2025-06-16,2025-06-09,1,0.0,1.0,0.0,1.5821672539578406,1.3450191927887953,1.3450191927887953,Planner B
SKU0009@LOC02,2025-06-23,2025-06-09,2,0.0,1.0,2.0,1.5821672539578406,1.827710890623706,1.827710890623706,Planner B
SKU0009@LOC02,2025-06-30,2025-06-09,3,0.0,1.0,0.0,1.5821672539578406,1.5821672539578406,1.5821672539578406,Planner B
SKU0009@LOC02,2025-07-07,2025-06-09,4,4.0,1.0,1.0,1.5821672539578406,2.4943127586170504,2.4943127586170504,Planner B
SKU0009@LOC02,2025-07-14,2025-07-07,1,2.0,4.0,2.0,1.4400836163334334,1.4400836163334334,1.4400836163334334,Planner B
SKU0009@LOC02,2025-07-21,2025-07-07,2,5.0,4.0,0.0,1.4400836163334334,1.4400836163334334,1.4400836163334334,Planner B
SKU0009@LOC02,2025-07-28,2025-07-07,3,4.0,4.0,3.0,1.4400836163334334,1.0155793177586092,1.0155793177586092,Planner B
SKU0009@LOC02,2025-08-04,2025-07-07,4,3.0,4.0,0.0,1.4400836163334334,1.7951263176716052,1.7951263176716052,Planner B
SKU0009@LOC02,2025-08-11,2025-08-04,1,7.0,3.0,4.0,1.873419662055069,1.873419662055069,1.873419662055069,Planner B
SKU0009@LOC02,2025-08-18,2025-08-04,2,5.0,3.0,0.0,1.873419662055069,1.873419662055069,1.873419662055069,Planner B
SKU0009@LOC02,2025-08-25,2025-08-04,3,2.0,3.0,3.0,1.873419662055069,1.9666758952090668,1.9666758952090668,Planner B
SKU0009@LOC02,2025-09-01,2025-08-04,4,4.0,3.0,0.0,1.873419662055069,1.873419662055069,1.873419662055069,Planner B
SKU0009@LOC02,2025-09-08,2025-09-01,1,2.0,4.0,4.0,2.4546148731951165,2.4546148731951165,2.4546148731951165,Planner B
SKU0009@LOC02,2025-09-15,2025-09-01,2,0.0,4.0,0.0,2.4546148731951165,2.4546148731951165,2.4546148731951165,Planner B
SKU0009@LOC02,2025-09-22,2025-09-01,3,5.0,4.0,2.0,2.4546148731951165,2.4546148731951165,2.4546148731951165,Planner B
SKU0009@LOC02,2025-09-29,2025-09-01,4,0.0,4.0,0.0,2.4546148731951165,2.1723095845461753,2.1723095845461753,Planner B
SKU0009@LOC02,2025-10-06,2025-09-29,1,3.0,0.0,3.0,2.4066230834476436,2.640106325529031,2.640106325529031,Planner B
SKU0009@LOC02,2025-10-13,2025-09-29,2,0.0,0.0,2.0,2.4066230834476436,2.4066230834476436,2.4066230834476436,Planner B
SKU0009@LOC02,2025-10-20,2025-09-29,3,2.0,0.0,0.0,2.4066230834476436,3.002726688336366,3.002726688336366,Planner B
SKU0009@LOC02,2025-10-27,2025-09-29,4,4.0,0.0,4.0,2.4066230834476436,2.4066230834476436,2.4066230834476436,Planner B
SKU0009@LOC02,2025-11-03,2025-10-27,1,0.0,4.0,0.0,2.2111586422583245,2.2111586422583245,2.2111586422583245,Planner B
SKU0009@LOC02,2025-11-10,2025-10-27,2,5.0,4.0,0.0,2.2111586422583245,3.6066738414914274,3.6066738414914274,Planner B
SKU0009@LOC02,2025-11-17,2025-10-27,3,6.0,4.0,4.0,2.2111586422583245,2.2111586422583245,2.2111586422583245,Planner B
SKU0009@LOC02,2025-11-24,2025-10-27,4,5.0,4.0,0.0,2.2111586422583245,2.1115050747649375,2.1115050747649375,Planner B
SKU0009@LOC02,2025-12-01,2025-11-24,1,0.0,5.0,4.0,2.6347522882037393,2.6347522882037393,2.6347522882037393,Planner B
SKU0009@LOC02,2025-12-08,2025-11-24,2,0.0,5.0,0.0,2.6347522882037393,2.562005868571628,2.562005868571628,Planner B
SKU0009@LOC02,2025-12-15,2025-11-24,3,2.0,5.0,3.0,2.6347522882037393,2.6347522882037393,2.6347522882037393,Planner B
SKU0009@LOC02,2025-12-22,2025-11-24,4,0.0,5.0,1.0,2.6347522882037393,2.6347522882037393,2.6347522882037393,Planner B
SKU0009@LOC03,2025-05-19,2025-05-12,1,0.0,0.0,6.0,2.9370024312523673,2.9370024312523673,2.9370024312523673,Planner C
SKU0009@LOC03,2025-05-26,2025-05-12,2,0.0,0.0,0.0,2.9370024312523673,2.9370024312523673,2.9370024312523673,Planner C
SKU0009@LOC03,2025-06-02,2025-05-12,3,0.0,0.0,0.0,2.9370024312523673,2.9370024312523673,2.9370024312523673,Planner C
SKU0009@LOC03,2025-06-09,2025-05-12,4,0.0,0.0,0.0,2.9370024312523673,2.9370024312523673,2.9370024312523673,Planner C
SKU0009@LOC03,2025-06-16,2025-06-09,1,9.0,0.0,0.0,2.9370024312523673,2.9370024312523673,2.9370024312523673,Planner C
SKU0009@LOC03,2025-06-23,2025-06-09,2,0.0,0.0,0.0,2.9370024312523673,2.9370024312523673,2.9370024312523673,Planner C
SKU0009@LOC03,2025-06-30,2025-06-09,3,0.0,0.0,0.0,2.9370024312523673,2.9370024312523673,2.9370024312523673,Planner C
SKU0009@LOC03,2025-07-07,2025-06-09,4,6.0,0.0,0.0,2.9370024312523673,2.9370024312523673,2.9370024312523673,Planner C
SKU0009@LOC03,2025-07-14,2025-07-07,1,6.0,6.0,0.0,2.560545675155927,3.933700408405887,3.933700408405887,Planner C
SKU0009@LOC03,2025-07-21,2025-07-07,2,0.0,6.0,0.0,2.560545675155927,2.560545675155927,2.560545675155927,Planner C
SKU0009@LOC03,2025-07-28,2025-07-07,3,0.0,6.0,0.0,2.560545675155927,2.560545675155927,2.560545675155927,Planner C
SKU0009@LOC03,2025-08-04,2025-07-07,4,0.0,6.0,0.0,2.560545675155927,2.560545675155927,2.560545675155927,Planner C
SKU0009@LOC03,2025-08-11,2025-08-04,1,0.0,0.0,0.0,2.672840499445916,2.6480038790314584,2.6480038790314584,Planner C
SKU0009@LOC03,2025-08-18,2025-08-04,2,4.0,0.0,8.0,2.672840499445916,2.672840499445916,2.672840499445916,Planner C
SKU0009@LOC03,2025-08-25,2025-08-04,3,0.0,0.0,0.0,2.672840499445916,2.672840499445916,2.672840499445916,Planner C
SKU0009@LOC03,2025-09-01,2025-08-04,4,15.0,0.0,0.0,2.672840499445916,2.672840499445916,2.672840499445916,Planner C
SKU0009@LOC03,2025-09-08,2025-09-01,1,0.0,15.0,0.0,2.6830149024226766,2.629829600433002,2.629829600433002,Planner C
SKU0009@LOC03,2025-09-15,2025-09-01,2,0.0,15.0,0.0,2.6830149024226766,2.6830149024226766,2.6830149024226766,Planner C
SKU0009@LOC03,2025-09-22,2025-09-01,3,9.0,15.0,0.0,2.6830149024226766,4.3490111130716596,4.3490111130716596,Planner C
SKU0009@LOC03,2025-09-29,2025-09-01,4,0.0,15.0,0.0,2.6830149024226766,2.405786118451831,2.405786118451831,Planner C
SKU0009@LOC03,2025-10-06,2025-09-29,1,0.0,0.0,6.0,2.700152808517627,2.700152808517627,2.700152808517627,Planner C
SKU0009@LOC03,2025-10-13,2025-09-29,2,0.0,0.0,5.0,2.700152808517627,2.700152808517627,2.700152808517627,Planner C
SKU0009@LOC03,2025-10-20,2025-09-29,3,0.0,0.0,9.0,2.700152808517627,2.7483272473800273,2.7483272473800273,Planner C
SKU0009@LOC03,2025-10-27,2025-09-29,4,0.0,0.0,8.0,2.700152808517627,2.700152808517627,2.700152808517627,Planner C
SKU0009@LOC03,2025-11-03,2025-10-27,1,8.0,0.0,18.0,2.700152808517627,2.700152808517627,2.700152808517627,Planner C
SKU0009@LOC03,2025-11-10,2025-10-27,2,14.0,0.0,0.0,2.700152808517627,2.700152808517627,2.700152808517627,Planner C
SKU0009@LOC03,2025-11-17,2025-10-27,3,0.0,0.0,0.0,2.700152808517627,2.700152808517627,2.700152808517627,Planner C
SKU0009@LOC03,2025-11-24,2025-10-27,4,0.0,0.0,5.0,2.700152808517627,2.700152808517627,2.700152808517627,Planner C
SKU0009@LOC03,2025-12-01,2025-11-24,1,0.0,0.0,0.0,2.795209640318588,2.795209640318588,2.795209640318588,Planner C
SKU0009@LOC03,2025-12-08,2025-11-24,2,0.0,0.0,0.0,2.795209640318588,2.795209640318588,2.795209640318588,Planner C
SKU0009@LOC03,2025-12-15,2025-11-24,3,0.0,0.0,0.0,2.795209640318588,2.795209640318588,2.795209640318588,Planner C
SKU0009@LOC03,2025-12-22,2025-11-24,4,9.0,0.0,0.0,2.795209640318588,2.795209640318588,2.795209640318588,Planner C
SKU0010@LOC01,2025-05-19,2025-05-12,1,0.0,6.0,8.0,3.137219992997221,2.6815870492685083,2.6815870492685083,Planner D
SKU0010@LOC01,2025-05-26,2025-05-12,2,9.0,6.0,0.0,3.137219992997221,3.137219992997221,3.137219992997221,Planner D
SKU0010@LOC01,2025-06-02,2025-05-12,3,0.0,6.0,4.0,3.137219992997221,3.137219992997221,3.137219992997221,Planner D
SKU0010@LOC01,2025-06-09,2025-05-12,4,5.0,6.0,0.0,3.137219992997221,3.137219992997221,3.137219992997221,Planner D
SKU0010@LOC01,2025-06-16,2025-06-09,1,5.0,5.0,0.0,3.1617064405107445,3.7216279835663535,3.7216279835663535,Planner D
SKU0010@LOC01,2025-06-23,2025-06-09,2,4.0,5.0,0.0,3.1617064405107445,3.4266193282313604,3.4266193282313604,Planner D
SKU0010@LOC01,2025-06-30,2025-06-09,3,0.0,5.0,0.0,3.1617064405107445,3.1617064405107445,3.1617064405107445,Planner D
SKU0010@LOC01,2025-07-07,2025-06-09,4,0.0,5.0,0.0,3.1617064405107445,2.3891098546639578,2.3891098546639578,Planner D
SKU0010@LOC01,2025-07-14,2025-07-07,1,0.0,0.0,0.0,3.2692942994930636,3.2692942994930636,3.2692942994930636,Planner D
SKU0010@LOC01,2025-07-21,2025-07-07,2,7.0,0.0,0.0,3.2692942994930636,3.2692942994930636,3.2692942994930636,Planner D
SKU0010@LOC01,2025-07-28,2025-07-07,3,0.0,0.0,4.0,3.2692942994930636,3.2692942994930636,3.2692942994930636,Planner D
SKU0010@LOC01,2025-08-04,2025-07-07,4,0.0,0.0,0.0,3.2692942994930636,3.2692942994930636,3.2692942994930636,Planner D
SKU0010@LOC01,2025-08-11,2025-08-04,1,0.0,0.0,0.0,2.967510967921742,2.967510967921742,2.967510967921742,Planner D
SKU0010@LOC01,2025-08-18,2025-08-04,2,0.0,0.0,6.0,2.967510967921742,2.967510967921742,2.967510967921742,Planner D
SKU0010@LOC01,2025-08-25,2025-08-04,3,0.0,0.0,0.0,2.967510967921742,2.967510967921742,2.967510967921742,Planner D
SKU0010@LOC01,2025-09-01,2025-08-04,4,0.0,0.0,0.0,2.967510967921742,2.967510967921742,2.967510967921742,Planner D
SKU0010@LOC01,2025-09-08,2025-09-01,1,0.0,0.0,4.0,2.967510967921742,2.967510967921742,2.967510967921742,Planner D
SKU0010@LOC01,2025-09-15,2025-09-01,2,0.0,0.0,0.0,2.967510967921742,2.967510967921742,2.967510967921742,Planner D
SKU0010@LOC01,2025-09-22,2025-09-01,3,12.0,0.0,11.0,2.967510967921742,2.967510967921742,2.967510967921742,Planner D
SKU0010@LOC01,2025-09-29,2025-09-01,4,7.0,0.0,0.0,2.967510967921742,2.967510967921742,2.967510967921742,Planner D
SKU0010@LOC01,2025-10-06,2025-09-29,1,9.0,7.0,0.0,2.584435783151198,3.2915487445655347,3.2915487445655347,Planner D
SKU0010@LOC01,2025-10-13,2025-09-29,2,7.0,7.0,5.0,2.584435783151198,2.584435783151198,2.584435783151198,Planner D
SKU0010@LOC01,2025-10-20,2025-09-29,3,0.0,7.0,0.0,2.584435783151198,2.584435783151198,2.584435783151198,Planner D
SKU0010@LOC01,2025-10-27,2025-09-29,4,0.0,7.0,0.0,2.584435783151198,2.575983771526868,2.575983771526868,Planner D
SKU0010@LOC01,2025-11-03,2025-10-27,1,0.0,0.0,8.0,2.990325537268446,2.398475217909469,2.398475217909469,Planner D
SKU0010@LOC01,2025-11-10,2025-10-27,2,0.0,0.0,0.0,2.990325537268446,2.990325537268446,2.990325537268446,Planner D
SKU0010@LOC01,2025-11-17,2025-10-27,3,0.0,0.0,0.0,2.990325537268446,2.990325537268446,2.990325537268446,Planner D
SKU0010@LOC01,2025-11-24,2025-10-27,4,9.0,0.0,0.0,2.990325537268446,2.990325537268446,2.990325537268446,Planner D
SKU0010@LOC01,2025-12-01,2025-11-24,1,4.0,9.0,0.0,2.6414385318005937,3.644566716612595,3.644566716612595,Planner D
SKU0010@LOC01,2025-12-08,2025-11-24,2,0.0,9.0,6.0,2.6414385318005937,3.00014278733722,3.00014278733722,Planner D
SKU0010@LOC01,2025-12-15,2025-11-24,3,0.0,9.0,9.0,2.6414385318005937,2.6414385318005937,2.6414385318005937,Planner D
SKU0010@LOC01,2025-12-22,2025-11-24,4,0.0,9.0,8.0,2.6414385318005937,2.6414385318005937,2.6414385318005937,Planner D
SKU0010@LOC02,2025-05-19,2025-05-12,1,0.0,0.0,0.0,0.8438687487842643,1.1821673943506492,1.1821673943506492,Planner A
SKU0010@LOC02,2025-05-26,2025-05-12,2,0.0,0.0,7.0,0.8438687487842643,0.9510856660779992,0.9510856660779992,Planner A
SKU0010@LOC02,2025-06-02,2025-05-12,3,7.0,0.0,6.0,0.8438687487842643,1.380596684951937,1.380596684951937,Planner A
SKU0010@LOC02,2025-06-09,2025-05-12,4,0.0,0.0,0.0,0.8438687487842643,0.8438687487842643,0.8438687487842643,Planner A
SKU0010@LOC02,2025-06-16,2025-06-09,1,6.0,0.0,0.0,0.8724305611371856,0.8724305611371856,0.8724305611371856,Planner A
SKU0010@LOC02,2025-06-23,2025-06-09,2,0.0,0.0,0.0,0.8724305611371856,0.816639715323018,0.816639715323018,Planner A
SKU0010@LOC02,2025-06-30,2025-06-09,3,0.0,0.0,0.0,0.8724305611371856,0.2462949444578597,0.2462949444578597,Planner A
SKU0010@LOC02,2025-07-07,2025-06-09,4,0.0,0.0,0.0,0.8724305611371856,0.8724305611371856,0.8724305611371856,Planner A
SKU0010@LOC02,2025-07-14,2025-07-07,1,0.0,0.0,0.0,0.9227558683315539,0.9227558683315539,0.9227558683315539,Planner A
SKU0010@LOC02,2025-07-21,2025-07-07,2,0.0,0.0,0.0,0.9227558683315539,0.9227558683315539,0.9227558683315539,Planner A
SKU0010@LOC02,2025-07-28,2025-07-07,3,5.0,0.0,0.0,0.9227558683315539,0.9227558683315539,0.9227558683315539,Planner A
SKU0010@LOC02,2025-08-04,2025-07-07,4,0.0,0.0,6.0,0.9227558683315539,0.8365996679229322,0.8365996679229322,Planner A
SKU0010@LOC02,2025-08-11,2025-08-04,1,0.0,0.0,0.0,0.9125054893354881,0.6673219172043009,0.6673219172043009,Planner A
SKU0010@LOC02,2025-08-18,2025-08-04,2,0.0,0.0,0.0,0.9125054893354881,1.0055073540939958,1.0055073540939958,Planner A
SKU0010@LOC02,2025-08-25,2025-08-04,3,0.0,0.0,0.0,0.9125054893354881,0.9125054893354881,0.9125054893354881,Planner A
SKU0010@LOC02,2025-09-01,2025-08-04,4,0.0,0.0,0.0,0.9125054893354881,0.9125054893354881,0.9125054893354881,Planner A
SKU0010@LOC02,2025-09-08,2025-09-01,1,8.0,0.0,0.0,0.9125054893354881,0.9125054893354881,0.9125054893354881,Planner A
SKU0010@LOC02,2025-09-15,2025-09-01,2,0.0,0.0,11.0,0.9125054893354881,0.9125054893354881,0.9125054893354881,Planner A
SKU0010@LOC02,2025-09-22,2025-09-01,3,0.0,0.0,0.0,0.9125054893354881,0.9125054893354881,0.9125054893354881,Planner A
SKU0010@LOC02,2025-09-29,2025-09-01,4,0.0,0.0,0.0,0.9125054893354881,0.9125054893354881,0.9125054893354881,Planner A
SKU0010@LOC02,2025-10-06,2025-09-29,1,9.0,0.0,0.0,0.9408160843159619,1.1849839883625228,1.1849839883625228,Planner A
SKU0010@LOC02,2025-10-13,2025-09-29,2,0.0,0.0,8.0,0.9408160843159619,0.7824594483812715,0.7824594483812715,Planner A
SKU0010@LOC02,2025-10-20,2025-09-29,3,0.0,0.0,0.0,0.9408160843159619,0.9408160843159619,0.9408160843159619,Planner A
SKU0010@LOC02,2025-10-27,2025-09-29,4,13.0,0.0,0.0,0.9408160843159619,0.9408160843159619,0.9408160843159619,Planner A
SKU0010@LOC02,2025-11-03,2025-10-27,1,8.0,13.0,0.0,1.1460988008451685,2.242507487043768,2.242507487043768,Planner A
SKU0010@LOC02,2025-11-10,2025-10-27,2,0.0,13.0,0.0,1.1460988008451685,1.1460988008451685,1.1460988008451685,Planner A
SKU0010@LOC02,2025-11-17,2025-10-27,3,0.0,13.0,0.0,1.1460988008451685,1.1460988008451685,1.1460988008451685,Planner A
SKU0010@LOC02,2025-11-24,2025-10-27,4,0.0,13.0,0.0,1.1460988008451685,1.1460988008451685,1.1460988008451685,Planner A
SKU0010@LOC02,2025-12-01,2025-11-24,1,0.0,0.0,0.0,1.2507712577236074,0.8963547554751923,0.8963547554751923,Planner A
SKU0010@LOC02,2025-12-08,2025-11-24,2,0.0,0.0,0.0,1.2507712577236074,0.8897555126561436,0.8897555126561436,Planner A
SKU0010@LOC02,2025-12-15,2025-11-24,3,0.0,0.0,7.0,1.2507712577236074,1.495908661802815,1.495908661802815,Planner A
SKU0010@LOC02,2025-12-22,2025-11-24,4,0.0,0.0,0.0,1.2507712577236074,1.2507712577236074,1.2507712577236074,Planner A
SKU0010@LOC03,2025-05-19,2025-05-12,1,0.0,2.0,0.0,2.198204245152554,2.198204245152554,2.198204245152554,Planner B
SKU0010@LOC03,2025-05-26,2025-05-12,2,0.0,2.0,0.0,2.198204245152554,2.198204245152554,2.198204245152554,Planner B
SKU0010@LOC03,2025-06-02,2025-05-12,3,3.0,2.0,0.0,2.198204245152554,1.2817882412469697,1.2817882412469697,Planner B
SKU0010@LOC03,2025-06-09,2025-05-12,4,0.0,2.0,0.0,2.198204245152554,2.198204245152554,2.198204245152554,Planner B
SKU0010@LOC03,2025-06-16,2025-06-09,1,2.0,0.0,0.0,2.0291509008202526,2.0291509008202526,2.0291509008202526,Planner B
SKU0010@LOC03,2025-06-23,2025-06-09,2,0.0,0.0,0.0,2.0291509008202526,2.0291509008202526,2.0291509008202526,Planner B
SKU0010@LOC03,2025-06-30,2025-06-09,3,0.0,0.0,0.0,2.0291509008202526,2.0291509008202526,2.0291509008202526,Planner B
SKU0010@LOC03,2025-07-07,2025-06-09,4,5.0,0.0,5.0,2.0291509008202526,3.783634815714311,3.783634815714311,Planner B
SKU0010@LOC03,2025-07-14,2025-07-07,1,0.0,5.0,0.0,1.8849269823993484,1.8849269823993484,1.8849269823993484,Planner B
SKU0010@LOC03,2025-07-21,2025-07-07,2,5.0,5.0,6.0,1.8849269823993484,3.2509757190810404,3.2509757190810404,Planner B
SKU0010@LOC03,2025-07-28,2025-07-07,3,7.0,5.0,4.0,1.8849269823993484,1.8849269823993484,1.8849269823993484,Planner B
SKU0010@LOC03,2025-08-04,2025-07-07,4,2.0,5.0,4.0,1.8849269823993484,1.641844638329618,1.641844638329618,Planner B
SKU0010@LOC03,2025-08-11,2025-08-04,1,0.0,2.0,0.0,2.1385514596249875,1.2196297329095067,1.2196297329095067,Planner B
SKU0010@LOC03,2025-08-18,2025-08-04,2,0.0,2.0,6.0,2.1385514596249875,2.1385514596249875,2.1385514596249875,Planner B
SKU0010@LOC03,2025-08-25,2025-08-04,3,3.0,2.0,3.0,2.1385514596249875,1.932059725129522,1.932059725129522,Planner B
SKU0010@LOC03,2025-09-01,2025-08-04,4,5.0,2.0,4.0,2.1385514596249875,2.1385514596249875,2.1385514596249875,Planner B
SKU0010@LOC03,2025-09-08,2025-09-01,1,0.0,5.0,0.0,2.108639614424699,2.108639614424699,2.108639614424699,Planner B
SKU0010@LOC03,2025-09-15,2025-09-01,2,0.0,5.0,4.0,2.108639614424699,2.9744056469756406,2.9744056469756406,Planner B
SKU0010@LOC03,2025-09-22,2025-09-01,3,4.0,5.0,0.0,2.108639614424699,2.108639614424699,2.108639614424699,Planner B
SKU0010@LOC03,2025-09-29,2025-09-01,4,10.0,5.0,0.0,2.108639614424699,2.108639614424699,2.108639614424699,Planner B
SKU0010@LOC03,2025-10-06,2025-09-29,1,4.0,10.0,0.0,2.3660361555150584,2.3660361555150584,2.3660361555150584,Planner B
SKU0010@LOC03,2025-10-13,2025-09-29,2,3.0,10.0,0.0,2.3660361555150584,2.3660361555150584,2.3660361555150584,Planner B
SKU0010@LOC03,2025-10-20,2025-09-29,3,0.0,10.0,6.0,2.3660361555150584,2.3660361555150584,2.3660361555150584,Planner B
SKU0010@LOC03,2025-10-27,2025-09-29,4,0.0,10.0,0.0,2.3660361555150584,1.7935225060859723,1.7935225060859723,Planner B
SKU0010@LOC03,2025-11-03,2025-10-27,1,0.0,0.0,0.0,2.4645888368779225,2.422536700251926,2.422536700251926,Planner B
SKU0010@LOC03,2025-11-10,2025-10-27,2,5.0,0.0,6.0,2.4645888368779225,2.633793246084252,2.633793246084252,Planner B
SKU0010@LOC03,2025-11-17,2025-10-27,3,0.0,0.0,7.0,2.4645888368779225,2.4645888368779225,2.4645888368779225,Planner B
SKU0010@LOC03,2025-11-24,2025-10-27,4,0.0,0.0,0.0,2.4645888368779225,2.4645888368779225,2.4645888368779225,Planner B
SKU0010@LOC03,2025-12-01,2025-11-24,1,0.0,0.0,0.0,2.2117665984911277,2.2117665984911277,2.2117665984911277,Planner B
SKU0010@LOC03,2025-12-08,2025-11-24,2,6.0,0.0,0.0,2.2117665984911277,2.2117665984911277,2.2117665984911277,Planner B
SKU0010@LOC03,2025-12-15,2025-11-24,3,3.0,0.0,0.0,2.2117665984911277,2.2117665984911277,2.2117665984911277,Planner B
SKU0010@LOC03,2025-12-22,2025-11-24,4,7.0,0.0,0.0,2.2117665984911277,2.2117665984911277,2.2117665984911277,Planner B
SKU0011@LOC01,2025-05-19,2025-05-12,1,3.0,5.0,8.0,4.578910186000975,4.578910186000975,4.807855695301024,Planner C
SKU0011@LOC01,2025-05-26,2025-05-12,2,2.0,5.0,5.0,4.578910186000975,4.578910186000975,4.807855695301024,Planner C
SKU0011@LOC01,2025-06-02,2025-05-12,3,2.0,5.0,3.0,4.578910186000975,4.203933041905075,4.414129694000329,Planner C
SKU0011@LOC01,2025-06-09,2025-05-12,4,5.0,5.0,6.0,4.578910186000975,5.264926539295361,5.52817286626013,Planner C
SKU0011@LOC01,2025-06-16,2025-06-09,1,6.0,5.0,3.0,3.888325985281172,3.888325985281172,4.082742284545231,Planner C
SKU0011@LOC01,2025-06-23,2025-06-09,2,3.0,5.0,12.0,3.888325985281172,3.888325985281172,4.082742284545231,Planner C
SKU0011@LOC01,2025-06-30,2025-06-09,3,6.0,5.0,4.0,3.888325985281172,3.888325985281172,4.082742284545231,Planner C
SKU0011@LOC01,2025-07-07,2025-06-09,4,6.0,5.0,5.0,3.888325985281172,3.518245291616547,3.6941575561973745,Planner C
SKU0011@LOC01,2025-07-14,2025-07-07,1,5.0,6.0,10.0,4.57256796635418,4.57256796635418,4.801196364671889,Planner C
SKU0011@LOC01,2025-07-21,2025-07-07,2,11.0,6.0,8.0,4.57256796635418,3.941445827502032,4.138518118877134,Planner C
SKU0011@LOC01,2025-07-28,2025-07-07,3,8.0,6.0,7.0,4.57256796635418,4.7943147794336545,5.034030518405338,Planner C
SKU0011@LOC01,2025-08-04,2025-07-07,4,9.0,6.0,5.0,4.57256796635418,4.506496335177741,4.731821151936628,Planner C
SKU0011@LOC01,2025-08-11,2025-08-04,1,3.0,9.0,11.0,6.912935295063076,10.28658450130272,10.800913726367856,Planner C
SKU0011@LOC01,2025-08-18,2025-08-04,2,4.0,9.0,7.0,6.912935295063076,6.912935295063076,7.258582059816231,Planner C
SKU0011@LOC01,2025-08-25,2025-08-04,3,4.0,9.0,8.0,6.912935295063076,6.912935295063076,7.258582059816231,Planner C
SKU0011@LOC01,2025-09-01,2025-08-04,4,6.0,9.0,10.0,6.912935295063076,6.912935295063076,7.258582059816231,Planner C
SKU0011@LOC01,2025-09-08,2025-09-01,1,4.0,6.0,9.0,5.4657220254208365,5.4657220254208365,5.739008126691878,Planner C
SKU0011@LOC01,2025-09-15,2025-09-01,2,12.0,6.0,7.0,5.4657220254208365,5.4657220254208365,5.739008126691878,Planner C
SKU0011@LOC01,2025-09-22,2025-09-01,3,7.0,6.0,9.0,5.4657220254208365,5.4657220254208365,5.739008126691878,Planner C
SKU0011@LOC01,2025-09-29,2025-09-01,4,2.0,6.0,9.0,5.4657220254208365,4.178571730547521,4.387500317074897,Planner C
SKU0011@LOC01,2025-10-06,2025-09-29,1,7.0,2.0,3.0,5.714616058032336,5.714616058032336,6.000346860933953,Planner C
SKU0011@LOC01,2025-10-13,2025-09-29,2,3.0,2.0,8.0,5.714616058032336,5.714616058032336,6.000346860933953,Planner C
SKU0011@LOC01,2025-10-20,2025-09-29,3,2.0,2.0,6.0,5.714616058032336,5.714616058032336,6.000346860933953,Planner C
SKU0011@LOC01,2025-10-27,2025-09-29,4,6.0,2.0,5.0,5.714616058032336,5.714616058032336,6.000346860933953,Planner C
SKU0011@LOC01,2025-11-03,2025-10-27,1,5.0,6.0,2.0,5.108021548643242,4.708793679206546,4.944233363166874,Planner C
SKU0011@LOC01,2025-11-10,2025-10-27,2,4.0,6.0,5.0,5.108021548643242,5.108021548643242,5.363422626075404,Planner C
SKU0011@LOC01,2025-11-17,2025-10-27,3,4.0,6.0,6.0,5.108021548643242,5.108021548643242,5.363422626075404,Planner C
SKU0011@LOC01,2025-11-24,2025-10-27,4,7.0,6.0,8.0,5.108021548643242,7.432450334031608,7.8040728507331885,Planner C
SKU0011@LOC01,2025-12-01,2025-11-24,1,6.0,7.0,4.0,5.1205129235264515,5.1205129235264515,5.376538569702774,Planner C
SKU0011@LOC01,2025-12-08,2025-11-24,2,2.0,7.0,4.0,5.1205129235264515,5.1205129235264515,5.376538569702774,Planner C
SKU0011@LOC01,2025-12-15,2025-11-24,3,4.0,7.0,5.0,5.1205129235264515,5.1205129235264515,5.376538569702774,Planner C
SKU0011@LOC01,2025-12-22,2025-11-24,4,4.0,7.0,8.0,5.1205129235264515,5.1205129235264515,5.376538569702774,Planner C
SKU0011@LOC02,2025-05-19,2025-05-12,1,3.0,4.0,4.0,4.0292840570743085,4.0292840570743085,4.0292840570743085,Planner D
SKU0011@LOC02,2025-05-26,2025-05-12,2,1.0,4.0,4.0,4.0292840570743085,2.72060524100235,2.72060524100235,Planner D
SKU0011@LOC02,2025-06-02,2025-05-12,3,4.0,4.0,3.0,4.0292840570743085,4.0292840570743085,4.0292840570743085,Planner D
SKU0011@LOC02,2025-06-09,2025-05-12,4,0.0,4.0,8.0,4.0292840570743085,4.0292840570743085,4.0292840570743085,Planner D
SKU0011@LOC02,2025-06-16,2025-06-09,1,3.0,0.0,4.0,2.725594749777637,2.725594749777637,2.725594749777637,Planner D
SKU0011@LOC02,2025-06-23,2025-06-09,2,6.0,0.0,5.0,2.725594749777637,3.2697672251335046,3.2697672251335046,Planner D
SKU0011@LOC02,2025-06-30,2025-06-09,3,4.0,0.0,5.0,2.725594749777637,2.725594749777637,2.725594749777637,Planner D
SKU0011@LOC02,2025-07-07,2025-06-09,4,6.0,0.0,3.0,2.725594749777637,5.271508748677114,5.271508748677114,Planner D
SKU0011@LOC02,2025-07-14,2025-07-07,1,4.0,6.0,2.0,4.03160360950892,3.0654271495218195,3.0654271495218195,Planner D
SKU0011@LOC02,2025-07-21,2025-07-07,2,6.0,6.0,4.0,4.03160360950892,4.03160360950892,4.03160360950892,Planner D
SKU0011@LOC02,2025-07-28,2025-07-07,3,4.0,6.0,5.0,4.03160360950892,5.912630795484411,5.912630795484411,Planner D
SKU0011@LOC02,2025-08-04,2025-07-07,4,5.0,6.0,6.0,4.03160360950892,4.838120440665518,4.838120440665518,Planner D
SKU0011@LOC02,2025-08-11,2025-08-04,1,4.0,5.0,2.0,4.468944838454854,4.468944838454854,4.468944838454854,Planner D
SKU0011@LOC02,2025-08-18,2025-08-04,2,8.0,5.0,5.0,4.468944838454854,4.468944838454854,4.468944838454854,Planner D
SKU0011@LOC02,2025-08-25,2025-08-04,3,8.0,5.0,5.0,4.468944838454854,4.468944838454854,4.468944838454854,Planner D
SKU0011@LOC02,2025-09-01,2025-08-04,4,4.0,5.0,2.0,4.468944838454854,4.468944838454854,4.468944838454854,Planner D
SKU0011@LOC02,2025-09-08,2025-09-01,1,8.0,4.0,5.0,5.344079805831107,5.344079805831107,5.344079805831107,Planner D
SKU0011@LOC02,2025-09-15,2025-09-01,2,3.0,4.0,5.0,5.344079805831107,5.344079805831107,5.344079805831107,Planner D
SKU0011@LOC02,2025-09-22,2025-09-01,3,3.0,4.0,7.0,5.344079805831107,5.344079805831107,5.344079805831107,Planner D
SKU0011@LOC02,2025-09-29,2025-09-01,4,6.0,4.0,6.0,5.344079805831107,5.344079805831107,5.344079805831107,Planner D
SKU0011@LOC02,2025-10-06,2025-09-29,1,4.0,6.0,7.0,5.072135088468421,5.072135088468421,5.072135088468421,Planner D
SKU0011@LOC02,2025-10-13,2025-09-29,2,3.0,6.0,3.0,5.072135088468421,5.072135088468421,5.072135088468421,Planner D
SKU0011@LOC02,2025-10-20,2025-09-29,3,4.0,6.0,5.0,5.072135088468421,5.072135088468421,5.072135088468421,Planner D
SKU0011@LOC02,2025-10-27,2025-09-29,4,8.0,6.0,4.0,5.072135088468421,6.810320806848291,6.810320806848291,Planner D
SKU0011@LOC02,2025-11-03,2025-10-27,1,5.0,8.0,2.0,5.111146532236665,5.111146532236665,5.111146532236665,Planner D
SKU0011@LOC02,2025-11-10,2025-10-27,2,3.0,8.0,2.0,5.111146532236665,5.111146532236665,5.111146532236665,Planner D
SKU0011@LOC02,2025-11-17,2025-10-27,3,2.0,8.0,4.0,5.111146532236665,5.454419219856105,5.454419219856105,Planner D
SKU0011@LOC02,2025-11-24,2025-10-27,4,1.0,8.0,1.0,5.111146532236665,5.111146532236665,5.111146532236665,Planner D
SKU0011@LOC02,2025-12-01,2025-11-24,1,3.0,1.0,1.0,3.5095256196041382,3.5095256196041382,3.5095256196041382,Planner D
SKU0011@LOC02,2025-12-08,2025-11-24,2,4.0,1.0,5.0,3.5095256196041382,3.5095256196041382,3.5095256196041382,Planner D
SKU0011@LOC02,2025-12-15,2025-11-24,3,2.0,1.0,0.0,3.5095256196041382,3.5095256196041382,3.5095256196041382,Planner D
SKU0011@LOC02,2025-12-22,2025-11-24,4,4.0,1.0,0.0,3.5095256196041382,3.5095256196041382,3.5095256196041382,Planner D
SKU0011@LOC03,2025-05-19,2025-05-12,1,6.0,2.0,4.0,4.693189652832228,4.693189652832228,4.927849135473839,Planner A
SKU0011@LOC03,2025-05-26,2025-05-12,2,11.0,2.0,7.0,4.693189652832228,4.693189652832228,4.927849135473839,Planner A
SKU0011@LOC03,2025-06-02,2025-05-12,3,1.0,2.0,7.0,4.693189652832228,4.693189652832228,4.927849135473839,Planner A
SKU0011@LOC03,2025-06-09,2025-05-12,4,7.0,2.0,7.0,4.693189652832228,4.693189652832228,4.927849135473839,Planner A
SKU0011@LOC03,2025-06-16,2025-06-09,1,6.0,7.0,5.0,5.50473048180008,5.50473048180008,5.779967005890084,Planner A
SKU0011@LOC03,2025-06-23,2025-06-09,2,8.0,7.0,7.0,5.50473048180008,5.50473048180008,5.779967005890084,Planner A
SKU0011@LOC03,2025-06-30,2025-06-09,3,5.0,7.0,8.0,5.50473048180008,5.50473048180008,5.779967005890084,Planner A
SKU0011@LOC03,2025-07-07,2025-06-09,4,6.0,7.0,8.0,5.50473048180008,5.50473048180008,5.779967005890084,Planner A
SKU0011@LOC03,2025-07-14,2025-07-07,1,5.0,6.0,3.0,5.893137605345313,5.893137605345313,6.187794485612579,Planner A
SKU0011@LOC03,2025-07-21,2025-07-07,2,5.0,6.0,12.0,5.893137605345313,5.893137605345313,6.187794485612579,Planner A
SKU0011@LOC03,2025-07-28,2025-07-07,3,11.0,6.0,6.0,5.893137605345313,5.893137605345313,6.187794485612579,Planner A
SKU0011@LOC03,2025-08-04,2025-07-07,4,4.0,6.0,8.0,5.893137605345313,5.893137605345313,6.187794485612579,Planner A
SKU0011@LOC03,2025-08-11,2025-08-04,1,2.0,4.0,7.0,6.04512343686668,6.04512343686668,6.347379608710014,Planner A
SKU0011@LOC03,2025-08-18,2025-08-04,2,3.0,4.0,2.0,6.04512343686668,6.04512343686668,6.347379608710014,Planner A
SKU0011@LOC03,2025-08-25,2025-08-04,3,6.0,4.0,8.0,6.04512343686668,6.04512343686668,6.347379608710014,Planner A
SKU0011@LOC03,2025-09-01,2025-08-04,4,5.0,4.0,10.0,6.04512343686668,7.430813497204606,7.802354172064836,Planner A
SKU0011@LOC03,2025-09-08,2025-09-01,1,7.0,5.0,9.0,5.179954716065888,5.693603037542486,5.978283189419611,Planner A
SKU0011@LOC03,2025-09-15,2025-09-01,2,9.0,5.0,2.0,5.179954716065888,5.179954716065888,5.4389524518691825,Planner A
SKU0011@LOC03,2025-09-22,2025-09-01,3,13.0,5.0,4.0,5.179954716065888,5.179954716065888,5.4389524518691825,Planner A
SKU0011@LOC03,2025-09-29,2025-09-01,4,7.0,5.0,3.0,5.179954716065888,5.179954716065888,5.4389524518691825,Planner A
SKU0011@LOC03,2025-10-06,2025-09-29,1,5.0,7.0,4.0,7.031674986503369,4.876926551813898,5.120772879404593,Planner A
SKU0011@LOC03,2025-10-13,2025-09-29,2,7.0,7.0,8.0,7.031674986503369,7.031674986503369,7.383258735828538,Planner A
SKU0011@LOC03,2025-10-20,2025-09-29,3,10.0,7.0,13.0,7.031674986503369,5.879016922988753,6.172967769138191,Planner A
SKU0011@LOC03,2025-10-27,2025-09-29,4,7.0,7.0,8.0,7.031674986503369,7.031674986503369,7.383258735828538,Planner A
SKU0011@LOC03,2025-11-03,2025-10-27,1,5.0,7.0,7.0,7.2147970409234246,7.2147970409234246,7.5755368929695965,Planner A
SKU0011@LOC03,2025-11-10,2025-10-27,2,4.0,7.0,5.0,7.2147970409234246,7.416289765224201,7.787104253485412,Planner A
SKU0011@LOC03,2025-11-17,2025-10-27,3,5.0,7.0,6.0,7.2147970409234246,7.2147970409234246,7.5755368929695965,Planner A
SKU0011@LOC03,2025-11-24,2025-10-27,4,7.0,7.0,3.0,7.2147970409234246,11.686770916249763,12.271109462062253,Planner A
SKU0011@LOC03,2025-12-01,2025-11-24,1,11.0,7.0,8.0,6.347762897843534,9.861973611983688,10.355072292582872,Planner A
SKU0011@LOC03,2025-12-08,2025-11-24,2,3.0,7.0,5.0,6.347762897843534,6.166989557587817,6.475339035467208,Planner A
SKU0011@LOC03,2025-12-15,2025-11-24,3,4.0,7.0,7.0,6.347762897843534,9.20765575903231,9.668038546983926,Planner A
SKU0011@LOC03,2025-12-22,2025-11-24,4,6.0,7.0,4.0,6.347762897843534,6.347762897843534,6.665151042735711,Planner A
SKU0012@LOC01,2025-05-19,2025-05-12,1,0.0,13.0,16.0,4.427352740604109,4.427352740604109,4.427352740604109,Planner B
SKU0012@LOC01,2025-05-26,2025-05-12,2,0.0,13.0,17.0,4.427352740604109,4.915971098715168,4.915971098715168,Planner B
SKU0012@LOC01,2025-06-02,2025-05-12,3,0.0,13.0,0.0,4.427352740604109,4.427352740604109,4.427352740604109,Planner B
SKU0012@LOC01,2025-06-09,2025-05-12,4,0.0,13.0,13.0,4.427352740604109,4.427352740604109,4.427352740604109,Planner B
SKU0012@LOC01,2025-06-16,2025-06-09,1,14.0,0.0,0.0,4.427352740604109,4.427352740604109,4.427352740604109,Planner B
SKU0012@LOC01,2025-06-23,2025-06-09,2,0.0,0.0,0.0,4.427352740604109,4.427352740604109,4.427352740604109,Planner B
SKU0012@LOC01,2025-06-30,2025-06-09,3,0.0,0.0,0.0,4.427352740604109,3.94273767833011,3.94273767833011,Planner B
SKU0012@LOC01,2025-07-07,2025-06-09,4,0.0,0.0,13.0,4.427352740604109,4.427352740604109,4.427352740604109,Planner B
SKU0012@LOC01,2025-07-14,2025-07-07,1,0.0,0.0,18.0,4.146959063962246,4.146959063962246,4.146959063962246,Planner B
SKU0012@LOC01,2025-07-21,2025-07-07,2,19.0,0.0,0.0,4.146959063962246,4.146959063962246,4.146959063962246,Planner B
SKU0012@LOC01,2025-07-28,2025-07-07,3,18.0,0.0,0.0,4.146959063962246,4.146959063962246,4.146959063962246,Planner B
SKU0012@LOC01,2025-08-04,2025-07-07,4,0.0,0.0,0.0,4.146959063962246,4.146959063962246,4.146959063962246,Planner B
SKU0012@LOC01,2025-08-11,2025-08-04,1,0.0,0.0,0.0,4.4865510389066285,3.6053282714099772,3.6053282714099772,Planner B
SKU0012@LOC01,2025-08-18,2025-08-04,2,16.0,0.0,0.0,4.4865510389066285,4.4865510389066285,4.4865510389066285,Planner B
SKU0012@LOC01,2025-08-25,2025-08-04,3,0.0,0.0,0.0,4.4865510389066285,4.4865510389066285,4.4865510389066285,Planner B
SKU0012@LOC01,2025-09-01,2025-08-04,4,18.0,0.0,0.0,4.4865510389066285,4.4865510389066285,4.4865510389066285,Planner B
SKU0012@LOC01,2025-09-08,2025-09-01,1,19.0,18.0,18.0,4.811473723445799,4.811473723445799,4.811473723445799,Planner B
SKU0012@LOC01,2025-09-15,2025-09-01,2,0.0,18.0,0.0,4.811473723445799,4.811473723445799,4.811473723445799,Planner B
SKU0012@LOC01,2025-09-22,2025-09-01,3,0.0,18.0,13.0,4.811473723445799,4.811473723445799,4.811473723445799,Planner B
SKU0012@LOC01,2025-09-29,2025-09-01,4,15.0,18.0,0.0,4.811473723445799,4.811473723445799,4.811473723445799,Planner B
SKU0012@LOC01,2025-10-06,2025-09-29,1,0.0,15.0,0.0,5.22945278667102,5.22945278667102,5.22945278667102,Planner B
SKU0012@LOC01,2025-10-13,2025-09-29,2,0.0,15.0,0.0,5.22945278667102,5.22945278667102,5.22945278667102,Planner B
SKU0012@LOC01,2025-10-20,2025-09-29,3,0.0,15.0,12.0,5.22945278667102,5.22945278667102,5.22945278667102,Planner B
SKU0012@LOC01,2025-10-27,2025-09-29,4,0.0,15.0,0.0,5.22945278667102,5.22945278667102,5.22945278667102,Planner B
SKU0012@LOC01,2025-11-03,2025-10-27,1,0.0,0.0,0.0,5.22945278667102,8.053549278880755,8.053549278880755,Planner B
SKU0012@LOC01,2025-11-10,2025-10-27,2,14.0,0.0,0.0,5.22945278667102,5.22945278667102,5.22945278667102,Planner B
SKU0012@LOC01,2025-11-17,2025-10-27,3,0.0,0.0,0.0,5.22945278667102,5.22945278667102,5.22945278667102,Planner B
SKU0012@LOC01,2025-11-24,2025-10-27,4,16.0,0.0,0.0,5.22945278667102,5.22945278667102,5.22945278667102,Planner B
SKU0012@LOC01,2025-12-01,2025-11-24,1,15.0,16.0,0.0,4.8468712602147095,4.8468712602147095,4.8468712602147095,Planner B
SKU0012@LOC01,2025-12-08,2025-11-24,2,20.0,16.0,16.0,4.8468712602147095,4.8468712602147095,4.8468712602147095,Planner B
SKU0012@LOC01,2025-12-15,2025-11-24,3,19.0,16.0,0.0,4.8468712602147095,4.8468712602147095,4.8468712602147095,Planner B
SKU0012@LOC01,2025-12-22,2025-11-24,4,0.0,16.0,0.0,4.8468712602147095,4.8468712602147095,4.8468712602147095,Planner B
SKU0012@LOC02,2025-05-19,2025-05-12,1,10.0,0.0,0.0,2.8233809093548485,2.8233809093548485,2.8233809093548485,Planner C
SKU0012@LOC02,2025-05-26,2025-05-12,2,0.0,0.0,0.0,2.8233809093548485,2.8233809093548485,2.8233809093548485,Planner C
SKU0012@LOC02,2025-06-02,2025-05-12,3,0.0,0.0,0.0,2.8233809093548485,5.252586212298495,5.252586212298495,Planner C
SKU0012@LOC02,2025-06-09,2025-05-12,4,13.0,0.0,0.0,2.8233809093548485,2.8233809093548485,2.8233809093548485,Planner C
SKU0012@LOC02,2025-06-16,2025-06-09,1,0.0,13.0,11.0,2.430301340183281,3.80923394226505,3.80923394226505,Planner C
SKU0012@LOC02,2025-06-23,2025-06-09,2,13.0,13.0,0.0,2.430301340183281,3.592653524344202,3.592653524344202,Planner C
SKU0012@LOC02,2025-06-30,2025-06-09,3,12.0,13.0,11.0,2.430301340183281,2.430301340183281,2.430301340183281,Planner C
SKU0012@LOC02,2025-07-07,2025-06-09,4,0.0,13.0,0.0,2.430301340183281,2.430301340183281,2.430301340183281,Planner C
SKU0012@LOC02,2025-07-14,2025-07-07,1,0.0,0.0,0.0,2.8819420023821025,2.258630861979002,2.258630861979002,Planner C
SKU0012@LOC02,2025-07-21,2025-07-07,2,10.0,0.0,0.0,2.8819420023821025,2.8819420023821025,2.8819420023821025,Planner C
SKU0012@LOC02,2025-07-28,2025-07-07,3,9.0,0.0,10.0,2.8819420023821025,2.8819420023821025,2.8819420023821025,Planner C
SKU0012@LOC02,2025-08-04,2025-07-07,4,13.0,0.0,8.0,2.8819420023821025,6.76813991741812,6.76813991741812,Planner C
SKU0012@LOC02,2025-08-11,2025-08-04,1,0.0,13.0,0.0,3.3959945198423,1.626389479652417,1.626389479652417,Planner C
SKU0012@LOC02,2025-08-18,2025-08-04,2,0.0,13.0,0.0,3.3959945198423,3.3959945198423,3.3959945198423,Planner C
SKU0012@LOC02,2025-08-25,2025-08-04,3,0.0,13.0,0.0,3.3959945198423,3.3959945198423,3.3959945198423,Planner C
SKU0012@LOC02,2025-09-01,2025-08-04,4,0.0,13.0,0.0,3.3959945198423,3.3959945198423,3.3959945198423,Planner C
SKU0012@LOC02,2025-09-08,2025-09-01,1,0.0,0.0,12.0,3.3959945198423,3.862398418814082,3.862398418814082,Planner C
SKU0012@LOC02,2025-09-15,2025-09-01,2,18.0,0.0,0.0,3.3959945198423,3.3959945198423,3.3959945198423,Planner C
SKU0012@LOC02,2025-09-22,2025-09-01,3,10.0,0.0,0.0,3.3959945198423,5.108986632594922,5.108986632594922,Planner C
SKU0012@LOC02,2025-09-29,2025-09-01,4,0.0,0.0,0.0,3.3959945198423,3.3959945198423,3.3959945198423,Planner C
SKU0012@LOC02,2025-10-06,2025-09-29,1,0.0,0.0,0.0,3.4996371136774678,3.4996371136774678,3.4996371136774678,Planner C
SKU0012@LOC02,2025-10-13,2025-09-29,2,0.0,0.0,0.0,3.4996371136774678,4.1150699967171755,4.1150699967171755,Planner C
SKU0012@LOC02,2025-10-20,2025-09-29,3,0.0,0.0,0.0,3.4996371136774678,3.519626798379495,3.519626798379495,Planner C
SKU0012@LOC02,2025-10-27,2025-09-29,4,0.0,0.0,13.0,3.4996371136774678,3.4996371136774678,3.4996371136774678,Planner C
SKU0012@LOC02,2025-11-03,2025-10-27,1,11.0,0.0,0.0,3.4996371136774678,3.4996371136774678,3.4996371136774678,Planner C
SKU0012@LOC02,2025-11-10,2025-10-27,2,0.0,0.0,0.0,3.4996371136774678,3.4996371136774678,3.4996371136774678,Planner C
SKU0012@LOC02,2025-11-17,2025-10-27,3,0.0,0.0,0.0,3.4996371136774678,3.4996371136774678,3.4996371136774678,Planner C
SKU0012@LOC02,2025-11-24,2025-10-27,4,12.0,0.0,9.0,3.4996371136774678,5.372651390155342,5.372651390155342,Planner C
SKU0012@LOC02,2025-12-01,2025-11-24,1,0.0,12.0,10.0,3.2397655200691453,1.0180704168464367,1.0180704168464367,Planner C
SKU0012@LOC02,2025-12-08,2025-11-24,2,9.0,12.0,0.0,3.2397655200691453,3.2397655200691453,3.2397655200691453,Planner C
SKU0012@LOC02,2025-12-15,2025-11-24,3,0.0,12.0,8.0,3.2397655200691453,3.043604575826437,3.043604575826437,Planner C
SKU0012@LOC02,2025-12-22,2025-11-24,4,16.0,12.0,0.0,3.2397655200691453,3.2397655200691453,3.2397655200691453,Planner C
SKU0012@LOC03,2025-05-19,2025-05-12,1,0.0,0.0,0.0,8.641705499034078,8.641705499034078,8.641705499034078,Planner D
SKU0012@LOC03,2025-05-26,2025-05-12,2,26.0,0.0,0.0,8.641705499034078,8.950380064911414,8.950380064911414,Planner D
SKU0012@LOC03,2025-06-02,2025-05-12,3,0.0,0.0,25.0,8.641705499034078,8.641705499034078,8.641705499034078,Planner D
SKU0012@LOC03,2025-06-09,2025-05-12,4,0.0,0.0,36.0,8.641705499034078,7.294159529212989,7.294159529212989,Planner D
SKU0012@LOC03,2025-06-16,2025-06-09,1,0.0,0.0,0.0,6.678908544088894,6.678908544088894,6.678908544088894,Planner D
SKU0012@LOC03,2025-06-23,2025-06-09,2,0.0,0.0,0.0,6.678908544088894,6.678908544088894,6.678908544088894,Planner D
SKU0012@LOC03,2025-06-30,2025-06-09,3,0.0,0.0,33.0,6.678908544088894,6.678908544088894,6.678908544088894,Planner D
SKU0012@LOC03,2025-07-07,2025-06-09,4,37.0,0.0,0.0,6.678908544088894,6.678908544088894,6.678908544088894,Planner D
SKU0012@LOC03,2025-07-14,2025-07-07,1,0.0,37.0,0.0,6.572309202797349,6.572309202797349,6.572309202797349,Planner D
SKU0012@LOC03,2025-07-21,2025-07-07,2,27.0,37.0,0.0,6.572309202797349,6.572309202797349,6.572309202797349,Planner D
SKU0012@LOC03,2025-07-28,2025-07-07,3,41.0,37.0,0.0,6.572309202797349,6.572309202797349,6.572309202797349,Planner D
SKU0012@LOC03,2025-08-04,2025-07-07,4,33.0,37.0,23.0,6.572309202797349,6.572309202797349,6.572309202797349,Planner D
SKU0012@LOC03,2025-08-11,2025-08-04,1,0.0,33.0,0.0,8.294466605204109,6.304102935726981,6.304102935726981,Planner D
SKU0012@LOC03,2025-08-18,2025-08-04,2,0.0,33.0,33.0,8.294466605204109,8.294466605204109,8.294466605204109,Planner D
SKU0012@LOC03,2025-08-25,2025-08-04,3,0.0,33.0,0.0,8.294466605204109,8.294466605204109,8.294466605204109,Planner D
SKU0012@LOC03,2025-09-01,2025-08-04,4,41.0,33.0,0.0,8.294466605204109,8.294466605204109,8.294466605204109,Planner D
SKU0012@LOC03,2025-09-08,2025-09-01,1,0.0,41.0,0.0,8.448509427269236,8.448509427269236,8.448509427269236,Planner D
SKU0012@LOC03,2025-09-15,2025-09-01,2,0.0,41.0,34.0,8.448509427269236,8.448509427269236,8.448509427269236,Planner D
SKU0012@LOC03,2025-09-22,2025-09-01,3,0.0,41.0,36.0,8.448509427269236,8.51515496490489,8.51515496490489,Planner D
SKU0012@LOC03,2025-09-29,2025-09-01,4,0.0,41.0,0.0,8.448509427269236,8.448509427269236,8.448509427269236,Planner D
SKU0012@LOC03,2025-10-06,2025-09-29,1,0.0,0.0,0.0,8.448509427269236,8.448509427269236,8.448509427269236,Planner D
SKU0012@LOC03,2025-10-13,2025-09-29,2,44.0,0.0,0.0,8.448509427269236,8.448509427269236,8.448509427269236,Planner D
SKU0012@LOC03,2025-10-20,2025-09-29,3,0.0,0.0,30.0,8.448509427269236,8.448509427269236,8.448509427269236,Planner D
SKU0012@LOC03,2025-10-27,2025-09-29,4,0.0,0.0,0.0,8.448509427269236,8.448509427269236,8.448509427269236,Planner D
SKU0012@LOC03,2025-11-03,2025-10-27,1,0.0,0.0,0.0,8.224687921565367,8.224687921565367,8.224687921565367,Planner D
SKU0012@LOC03,2025-11-10,2025-10-27,2,0.0,0.0,0.0,8.224687921565367,8.224687921565367,8.224687921565367,Planner D
SKU0012@LOC03,2025-11-17,2025-10-27,3,29.0,0.0,23.0,8.224687921565367,8.224687921565367,8.224687921565367,Planner D
SKU0012@LOC03,2025-11-24,2025-10-27,4,0.0,0.0,30.0,8.224687921565367,8.224687921565367,8.224687921565367,Planner D
SKU0012@LOC03,2025-12-01,2025-11-24,1,0.0,0.0,0.0,7.891609506160305,7.891609506160305,7.891609506160305,Planner D
SKU0012@LOC03,2025-12-08,2025-11-24,2,0.0,0.0,0.0,7.891609506160305,7.891609506160305,7.891609506160305,Planner D
SKU0012@LOC03,2025-12-15,2025-11-24,3,0.0,0.0,0.0,7.891609506160305,7.444874852631117,7.444874852631117,Planner D
SKU0012@LOC03,2025-12-22,2025-11-24,4,0.0,0.0,42.0,7.891609506160305,7.891609506160305,7.891609506160305,Planner D
SKU0013@LOC01,2025-05-19,2025-05-12,1,0.0,0.0,0.0,5.4973842505517645,5.605223998545328,5.605223998545328,Planner A
SKU0013@LOC01,2025-05-26,2025-05-12,2,1.0,0.0,0.0,5.4973842505517645,7.502721051202226,7.502721051202226,Planner A
SKU0013@LOC01,2025-06-02,2025-05-12,3,0.0,0.0,0.0,5.4973842505517645,5.4973842505517645,5.4973842505517645,Planner A
SKU0013@LOC01,2025-06-09,2025-05-12,4,0.0,0.0,0.0,5.4973842505517645,5.288201211541188,5.288201211541188,Planner A
SKU0013@LOC01,2025-06-16,2025-06-09,1,1.0,0.0,0.0,4.752246334357766,5.124322911220993,5.124322911220993,Planner A
SKU0013@LOC01,2025-06-23,2025-06-09,2,5.0,0.0,13.0,4.752246334357766,5.905696635081764,5.905696635081764,Planner A
SKU0013@LOC01,2025-06-30,2025-06-09,3,0.0,0.0,43.0,4.752246334357766,4.752246334357766,4.752246334357766,Planner A
SKU0013@LOC01,2025-07-07,2025-06-09,4,0.0,0.0,0.0,4.752246334357766,4.752246334357766,4.752246334357766,Planner A
SKU0013@LOC01,2025-07-14,2025-07-07,1,0.0,0.0,0.0,4.384213811152069,2.0320848220154484,2.0320848220154484,Planner A
SKU0013@LOC01,2025-07-21,2025-07-07,2,0.0,0.0,0.0,4.384213811152069,4.384213811152069,4.384213811152069,Planner A
SKU0013@LOC01,2025-07-28,2025-07-07,3,0.0,0.0,0.0,4.384213811152069,4.384213811152069,4.384213811152069,Planner A
SKU0013@LOC01,2025-08-04,2025-07-07,4,0.0,0.0,0.0,4.384213811152069,3.3953465116301143,3.3953465116301143,Planner A
SKU0013@LOC01,2025-08-11,2025-08-04,1,0.0,0.0,0.0,4.384213811152069,4.591516140008343,4.591516140008343,Planner A
SKU0013@LOC01,2025-08-18,2025-08-04,2,0.0,0.0,0.0,4.384213811152069,4.384213811152069,4.384213811152069,Planner A
SKU0013@LOC01,2025-08-25,2025-08-04,3,14.0,0.0,0.0,4.384213811152069,4.384213811152069,4.384213811152069,Planner A
SKU0013@LOC01,2025-09-01,2025-08-04,4,0.0,0.0,16.0,4.384213811152069,4.384213811152069,4.384213811152069,Planner A
SKU0013@LOC01,2025-09-08,2025-09-01,1,0.0,0.0,26.0,3.7011000704750114,3.7011000704750114,3.7011000704750114,Planner A
SKU0013@LOC01,2025-09-15,2025-09-01,2,1.0,0.0,17.0,3.7011000704750114,4.833846399783404,4.833846399783404,Planner A
SKU0013@LOC01,2025-09-22,2025-09-01,3,1.0,0.0,0.0,3.7011000704750114,3.7011000704750114,3.7011000704750114,Planner A
SKU0013@LOC01,2025-09-29,2025-09-01,4,14.0,0.0,0.0,3.7011000704750114,3.7011000704750114,3.7011000704750114,Planner A
SKU0013@LOC01,2025-10-06,2025-09-29,1,0.0,14.0,0.0,3.6669470865089684,4.193271584088517,4.193271584088517,Planner A
SKU0013@LOC01,2025-10-13,2025-09-29,2,11.0,14.0,0.0,3.6669470865089684,3.6669470865089684,3.6669470865089684,Planner A
SKU0013@LOC01,2025-10-20,2025-09-29,3,0.0,14.0,29.0,3.6669470865089684,3.6669470865089684,3.6669470865089684,Planner A
SKU0013@LOC01,2025-10-27,2025-09-29,4,0.0,14.0,24.0,3.6669470865089684,3.6669470865089684,3.6669470865089684,Planner A
SKU0013@LOC01,2025-11-03,2025-10-27,1,0.0,0.0,6.0,3.7674001718699643,3.7674001718699643,3.7674001718699643,Planner A
SKU0013@LOC01,2025-11-10,2025-10-27,2,0.0,0.0,1.0,3.7674001718699643,3.7674001718699643,3.7674001718699643,Planner A
SKU0013@LOC01,2025-11-17,2025-10-27,3,0.0,0.0,0.0,3.7674001718699643,2.9566123905488304,2.9566123905488304,Planner A
SKU0013@LOC01,2025-11-24,2025-10-27,4,0.0,0.0,5.0,3.7674001718699643,2.5662409959296144,2.5662409959296144,Planner A
SKU0013@LOC01,2025-12-01,2025-11-24,1,0.0,0.0,0.0,3.7674001718699643,3.7674001718699643,3.7674001718699643,Planner A
SKU0013@LOC01,2025-12-08,2025-11-24,2,0.0,0.0,0.0,3.7674001718699643,5.603930384806956,5.603930384806956,Planner A
SKU0013@LOC01,2025-12-15,2025-11-24,3,0.0,0.0,12.0,3.7674001718699643,4.850591047910312,4.850591047910312,Planner A
SKU0013@LOC01,2025-12-22,2025-11-24,4,0.0,0.0,0.0,3.7674001718699643,2.386857034630072,2.386857034630072,Planner A
SKU0013@LOC02,2025-05-19,2025-05-12,1,2.0,0.0,10.0,1.9159221294504751,1.165332904129738,1.165332904129738,Planner B
SKU0013@LOC02,2025-05-26,2025-05-12,2,3.0,0.0,0.0,1.9159221294504751,1.9159221294504751,1.9159221294504751,Planner B
SKU0013@LOC02,2025-06-02,2025-05-12,3,4.0,0.0,0.0,1.9159221294504751,1.9159221294504751,1.9159221294504751,Planner B
SKU0013@LOC02,2025-06-09,2025-05-12,4,3.0,0.0,0.0,1.9159221294504751,1.9159221294504751,1.9159221294504751,Planner B
SKU0013@LOC02,2025-06-16,2025-06-09,1,5.0,3.0,0.0,1.9464748701471464,2.5185297187299422,2.5185297187299422,Planner B
SKU0013@LOC02,2025-06-23,2025-06-09,2,1.0,3.0,0.0,1.9464748701471464,1.9464748701471464,1.9464748701471464,Planner B
SKU0013@LOC02,2025-06-30,2025-06-09,3,3.0,3.0,0.0,1.9464748701471464,1.9464748701471464,1.9464748701471464,Planner B
SKU0013@LOC02,2025-07-07,2025-06-09,4,0.0,3.0,0.0,1.9464748701471464,1.9464748701471464,1.9464748701471464,Planner B
SKU0013@LOC02,2025-07-14,2025-07-07,1,0.0,0.0,1.0,2.083836247206087,2.083836247206087,2.083836247206087,Planner B
SKU0013@LOC02,2025-07-21,2025-07-07,2,0.0,0.0,11.0,2.083836247206087,2.083836247206087,2.083836247206087,Planner B
SKU0013@LOC02,2025-07-28,2025-07-07,3,10.0,0.0,0.0,2.083836247206087,2.083836247206087,2.083836247206087,Planner B
SKU0013@LOC02,2025-08-04,2025-07-07,4,0.0,0.0,0.0,2.083836247206087,2.0593437220509845,2.0593437220509845,Planner B
SKU0013@LOC02,2025-08-11,2025-08-04,1,2.0,0.0,0.0,2.1453843970606825,2.4368871276996136,2.4368871276996136,Planner B
SKU0013@LOC02,2025-08-18,2025-08-04,2,0.0,0.0,0.0,2.1453843970606825,2.1453843970606825,2.1453843970606825,Planner B
SKU0013@LOC02,2025-08-25,2025-08-04,3,0.0,0.0,0.0,2.1453843970606825,1.3178858082494984,1.3178858082494984,Planner B
SKU0013@LOC02,2025-09-01,2025-08-04,4,0.0,0.0,0.0,2.1453843970606825,2.1453843970606825,2.1453843970606825,Planner B
SKU0013@LOC02,2025-09-08,2025-09-01,1,0.0,0.0,0.0,2.019755455959186,2.019755455959186,2.019755455959186,Planner B
SKU0013@LOC02,2025-09-15,2025-09-01,2,0.0,0.0,5.0,2.019755455959186,2.019755455959186,2.019755455959186,Planner B
SKU0013@LOC02,2025-09-22,2025-09-01,3,0.0,0.0,13.0,2.019755455959186,2.019755455959186,2.019755455959186,Planner B
SKU0013@LOC02,2025-09-29,2025-09-01,4,2.0,0.0,0.0,2.019755455959186,2.019755455959186,2.019755455959186,Planner B
SKU0013@LOC02,2025-10-06,2025-09-29,1,2.0,2.0,0.0,1.5125184875332074,1.6951265572009167,1.6951265572009167,Planner B
SKU0013@LOC02,2025-10-13,2025-09-29,2,0.0,2.0,2.0,1.5125184875332074,1.733673495810173,1.733673495810173,Planner B
SKU0013@LOC02,2025-10-20,2025-09-29,3,0.0,2.0,0.0,1.5125184875332074,1.5125184875332074,1.5125184875332074,Planner B
SKU0013@LOC02,2025-10-27,2025-09-29,4,12.0,2.0,0.0,1.5125184875332074,1.5125184875332074,1.5125184875332074,Planner B
SKU0013@LOC02,2025-11-03,2025-10-27,1,0.0,12.0,6.0,1.8201211219586884,2.2767130573354084,2.2767130573354084,Planner B
SKU0013@LOC02,2025-11-10,2025-10-27,2,0.0,12.0,2.0,1.8201211219586884,1.8201211219586884,1.8201211219586884,Planner B
SKU0013@LOC02,2025-11-17,2025-10-27,3,0.0,12.0,0.0,1.8201211219586884,1.8201211219586884,1.8201211219586884,Planner B
SKU0013@LOC02,2025-11-24,2025-10-27,4,0.0,12.0,1.0,1.8201211219586884,1.8201211219586884,1.8201211219586884,Planner B
SKU0013@LOC02,2025-12-01,2025-11-24,1,1.0,0.0,9.0,1.8201211219586884,1.8201211219586884,1.8201211219586884,Planner B
SKU0013@LOC02,2025-12-08,2025-11-24,2,0.0,0.0,0.0,1.8201211219586884,1.8201211219586884,1.8201211219586884,Planner B
SKU0013@LOC02,2025-12-15,2025-11-24,3,0.0,0.0,0.0,1.8201211219586884,3.125085203822561,3.125085203822561,Planner B
SKU0013@LOC02,2025-12-22,2025-11-24,4,2.0,0.0,0.0,1.8201211219586884,1.8201211219586884,1.8201211219586884,Planner B
SKU0013@LOC03,2025-05-19,2025-05-12,1,0.0,0.0,5.0,2.3864608258961675,2.3864608258961675,2.3864608258961675,Planner C
SKU0013@LOC03,2025-05-26,2025-05-12,2,0.0,0.0,8.0,2.3864608258961675,2.3864608258961675,2.3864608258961675,Planner C
SKU0013@LOC03,2025-06-02,2025-05-12,3,1.0,0.0,0.0,2.3864608258961675,2.3864608258961675,2.3864608258961675,Planner C
SKU0013@LOC03,2025-06-09,2025-05-12,4,4.0,0.0,0.0,2.3864608258961675,3.2467714946503694,3.2467714946503694,Planner C
SKU0013@LOC03,2025-06-16,2025-06-09,1,0.0,4.0,0.0,2.1601947990987123,3.311821366462963,3.311821366462963,Planner C
SKU0013@LOC03,2025-06-23,2025-06-09,2,0.0,4.0,0.0,2.1601947990987123,1.2258237639931568,1.2258237639931568,Planner C
SKU0013@LOC03,2025-06-30,2025-06-09,3,0.0,4.0,0.0,2.1601947990987123,2.1601947990987123,2.1601947990987123,Planner C
SKU0013@LOC03,2025-07-07,2025-06-09,4,3.0,4.0,1.0,2.1601947990987123,2.1601947990987123,2.1601947990987123,Planner C
SKU0013@LOC03,2025-07-14,2025-07-07,1,0.0,3.0,0.0,1.9615359814889617,1.9508173851151458,1.9508173851151458,Planner C
SKU0013@LOC03,2025-07-21,2025-07-07,2,0.0,3.0,0.0,1.9615359814889617,1.9615359814889617,1.9615359814889617,Planner C
SKU0013@LOC03,2025-07-28,2025-07-07,3,8.0,3.0,0.0,1.9615359814889617,1.9615359814889617,1.9615359814889617,Planner C
SKU0013@LOC03,2025-08-04,2025-07-07,4,3.0,3.0,3.0,1.9615359814889617,1.9615359814889617,1.9615359814889617,Planner C
SKU0013@LOC03,2025-08-11,2025-08-04,1,2.0,3.0,0.0,2.050595988513698,2.050595988513698,2.050595988513698,Planner C
SKU0013@LOC03,2025-08-18,2025-08-04,2,0.0,3.0,0.0,2.050595988513698,1.8249376631884295,1.8249376631884295,Planner C
SKU0013@LOC03,2025-08-25,2025-08-04,3,22.0,3.0,8.0,2.050595988513698,9.850937001480686,9.850937001480686,Planner C
SKU0013@LOC03,2025-09-01,2025-08-04,4,0.0,3.0,0.0,2.050595988513698,2.050595988513698,2.050595988513698,Planner C
SKU0013@LOC03,2025-09-08,2025-09-01,1,3.0,0.0,4.0,2.7165434557263297,3.7159637556086027,3.7159637556086027,Planner C
SKU0013@LOC03,2025-09-15,2025-09-01,2,4.0,0.0,0.0,2.7165434557263297,2.7165434557263297,2.7165434557263297,Planner C
SKU0013@LOC03,2025-09-22,2025-09-01,3,0.0,0.0,16.0,2.7165434557263297,2.4836692482497154,2.4836692482497154,Planner C
SKU0013@LOC03,2025-09-29,2025-09-01,4,0.0,0.0,0.0,2.7165434557263297,3.6593756221481017,3.6593756221481017,Planner C
SKU0013@LOC03,2025-10-06,2025-09-29,1,1.0,0.0,0.0,2.662731435831769,3.9620907915383254,3.9620907915383254,Planner C
SKU0013@LOC03,2025-10-13,2025-09-29,2,0.0,0.0,0.0,2.662731435831769,2.662731435831769,2.662731435831769,Planner C
SKU0013@LOC03,2025-10-20,2025-09-29,3,1.0,0.0,6.0,2.662731435831769,3.8174256198579766,3.8174256198579766,Planner C
SKU0013@LOC03,2025-10-27,2025-09-29,4,0.0,0.0,0.0,2.662731435831769,2.171394690973009,2.171394690973009,Planner C
SKU0013@LOC03,2025-11-03,2025-10-27,1,4.0,0.0,0.0,2.20474992570345,2.20474992570345,2.20474992570345,Planner C
SKU0013@LOC03,2025-11-10,2025-10-27,2,0.0,0.0,0.0,2.20474992570345,2.20474992570345,2.20474992570345,Planner C
SKU0013@LOC03,2025-11-17,2025-10-27,3,5.0,0.0,5.0,2.20474992570345,2.20474992570345,2.20474992570345,Planner C
SKU0013@LOC03,2025-11-24,2025-10-27,4,0.0,0.0,0.0,2.20474992570345,3.373897627909571,3.373897627909571,Planner C
SKU0013@LOC03,2025-12-01,2025-11-24,1,0.0,0.0,0.0,2.195601563265551,2.195601563265551,2.195601563265551,Planner C
SKU0013@LOC03,2025-12-08,2025-11-24,2,8.0,0.0,0.0,2.195601563265551,3.210703964224141,3.210703964224141,Planner C
SKU0013@LOC03,2025-12-15,2025-11-24,3,0.0,0.0,7.0,2.195601563265551,2.195601563265551,2.195601563265551,Planner C
SKU0013@LOC03,2025-12-22,2025-11-24,4,2.0,0.0,0.0,2.195601563265551,2.280832881093849,2.280832881093849,Planner C
SKU0014@LOC01,2025-05-19,2025-05-12,1,5.0,27.0,13.0,15.85596606725672,15.85596606725672,16.648764370619556,Planner D
SKU0014@LOC01,2025-05-26,2025-05-12,2,5.0,27.0,9.0,15.85596606725672,15.85596606725672,16.648764370619556,Planner D
SKU0014@LOC01,2025-06-02,2025-05-12,3,19.0,27.0,8.0,15.85596606725672,15.71006263070068,16.495565762235714,Planner D
SKU0014@LOC01,2025-06-09,2025-05-12,4,0.0,27.0,8.0,15.85596606725672,16.48593491325608,17.310231658918887,Planner D
SKU0014@LOC01,2025-06-16,2025-06-09,1,124.0,0.0,49.0,7.766933202316471,53.90552275295541,56.60079889060319,Planner D
SKU0014@LOC01,2025-06-23,2025-06-09,2,14.0,0.0,14.0,7.766933202316471,7.766933202316471,8.155279862432295,Planner D
SKU0014@LOC01,2025-06-30,2025-06-09,3,65.0,0.0,94.0,7.766933202316471,30.330699105025232,31.847234060276495,Planner D
SKU0014@LOC01,2025-07-07,2025-06-09,4,7.0,0.0,0.0,7.766933202316471,7.766933202316471,8.155279862432295,Planner D
SKU0014@LOC01,2025-07-14,2025-07-07,1,33.0,7.0,44.0,32.72095954308921,32.72095954308921,34.35700752024367,Planner D
SKU0014@LOC01,2025-07-21,2025-07-07,2,28.0,7.0,16.0,32.72095954308921,32.72095954308921,34.35700752024367,Planner D
SKU0014@LOC01,2025-07-28,2025-07-07,3,5.0,7.0,34.0,32.72095954308921,32.72095954308921,34.35700752024367,Planner D
SKU0014@LOC01,2025-08-04,2025-07-07,4,46.0,7.0,4.0,32.72095954308921,32.72095954308921,34.35700752024367,Planner D
SKU0014@LOC01,2025-08-11,2025-08-04,1,10.0,46.0,0.0,30.39081453443857,35.44427276368158,37.216486401865666,Planner D
SKU0014@LOC01,2025-08-18,2025-08-04,2,13.0,46.0,68.0,30.39081453443857,30.39081453443857,31.910355261160497,Planner D
SKU0014@LOC01,2025-08-25,2025-08-04,3,7.0,46.0,58.0,30.39081453443857,30.39081453443857,31.910355261160497,Planner D
SKU0014@LOC01,2025-09-01,2025-08-04,4,54.0,46.0,26.0,30.39081453443857,30.39081453443857,31.910355261160497,Planner D
SKU0014@LOC01,2025-09-08,2025-09-01,1,30.0,54.0,16.0,28.801012836988125,28.801012836988125,30.241063478837532,Planner D
SKU0014@LOC01,2025-09-15,2025-09-01,2,21.0,54.0,22.0,28.801012836988125,28.801012836988125,30.241063478837532,Planner D
SKU0014@LOC01,2025-09-22,2025-09-01,3,30.0,54.0,16.0,28.801012836988125,40.208151717725784,42.218559303612075,Planner D
SKU0014@LOC01,2025-09-29,2025-09-01,4,33.0,54.0,13.0,28.801012836988125,28.801012836988125,30.241063478837532,Planner D
SKU0014@LOC01,2025-10-06,2025-09-29,1,11.0,33.0,18.0,29.505098297732612,29.505098297732612,30.980353212619246,Planner D
SKU0014@LOC01,2025-10-13,2025-09-29,2,47.0,33.0,42.0,29.505098297732612,29.505098297732612,30.980353212619246,Planner D
SKU0014@LOC01,2025-10-20,2025-09-29,3,9.0,33.0,46.0,29.505098297732612,29.505098297732612,30.980353212619246,Planner D
SKU0014@LOC01,2025-10-27,2025-09-29,4,35.0,33.0,14.0,29.505098297732612,29.505098297732612,30.980353212619246,Planner D
SKU0014@LOC01,2025-11-03,2025-10-27,1,27.0,35.0,19.0,27.57177570300963,27.57177570300963,28.950364488160115,Planner D
SKU0014@LOC01,2025-11-10,2025-10-27,2,15.0,35.0,9.0,27.57177570300963,27.57177570300963,28.950364488160115,Planner D
SKU0014@LOC01,2025-11-17,2025-10-27,3,25.0,35.0,36.0,27.57177570300963,12.144448472759288,12.751670896397254,Planner D
SKU0014@LOC01,2025-11-24,2025-10-27,4,29.0,35.0,9.0,27.57177570300963,27.57177570300963,28.950364488160115,Planner D
SKU0014@LOC01,2025-12-01,2025-11-24,1,50.0,29.0,12.0,25.572565536585365,44.4905719753842,46.71510057415341,Planner D
SKU0014@LOC01,2025-12-08,2025-11-24,2,18.0,29.0,47.0,25.572565536585365,27.698593279706163,29.083522943691474,Planner D
SKU0014@LOC01,2025-12-15,2025-11-24,3,54.0,29.0,41.0,25.572565536585365,25.572565536585365,26.851193813414636,Planner D
SKU0014@LOC01,2025-12-22,2025-11-24,4,9.0,29.0,55.0,25.572565536585365,25.572565536585365,26.851193813414636,Planner D
SKU0014@LOC02,2025-05-19,2025-05-12,1,34.0,23.0,22.0,27.2237234613121,27.2237234613121,28.584909634377706,Planner A
SKU0014@LOC02,2025-05-26,2025-05-12,2,13.0,23.0,8.0,27.2237234613121,27.2237234613121,28.584909634377706,Planner A
SKU0014@LOC02,2025-06-02,2025-05-12,3,15.0,23.0,18.0,27.2237234613121,27.2237234613121,28.584909634377706,Planner A
SKU0014@LOC02,2025-06-09,2025-05-12,4,14.0,23.0,22.0,27.2237234613121,27.2237234613121,28.584909634377706,Planner A
SKU0014@LOC02,2025-06-16,2025-06-09,1,6.0,14.0,26.0,25.63055540751034,25.63055540751034,26.912083177885858,Planner A
SKU0014@LOC02,2025-06-23,2025-06-09,2,27.0,14.0,11.0,25.63055540751034,25.63055540751034,26.912083177885858,Planner A
SKU0014@LOC02,2025-06-30,2025-06-09,3,20.0,14.0,11.0,25.63055540751034,25.63055540751034,26.912083177885858,Planner A
SKU0014@LOC02,2025-07-07,2025-06-09,4,2.0,14.0,29.0,25.63055540751034,25.63055540751034,26.912083177885858,Planner A
SKU0014@LOC02,2025-07-14,2025-07-07,1,5.0,2.0,24.0,23.40183507038847,23.40183507038847,24.571926823907894,Planner A
SKU0014@LOC02,2025-07-21,2025-07-07,2,37.0,2.0,8.0,23.40183507038847,23.40183507038847,24.571926823907894,Planner A
SKU0014@LOC02,2025-07-28,2025-07-07,3,9.0,2.0,12.0,23.40183507038847,23.40183507038847,24.571926823907894,Planner A
SKU0014@LOC02,2025-08-04,2025-07-07,4,11.0,2.0,43.0,23.40183507038847,23.40183507038847,24.571926823907894,Planner A
SKU0014@LOC02,2025-08-11,2025-08-04,1,0.0,11.0,3.0,21.9224096763006,21.9224096763006,23.01853016011563,Planner A
SKU0014@LOC02,2025-08-18,2025-08-04,2,1.0,11.0,14.0,21.9224096763006,21.9224096763006,23.01853016011563,Planner A
SKU0014@LOC02,2025-08-25,2025-08-04,3,11.0,11.0,2.0,21.9224096763006,21.9224096763006,23.01853016011563,Planner A
SKU0014@LOC02,2025-09-01,2025-08-04,4,10.0,11.0,47.0,21.9224096763006,21.9224096763006,23.01853016011563,Planner A
SKU0014@LOC02,2025-09-08,2025-09-01,1,32.0,10.0,106.0,18.923564696407315,20.123797871172414,21.129987764731034,Planner A
SKU0014@LOC02,2025-09-15,2025-09-01,2,1.0,10.0,41.0,18.923564696407315,16.070856691840813,16.874399526432853,Planner A
SKU0014@LOC02,2025-09-22,2025-09-01,3,142.0,10.0,6.0,18.923564696407315,18.923564696407315,19.86974293122768,Planner A
SKU0014@LOC02,2025-09-29,2025-09-01,4,36.0,10.0,3.0,18.923564696407315,18.923564696407315,19.86974293122768,Planner A
SKU0014@LOC02,2025-10-06,2025-09-29,1,7.0,36.0,42.0,25.375286717503112,21.570802232311944,22.649342343927543,Planner A
SKU0014@LOC02,2025-10-13,2025-09-29,2,19.0,36.0,32.0,25.375286717503112,25.375286717503112,26.64405105337827,Planner A
SKU0014@LOC02,2025-10-20,2025-09-29,3,22.0,36.0,7.0,25.375286717503112,25.375286717503112,26.64405105337827,Planner A
SKU0014@LOC02,2025-10-27,2025-09-29,4,2.0,36.0,3.0,25.375286717503112,19.89015358122107,20.884661260282126,Planner A
SKU0014@LOC02,2025-11-03,2025-10-27,1,56.0,2.0,21.0,22.97078587694827,22.97078587694827,24.119325170795683,Planner A
SKU0014@LOC02,2025-11-10,2025-10-27,2,3.0,2.0,17.0,22.97078587694827,22.97078587694827,24.119325170795683,Planner A
SKU0014@LOC02,2025-11-17,2025-10-27,3,17.0,2.0,93.0,22.97078587694827,22.97078587694827,24.119325170795683,Planner A
SKU0014@LOC02,2025-11-24,2025-10-27,4,14.0,2.0,31.0,22.97078587694827,22.97078587694827,24.119325170795683,Planner A
SKU0014@LOC02,2025-12-01,2025-11-24,1,22.0,14.0,1.0,22.753373664186096,19.001605698726244,19.951685983662557,Planner A
SKU0014@LOC02,2025-12-08,2025-11-24,2,40.0,14.0,35.0,22.753373664186096,22.753373664186096,23.891042347395402,Planner A
SKU0014@LOC02,2025-12-15,2025-11-24,3,29.0,14.0,56.0,22.753373664186096,22.753373664186096,23.891042347395402,Planner A
SKU0014@LOC02,2025-12-22,2025-11-24,4,4.0,14.0,28.0,22.753373664186096,22.753373664186096,23.891042347395402,Planner A
SKU0014@LOC03,2025-05-19,2025-05-12,1,50.0,1.0,63.0,28.803286137331117,28.803286137331117,30.243450444197673,Planner B
SKU0014@LOC03,2025-05-26,2025-05-12,2,1.0,1.0,5.0,28.803286137331117,18.012860544282173,18.913503571496282,Planner B
SKU0014@LOC03,2025-06-02,2025-05-12,3,15.0,1.0,6.0,28.803286137331117,32.20180435940452,33.811894577374744,Planner B
SKU0014@LOC03,2025-06-09,2025-05-12,4,15.0,1.0,22.0,28.803286137331117,28.803286137331117,30.243450444197673,Planner B
SKU0014@LOC03,2025-06-16,2025-06-09,1,1.0,15.0,34.0,27.11151907939455,27.11151907939455,28.46709503336428,Planner B
SKU0014@LOC03,2025-06-23,2025-06-09,2,32.0,15.0,50.0,27.11151907939455,30.78514023874249,32.32439725067962,Planner B
SKU0014@LOC03,2025-06-30,2025-06-09,3,41.0,15.0,30.0,27.11151907939455,27.11151907939455,28.46709503336428,Planner B
SKU0014@LOC03,2025-07-07,2025-06-09,4,14.0,15.0,10.0,27.11151907939455,27.11151907939455,28.46709503336428,Planner B
SKU0014@LOC03,2025-07-14,2025-07-07,1,84.0,14.0,105.0,26.216870487161106,26.216870487161106,27.527714011519162,Planner B
SKU0014@LOC03,2025-07-21,2025-07-07,2,2.0,14.0,7.0,26.216870487161106,26.216870487161106,27.527714011519162,Planner B
SKU0014@LOC03,2025-07-28,2025-07-07,3,0.0,14.0,20.0,26.216870487161106,27.378603622477094,28.74753380360095,Planner B
SKU0014@LOC03,2025-08-04,2025-07-07,4,36.0,14.0,24.0,26.216870487161106,26.216870487161106,27.527714011519162,Planner B
SKU0014@LOC03,2025-08-11,2025-08-04,1,5.0,36.0,50.0,26.845029867233265,26.845029867233265,28.18728136059493,Planner B
SKU0014@LOC03,2025-08-18,2025-08-04,2,22.0,36.0,17.0,26.845029867233265,26.845029867233265,28.18728136059493,Planner B
SKU0014@LOC03,2025-08-25,2025-08-04,3,81.0,36.0,63.0,26.845029867233265,26.845029867233265,28.18728136059493,Planner B
SKU0014@LOC03,2025-09-01,2025-08-04,4,6.0,36.0,14.0,26.845029867233265,26.845029867233265,28.18728136059493,Planner B
SKU0014@LOC03,2025-09-08,2025-09-01,1,58.0,6.0,22.0,27.220038358298165,35.94477099289381,37.7420095425385,Planner B
SKU0014@LOC03,2025-09-15,2025-09-01,2,5.0,6.0,15.0,27.220038358298165,22.74238463005701,23.87950386155986,Planner B
SKU0014@LOC03,2025-09-22,2025-09-01,3,17.0,6.0,50.0,27.220038358298165,27.220038358298165,28.581040276213074,Planner B
SKU0014@LOC03,2025-09-29,2025-09-01,4,90.0,6.0,2.0,27.220038358298165,27.220038358298165,28.581040276213074,Planner B
SKU0014@LOC03,2025-10-06,2025-09-29,1,61.0,90.0,19.0,30.190403868073595,30.190403868073595,31.699924061477276,Planner B
SKU0014@LOC03,2025-10-13,2025-09-29,2,7.0,90.0,12.0,30.190403868073595,30.190403868073595,31.699924061477276,Planner B
SKU0014@LOC03,2025-10-20,2025-09-29,3,38.0,90.0,89.0,30.190403868073595,30.190403868073595,31.699924061477276,Planner B
SKU0014@LOC03,2025-10-27,2025-09-29,4,13.0,90.0,8.0,30.190403868073595,30.190403868073595,31.699924061477276,Planner B
SKU0014@LOC03,2025-11-03,2025-10-27,1,18.0,13.0,16.0,29.976141390570117,18.052346352925657,18.95496367057194,Planner B
SKU0014@LOC03,2025-11-10,2025-10-27,2,26.0,13.0,17.0,29.976141390570117,29.976141390570117,31.474948460098624,Planner B
SKU0014@LOC03,2025-11-17,2025-10-27,3,34.0,13.0,4.0,29.976141390570117,29.976141390570117,31.474948460098624,Planner B
SKU0014@LOC03,2025-11-24,2025-10-27,4,35.0,13.0,16.0,29.976141390570117,29.976141390570117,31.474948460098624,Planner B
SKU0014@LOC03,2025-12-01,2025-11-24,1,22.0,35.0,30.0,29.72564201350305,28.52787675931371,29.954270597279397,Planner B
SKU0014@LOC03,2025-12-08,2025-11-24,2,19.0,35.0,85.0,29.72564201350305,29.72564201350305,31.211924114178206,Planner B
SKU0014@LOC03,2025-12-15,2025-11-24,3,51.0,35.0,49.0,29.72564201350305,29.72564201350305,31.211924114178206,Planner B
SKU0014@LOC03,2025-12-22,2025-11-24,4,52.0,35.0,36.0,29.72564201350305,29.72564201350305,31.211924114178206,Planner B
SKU0015@LOC01,2025-05-19,2025-05-12,1,9.0,14.0,14.0,12.178628362299934,12.178628362299934,12.78755978041493,Planner C
SKU0015@LOC01,2025-05-26,2025-05-12,2,14.0,14.0,13.0,12.178628362299934,12.178628362299934,12.78755978041493,Planner C
SKU0015@LOC01,2025-06-02,2025-05-12,3,11.0,14.0,15.0,12.178628362299934,12.178628362299934,12.78755978041493,Planner C
SKU0015@LOC01,2025-06-09,2025-05-12,4,13.0,14.0,18.0,12.178628362299934,12.178628362299934,12.78755978041493,Planner C
SKU0015@LOC01,2025-06-16,2025-06-09,1,20.0,13.0,10.0,12.061966177198054,12.061966177198054,12.665064486057958,Planner C
SKU0015@LOC01,2025-06-23,2025-06-09,2,10.0,13.0,24.0,12.061966177198054,14.819416910329736,15.560387755846223,Planner C
SKU0015@LOC01,2025-06-30,2025-06-09,3,18.0,13.0,14.0,12.061966177198054,12.061966177198054,12.665064486057958,Planner C
SKU0015@LOC01,2025-07-07,2025-06-09,4,15.0,13.0,11.0,12.061966177198054,12.061966177198054,12.665064486057958,Planner C
SKU0015@LOC01,2025-07-14,2025-07-07,1,10.0,15.0,15.0,14.148581346180324,12.852786926839912,13.495426273181907,Planner C
SKU0015@LOC01,2025-07-21,2025-07-07,2,17.0,15.0,19.0,14.148581346180324,14.148581346180324,14.85601041348934,Planner C
SKU0015@LOC01,2025-07-28,2025-07-07,3,17.0,15.0,23.0,14.148581346180324,14.148581346180324,14.85601041348934,Planner C
SKU0015@LOC01,2025-08-04,2025-07-07,4,23.0,15.0,14.0,14.148581346180324,21.116229710653876,22.17204119618657,Planner C
SKU0015@LOC01,2025-08-11,2025-08-04,1,14.0,23.0,20.0,16.31525891939546,16.31525891939546,17.131021865365234,Planner C
SKU0015@LOC01,2025-08-18,2025-08-04,2,13.0,23.0,10.0,16.31525891939546,16.31525891939546,17.131021865365234,Planner C
SKU0015@LOC01,2025-08-25,2025-08-04,3,17.0,23.0,11.0,16.31525891939546,16.31525891939546,17.131021865365234,Planner C
SKU0015@LOC01,2025-09-01,2025-08-04,4,19.0,23.0,34.0,16.31525891939546,15.57935877734337,16.358326716210538,Planner C
SKU0015@LOC01,2025-09-08,2025-09-01,1,29.0,19.0,25.0,16.300330053384382,16.300330053384382,17.115346556053602,Planner C
SKU0015@LOC01,2025-09-15,2025-09-01,2,20.0,19.0,25.0,16.300330053384382,16.300330053384382,17.115346556053602,Planner C
SKU0015@LOC01,2025-09-22,2025-09-01,3,23.0,19.0,23.0,16.300330053384382,16.300330053384382,17.115346556053602,Planner C
SKU0015@LOC01,2025-09-29,2025-09-01,4,21.0,19.0,24.0,16.300330053384382,20.453107626645977,21.475763007978276,Planner C
SKU0015@LOC01,2025-10-06,2025-09-29,1,8.0,21.0,17.0,20.086215189866245,20.086215189866245,21.09052594935956,Planner C
SKU0015@LOC01,2025-10-13,2025-09-29,2,16.0,21.0,22.0,20.086215189866245,20.086215189866245,21.09052594935956,Planner C
SKU0015@LOC01,2025-10-20,2025-09-29,3,13.0,21.0,12.0,20.086215189866245,10.585713208285222,11.114998868699484,Planner C
SKU0015@LOC01,2025-10-27,2025-09-29,4,29.0,21.0,18.0,20.086215189866245,17.051085773260173,17.90364006192318,Planner C
SKU0015@LOC01,2025-11-03,2025-10-27,1,21.0,29.0,29.0,18.97451374176921,16.667502800209554,17.500877940220033,Planner C
SKU0015@LOC01,2025-11-10,2025-10-27,2,17.0,29.0,17.0,18.97451374176921,18.97451374176921,19.923239428857674,Planner C
SKU0015@LOC01,2025-11-17,2025-10-27,3,17.0,29.0,19.0,18.97451374176921,17.819932979797777,18.710929628787667,Planner C
SKU0015@LOC01,2025-11-24,2025-10-27,4,22.0,29.0,14.0,18.97451374176921,18.97451374176921,19.923239428857674,Planner C
SKU0015@LOC01,2025-12-01,2025-11-24,1,18.0,22.0,17.0,19.21836082862867,19.21836082862867,20.179278870060102,Planner C
SKU0015@LOC01,2025-12-08,2025-11-24,2,16.0,22.0,30.0,19.21836082862867,19.21836082862867,20.179278870060102,Planner C
SKU0015@LOC01,2025-12-15,2025-11-24,3,12.0,22.0,14.0,19.21836082862867,19.21836082862867,20.179278870060102,Planner C
SKU0015@LOC01,2025-12-22,2025-11-24,4,9.0,22.0,19.0,19.21836082862867,25.045543018723713,26.2978201696599,Planner C
SKU0015@LOC02,2025-05-19,2025-05-12,1,7.0,9.0,4.0,8.628847807277399,8.628847807277399,9.060290197641269,Planner D
SKU0015@LOC02,2025-05-26,2025-05-12,2,17.0,9.0,9.0,8.628847807277399,8.628847807277399,9.060290197641269,Planner D
SKU0015@LOC02,2025-06-02,2025-05-12,3,7.0,9.0,10.0,8.628847807277399,8.628847807277399,9.060290197641269,Planner D
SKU0015@LOC02,2025-06-09,2025-05-12,4,9.0,9.0,10.0,8.628847807277399,8.628847807277399,9.060290197641269,Planner D
SKU0015@LOC02,2025-06-16,2025-06-09,1,12.0,9.0,10.0,9.421627626521365,9.421627626521365,9.892709007847435,Planner D
SKU0015@LOC02,2025-06-23,2025-06-09,2,22.0,9.0,16.0,9.421627626521365,9.927818125246159,10.424209031508466,Planner D
SKU0015@LOC02,2025-06-30,2025-06-09,3,8.0,9.0,8.0,9.421627626521365,9.421627626521365,9.892709007847435,Planner D
SKU0015@LOC02,2025-07-07,2025-06-09,4,5.0,9.0,13.0,9.421627626521365,9.421627626521365,9.892709007847435,Planner D
SKU0015@LOC02,2025-07-14,2025-07-07,1,24.0,5.0,9.0,10.171732276681032,10.171732276681032,10.680318890515084,Planner D
SKU0015@LOC02,2025-07-21,2025-07-07,2,14.0,5.0,11.0,10.171732276681032,15.755423744302947,16.543194931518094,Planner D
SKU0015@LOC02,2025-07-28,2025-07-07,3,14.0,5.0,4.0,10.171732276681032,10.171732276681032,10.680318890515084,Planner D
SKU0015@LOC02,2025-08-04,2025-07-07,4,12.0,5.0,11.0,10.171732276681032,10.171732276681032,10.680318890515084,Planner D
SKU0015@LOC02,2025-08-11,2025-08-04,1,14.0,12.0,25.0,13.05594154052855,13.05594154052855,13.708738617554978,Planner D
SKU0015@LOC02,2025-08-18,2025-08-04,2,13.0,12.0,17.0,13.05594154052855,13.665072461790471,14.348326084879995,Planner D
SKU0015@LOC02,2025-08-25,2025-08-04,3,9.0,12.0,20.0,13.05594154052855,13.05594154052855,13.708738617554978,Planner D
SKU0015@LOC02,2025-09-01,2025-08-04,4,14.0,12.0,20.0,13.05594154052855,13.05594154052855,13.708738617554978,Planner D
SKU0015@LOC02,2025-09-08,2025-09-01,1,5.0,14.0,14.0,12.685313655000495,14.996360915454343,15.746178961227061,Planner D
SKU0015@LOC02,2025-09-15,2025-09-01,2,20.0,14.0,13.0,12.685313655000495,15.287707012042793,16.052092362644935,Planner D
SKU0015@LOC02,2025-09-22,2025-09-01,3,15.0,14.0,13.0,12.685313655000495,12.685313655000495,13.31957933775052,Planner D
SKU0015@LOC02,2025-09-29,2025-09-01,4,7.0,14.0,9.0,12.685313655000495,19.43788939752976,20.409783867406247,Planner D
SKU0015@LOC02,2025-10-06,2025-09-29,1,20.0,7.0,23.0,12.067904473088204,12.067904473088204,12.671299696742615,Planner D
SKU0015@LOC02,2025-10-13,2025-09-29,2,24.0,7.0,22.0,12.067904473088204,12.067904473088204,12.671299696742615,Planner D
SKU0015@LOC02,2025-10-20,2025-09-29,3,8.0,7.0,15.0,12.067904473088204,12.067904473088204,12.671299696742615,Planner D
SKU0015@LOC02,2025-10-27,2025-09-29,4,17.0,7.0,29.0,12.067904473088204,12.067904473088204,12.671299696742615,Planner D
SKU0015@LOC02,2025-11-03,2025-10-27,1,19.0,17.0,16.0,14.743013672176929,14.743013672176929,15.480164355785776,Planner D
SKU0015@LOC02,2025-11-10,2025-10-27,2,12.0,17.0,21.0,14.743013672176929,21.12711984373655,22.183475835923378,Planner D
SKU0015@LOC02,2025-11-17,2025-10-27,3,13.0,17.0,18.0,14.743013672176929,14.743013672176929,15.480164355785776,Planner D
SKU0015@LOC02,2025-11-24,2025-10-27,4,15.0,17.0,14.0,14.743013672176929,14.743013672176929,15.480164355785776,Planner D
SKU0015@LOC02,2025-12-01,2025-11-24,1,22.0,15.0,18.0,14.60033840012367,15.643528894159552,16.42570533886753,Planner D
SKU0015@LOC02,2025-12-08,2025-11-24,2,7.0,15.0,20.0,14.60033840012367,21.152541445547687,22.21016851782507,Planner D
SKU0015@LOC02,2025-12-15,2025-11-24,3,10.0,15.0,13.0,14.60033840012367,14.60033840012367,15.330355320129854,Planner D
SKU0015@LOC02,2025-12-22,2025-11-24,4,14.0,15.0,21.0,14.60033840012367,15.731695997834981,16.51828079772673,Planner D
SKU0015@LOC03,2025-05-19,2025-05-12,1,13.0,4.0,12.0,8.704222323780549,8.704222323780549,9.139433439969576,Planner A
SKU0015@LOC03,2025-05-26,2025-05-12,2,8.0,4.0,10.0,8.704222323780549,8.704222323780549,9.139433439969576,Planner A
SKU0015@LOC03,2025-06-02,2025-05-12,3,14.0,4.0,17.0,8.704222323780549,8.704222323780549,9.139433439969576,Planner A
SKU0015@LOC03,2025-06-09,2025-05-12,4,7.0,4.0,17.0,8.704222323780549,8.704222323780549,9.139433439969576,Planner A
SKU0015@LOC03,2025-06-16,2025-06-09,1,12.0,7.0,18.0,9.62516409463369,9.62516409463369,10.106422299365374,Planner A
SKU0015@LOC03,2025-06-23,2025-06-09,2,15.0,7.0,22.0,9.62516409463369,9.62516409463369,10.106422299365374,Planner A
SKU0015@LOC03,2025-06-30,2025-06-09,3,12.0,7.0,12.0,9.62516409463369,11.971057834828017,12.569610726569417,Planner A
SKU0015@LOC03,2025-07-07,2025-06-09,4,12.0,7.0,16.0,9.62516409463369,9.62516409463369,10.106422299365374,Planner A
SKU0015@LOC03,2025-07-14,2025-07-07,1,24.0,12.0,24.0,11.67046207681769,11.67046207681769,12.253985180658576,Planner A
SKU0015@LOC03,2025-07-21,2025-07-07,2,21.0,12.0,18.0,11.67046207681769,11.67046207681769,12.253985180658576,Planner A
SKU0015@LOC03,2025-07-28,2025-07-07,3,23.0,12.0,17.0,11.67046207681769,11.67046207681769,12.253985180658576,Planner A
SKU0015@LOC03,2025-08-04,2025-07-07,4,19.0,12.0,18.0,11.67046207681769,11.67046207681769,12.253985180658576,Planner A
SKU0015@LOC03,2025-08-11,2025-08-04,1,10.0,19.0,20.0,18.929417422825047,18.929417422825047,19.8758882939663,Planner A
SKU0015@LOC03,2025-08-18,2025-08-04,2,35.0,19.0,19.0,18.929417422825047,18.929417422825047,19.8758882939663,Planner A
SKU0015@LOC03,2025-08-25,2025-08-04,3,12.0,19.0,23.0,18.929417422825047,18.929417422825047,19.8758882939663,Planner A
SKU0015@LOC03,2025-09-01,2025-08-04,4,24.0,19.0,14.0,18.929417422825047,18.929417422825047,19.8758882939663,Planner A
SKU0015@LOC03,2025-09-08,2025-09-01,1,21.0,24.0,15.0,19.9976486463318,19.9976486463318,20.99753107864839,Planner A
SKU0015@LOC03,2025-09-15,2025-09-01,2,17.0,24.0,12.0,19.9976486463318,19.9976486463318,20.99753107864839,Planner A
SKU0015@LOC03,2025-09-22,2025-09-01,3,19.0,24.0,27.0,19.9976486463318,27.62662196321754,29.00795306137842,Planner A
SKU0015@LOC03,2025-09-29,2025-09-01,4,19.0,24.0,20.0,19.9976486463318,13.620121957667283,14.301128055550649,Planner A
SKU0015@LOC03,2025-10-06,2025-09-29,1,17.0,19.0,22.0,19.24534976700342,19.24534976700342,20.207617255353593,Planner A
SKU0015@LOC03,2025-10-13,2025-09-29,2,26.0,19.0,25.0,19.24534976700342,19.24534976700342,20.207617255353593,Planner A
SKU0015@LOC03,2025-10-20,2025-09-29,3,26.0,19.0,21.0,19.24534976700342,19.24534976700342,20.207617255353593,Planner A
SKU0015@LOC03,2025-10-27,2025-09-29,4,18.0,19.0,17.0,19.24534976700342,19.24534976700342,20.207617255353593,Planner A
SKU0015@LOC03,2025-11-03,2025-10-27,1,30.0,18.0,19.0,20.913567699715927,20.887086056048062,21.931440358850466,Planner A
SKU0015@LOC03,2025-11-10,2025-10-27,2,22.0,18.0,22.0,20.913567699715927,15.21186646853826,15.972459791965173,Planner A
SKU0015@LOC03,2025-11-17,2025-10-27,3,36.0,18.0,32.0,20.913567699715927,24.93283020150724,26.179471711582604,Planner A
SKU0015@LOC03,2025-11-24,2025-10-27,4,23.0,18.0,13.0,20.913567699715927,20.913567699715927,21.959246084701725,Planner A
SKU0015@LOC03,2025-12-01,2025-11-24,1,12.0,23.0,21.0,25.374996029988246,23.908555174470244,25.10398293319376,Planner A
SKU0015@LOC03,2025-12-08,2025-11-24,2,27.0,23.0,14.0,25.374996029988246,25.374996029988246,26.64374583148766,Planner A
SKU0015@LOC03,2025-12-15,2025-11-24,3,22.0,23.0,21.0,25.374996029988246,25.374996029988246,26.64374583148766,Planner A
SKU0015@LOC03,2025-12-22,2025-11-24,4,10.0,23.0,14.0,25.374996029988246,25.374996029988246,26.64374583148766,Planner A
SKU0016@LOC01,2025-05-19,2025-05-12,1,30.0,35.0,43.0,33.712807214826206,35.96708654175566,35.96708654175566,Planner B
SKU0016@LOC01,2025-05-26,2025-05-12,2,43.0,35.0,39.0,33.712807214826206,33.56994773954244,33.56994773954244,Planner B
SKU0016@LOC01,2025-06-02,2025-05-12,3,17.0,35.0,46.0,33.712807214826206,39.78991118317593,39.78991118317593,Planner B
SKU0016@LOC01,2025-06-09,2025-05-12,4,22.0,35.0,28.0,33.712807214826206,46.771449455911586,46.771449455911586,Planner B
SKU0016@LOC01,2025-06-16,2025-06-09,1,18.0,22.0,34.0,29.504765835192817,28.462936762680464,28.462936762680464,Planner B
SKU0016@LOC01,2025-06-23,2025-06-09,2,27.0,22.0,13.0,29.504765835192817,29.504765835192817,29.504765835192817,Planner B
SKU0016@LOC01,2025-06-30,2025-06-09,3,20.0,22.0,28.0,29.504765835192817,29.504765835192817,29.504765835192817,Planner B
SKU0016@LOC01,2025-07-07,2025-06-09,4,26.0,22.0,40.0,29.504765835192817,29.504765835192817,29.504765835192817,Planner B
SKU0016@LOC01,2025-07-14,2025-07-07,1,17.0,26.0,21.0,25.784352086094977,25.784352086094977,25.784352086094977,Planner B
SKU0016@LOC01,2025-07-21,2025-07-07,2,20.0,26.0,25.0,25.784352086094977,20.717364001999258,20.717364001999258,Planner B
SKU0016@LOC01,2025-07-28,2025-07-07,3,25.0,26.0,30.0,25.784352086094977,25.784352086094977,25.784352086094977,Planner B
SKU0016@LOC01,2025-08-04,2025-07-07,4,29.0,26.0,20.0,25.784352086094977,25.784352086094977,25.784352086094977,Planner B
SKU0016@LOC01,2025-08-11,2025-08-04,1,18.0,29.0,25.0,24.662070614464504,24.662070614464504,24.662070614464504,Planner B
SKU0016@LOC01,2025-08-18,2025-08-04,2,27.0,29.0,30.0,24.662070614464504,24.662070614464504,24.662070614464504,Planner B
SKU0016@LOC01,2025-08-25,2025-08-04,3,25.0,29.0,28.0,24.662070614464504,24.662070614464504,24.662070614464504,Planner B
SKU0016@LOC01,2025-09-01,2025-08-04,4,25.0,29.0,32.0,24.662070614464504,24.3732540955214,24.3732540955214,Planner B
SKU0016@LOC01,2025-09-08,2025-09-01,1,11.0,25.0,16.0,24.400784123684662,25.446211237597048,25.446211237597048,Planner B
SKU0016@LOC01,2025-09-15,2025-09-01,2,18.0,25.0,16.0,24.400784123684662,24.400784123684662,24.400784123684662,Planner B
SKU0016@LOC01,2025-09-22,2025-09-01,3,12.0,25.0,31.0,24.400784123684662,24.400784123684662,24.400784123684662,Planner B
SKU0016@LOC01,2025-09-29,2025-09-01,4,19.0,25.0,24.0,24.400784123684662,24.400784123684662,24.400784123684662,Planner B
SKU0016@LOC01,2025-10-06,2025-09-29,1,28.0,19.0,16.0,19.144961177061237,19.144961177061237,19.144961177061237,Planner B
SKU0016@LOC01,2025-10-13,2025-09-29,2,19.0,19.0,17.0,19.144961177061237,19.144961177061237,19.144961177061237,Planner B
SKU0016@LOC01,2025-10-20,2025-09-29,3,24.0,19.0,23.0,19.144961177061237,25.489398606108725,25.489398606108725,Planner B
SKU0016@LOC01,2025-10-27,2025-09-29,4,15.0,19.0,40.0,19.144961177061237,19.144961177061237,19.144961177061237,Planner B
SKU0016@LOC01,2025-11-03,2025-10-27,1,16.0,15.0,29.0,19.980976098124284,19.980976098124284,19.980976098124284,Planner B
SKU0016@LOC01,2025-11-10,2025-10-27,2,20.0,15.0,20.0,19.980976098124284,19.980976098124284,19.980976098124284,Planner B
SKU0016@LOC01,2025-11-17,2025-10-27,3,19.0,15.0,33.0,19.980976098124284,19.980976098124284,19.980976098124284,Planner B
SKU0016@LOC01,2025-11-24,2025-10-27,4,21.0,15.0,37.0,19.980976098124284,15.466542848610938,15.466542848610938,Planner B
SKU0016@LOC01,2025-12-01,2025-11-24,1,22.0,21.0,29.0,19.62260780979171,19.62260780979171,19.62260780979171,Planner B
SKU0016@LOC01,2025-12-08,2025-11-24,2,15.0,21.0,13.0,19.62260780979171,28.860024795878473,28.860024795878473,Planner B
SKU0016@LOC01,2025-12-15,2025-11-24,3,21.0,21.0,21.0,19.62260780979171,19.62260780979171,19.62260780979171,Planner B
SKU0016@LOC01,2025-12-22,2025-11-24,4,17.0,21.0,38.0,19.62260780979171,20.89395978817469,20.89395978817469,Planner B
SKU0016@LOC02,2025-05-19,2025-05-12,1,23.0,15.0,16.0,21.15194862979891,29.543214782441794,29.543214782441794,Planner C
SKU0016@LOC02,2025-05-26,2025-05-12,2,10.0,15.0,34.0,21.15194862979891,21.15194862979891,21.15194862979891,Planner C
SKU0016@LOC02,2025-06-02,2025-05-12,3,20.0,15.0,30.0,21.15194862979891,21.15194862979891,21.15194862979891,Planner C
SKU0016@LOC02,2025-06-09,2025-05-12,4,22.0,15.0,35.0,21.15194862979891,21.15194862979891,21.15194862979891,Planner C
SKU0016@LOC02,2025-06-16,2025-06-09,1,17.0,22.0,19.0,20.093930634433963,20.093930634433963,20.093930634433963,Planner C
SKU0016@LOC02,2025-06-23,2025-06-09,2,6.0,22.0,41.0,20.093930634433963,20.093930634433963,20.093930634433963,Planner C
SKU0016@LOC02,2025-06-30,2025-06-09,3,23.0,22.0,20.0,20.093930634433963,20.093930634433963,20.093930634433963,Planner C
SKU0016@LOC02,2025-07-07,2025-06-09,4,22.0,22.0,22.0,20.093930634433963,20.093930634433963,20.093930634433963,Planner C
SKU0016@LOC02,2025-07-14,2025-07-07,1,17.0,22.0,18.0,18.937926128240996,18.937926128240996,18.937926128240996,Planner C
SKU0016@LOC02,2025-07-21,2025-07-07,2,23.0,22.0,27.0,18.937926128240996,25.137724389977805,25.137724389977805,Planner C
SKU0016@LOC02,2025-07-28,2025-07-07,3,20.0,22.0,25.0,18.937926128240996,18.937926128240996,18.937926128240996,Planner C
SKU0016@LOC02,2025-08-04,2025-07-07,4,29.0,22.0,17.0,18.937926128240996,22.42619303228515,22.42619303228515,Planner C
SKU0016@LOC02,2025-08-11,2025-08-04,1,8.0,29.0,31.0,20.8443595509801,20.8443595509801,20.8443595509801,Planner C
SKU0016@LOC02,2025-08-18,2025-08-04,2,20.0,29.0,18.0,20.8443595509801,25.674329380745124,25.674329380745124,Planner C
SKU0016@LOC02,2025-08-25,2025-08-04,3,31.0,29.0,23.0,20.8443595509801,20.8443595509801,20.8443595509801,Planner C
SKU0016@LOC02,2025-09-01,2025-08-04,4,19.0,29.0,9.0,20.8443595509801,20.8443595509801,20.8443595509801,Planner C
SKU0016@LOC02,2025-09-08,2025-09-01,1,15.0,19.0,19.0,20.587835962858808,20.587835962858808,20.587835962858808,Planner C
SKU0016@LOC02,2025-09-15,2025-09-01,2,12.0,19.0,24.0,20.587835962858808,20.587835962858808,20.587835962858808,Planner C
SKU0016@LOC02,2025-09-22,2025-09-01,3,14.0,19.0,10.0,20.587835962858808,21.830914731328665,21.830914731328665,Planner C
SKU0016@LOC02,2025-09-29,2025-09-01,4,18.0,19.0,14.0,20.587835962858808,20.587835962858808,20.587835962858808,Planner C
SKU0016@LOC02,2025-10-06,2025-09-29,1,23.0,18.0,15.0,17.914260296587067,17.914260296587067,17.914260296587067,Planner C
SKU0016@LOC02,2025-10-13,2025-09-29,2,17.0,18.0,22.0,17.914260296587067,17.914260296587067,17.914260296587067,Planner C
SKU0016@LOC02,2025-10-20,2025-09-29,3,15.0,18.0,15.0,17.914260296587067,17.914260296587067,17.914260296587067,Planner C
SKU0016@LOC02,2025-10-27,2025-09-29,4,18.0,18.0,15.0,17.914260296587067,17.914260296587067,17.914260296587067,Planner C
SKU0016@LOC02,2025-11-03,2025-10-27,1,11.0,18.0,22.0,17.924962088945303,17.924962088945303,17.924962088945303,Planner C
SKU0016@LOC02,2025-11-10,2025-10-27,2,16.0,18.0,22.0,17.924962088945303,17.924962088945303,17.924962088945303,Planner C
SKU0016@LOC02,2025-11-17,2025-10-27,3,13.0,18.0,18.0,17.924962088945303,17.924962088945303,17.924962088945303,Planner C
SKU0016@LOC02,2025-11-24,2025-10-27,4,25.0,18.0,31.0,17.924962088945303,17.924962088945303,17.924962088945303,Planner C
SKU0016@LOC02,2025-12-01,2025-11-24,1,18.0,25.0,23.0,17.511748491442503,17.511748491442503,17.511748491442503,Planner C
SKU0016@LOC02,2025-12-08,2025-11-24,2,14.0,25.0,16.0,17.511748491442503,17.511748491442503,17.511748491442503,Planner C
SKU0016@LOC02,2025-12-15,2025-11-24,3,11.0,25.0,13.0,17.511748491442503,17.511748491442503,17.511748491442503,Planner C
SKU0016@LOC02,2025-12-22,2025-11-24,4,14.0,25.0,35.0,17.511748491442503,17.511748491442503,17.511748491442503,Planner C
SKU0016@LOC03,2025-05-19,2025-05-12,1,34.0,55.0,32.0,37.12846643283509,37.12846643283509,37.12846643283509,Planner D
SKU0016@LOC03,2025-05-26,2025-05-12,2,33.0,55.0,46.0,37.12846643283509,37.12846643283509,37.12846643283509,Planner D
SKU0016@LOC03,2025-06-02,2025-05-12,3,39.0,55.0,40.0,37.12846643283509,37.12846643283509,37.12846643283509,Planner D
SKU0016@LOC03,2025-06-09,2025-05-12,4,22.0,55.0,45.0,37.12846643283509,37.12846643283509,37.12846643283509,Planner D
SKU0016@LOC03,2025-06-16,2025-06-09,1,26.0,22.0,33.0,33.55341985088925,31.360374381012445,31.360374381012445,Planner D
SKU0016@LOC03,2025-06-23,2025-06-09,2,33.0,22.0,25.0,33.55341985088925,33.55341985088925,33.55341985088925,Planner D
SKU0016@LOC03,2025-06-30,2025-06-09,3,29.0,22.0,49.0,33.55341985088925,28.09555654866723,28.09555654866723,Planner D
SKU0016@LOC03,2025-07-07,2025-06-09,4,27.0,22.0,33.0,33.55341985088925,27.63867976714843,27.63867976714843,Planner D
SKU0016@LOC03,2025-07-14,2025-07-07,1,14.0,27.0,46.0,30.669880770924237,30.669880770924237,30.669880770924237,Planner D
SKU0016@LOC03,2025-07-21,2025-07-07,2,27.0,27.0,46.0,30.669880770924237,30.669880770924237,30.669880770924237,Planner D
SKU0016@LOC03,2025-07-28,2025-07-07,3,34.0,27.0,25.0,30.669880770924237,30.669880770924237,30.669880770924237,Planner D
SKU0016@LOC03,2025-08-04,2025-07-07,4,51.0,27.0,29.0,30.669880770924237,28.259548342240805,28.259548342240805,Planner D
SKU0016@LOC03,2025-08-11,2025-08-04,1,9.0,51.0,20.0,33.09198316377057,37.284658552854836,37.284658552854836,Planner D
SKU0016@LOC03,2025-08-18,2025-08-04,2,27.0,51.0,22.0,33.09198316377057,33.09198316377057,33.09198316377057,Planner D
SKU0016@LOC03,2025-08-25,2025-08-04,3,16.0,51.0,31.0,33.09198316377057,31.071711241414526,31.071711241414526,Planner D
SKU0016@LOC03,2025-09-01,2025-08-04,4,27.0,51.0,15.0,33.09198316377057,45.59949835810258,45.59949835810258,Planner D
SKU0016@LOC03,2025-09-08,2025-09-01,1,22.0,27.0,24.0,25.892076303880426,35.4685052627961,35.4685052627961,Planner D
SKU0016@LOC03,2025-09-15,2025-09-01,2,28.0,27.0,17.0,25.892076303880426,25.892076303880426,25.892076303880426,Planner D
SKU0016@LOC03,2025-09-22,2025-09-01,3,11.0,27.0,16.0,25.892076303880426,25.892076303880426,25.892076303880426,Planner D
SKU0016@LOC03,2025-09-29,2025-09-01,4,26.0,27.0,34.0,25.892076303880426,25.892076303880426,25.892076303880426,Planner D
SKU0016@LOC03,2025-10-06,2025-09-29,1,23.0,26.0,29.0,23.402194454069424,23.402194454069424,23.402194454069424,Planner D
SKU0016@LOC03,2025-10-13,2025-09-29,2,18.0,26.0,36.0,23.402194454069424,32.694452103978875,32.694452103978875,Planner D
SKU0016@LOC03,2025-10-20,2025-09-29,3,29.0,26.0,43.0,23.402194454069424,23.402194454069424,23.402194454069424,Planner D
SKU0016@LOC03,2025-10-27,2025-09-29,4,16.0,26.0,35.0,23.402194454069424,23.402194454069424,23.402194454069424,Planner D
SKU0016@LOC03,2025-11-03,2025-10-27,1,17.0,16.0,37.0,22.084738848386838,36.548330245975414,36.548330245975414,Planner D
SKU0016@LOC03,2025-11-10,2025-10-27,2,22.0,16.0,31.0,22.084738848386838,19.774646752228172,19.774646752228172,Planner D
SKU0016@LOC03,2025-11-17,2025-10-27,3,19.0,16.0,36.0,22.084738848386838,22.084738848386838,22.084738848386838,Planner D
SKU0016@LOC03,2025-11-24,2025-10-27,4,24.0,16.0,17.0,22.084738848386838,25.720119129950387,25.720119129950387,Planner D
SKU0016@LOC03,2025-12-01,2025-11-24,1,42.0,24.0,32.0,21.44270903229925,21.44270903229925,21.44270903229925,Planner D
SKU0016@LOC03,2025-12-08,2025-11-24,2,22.0,24.0,39.0,21.44270903229925,21.44270903229925,21.44270903229925,Planner D
SKU0016@LOC03,2025-12-15,2025-11-24,3,17.0,24.0,25.0,21.44270903229925,12.059760295824427,12.059760295824427,Planner D
SKU0016@LOC03,2025-12-22,2025-11-24,4,16.0,24.0,30.0,21.44270903229925,21.44270903229925,21.44270903229925,Planner D
SKU0017@LOC01,2025-05-19,2025-05-12,1,2.0,0.0,13.0,3.735909612768078,3.735909612768078,3.735909612768078,Planner A
SKU0017@LOC01,2025-05-26,2025-05-12,2,2.0,0.0,0.0,3.735909612768078,3.735909612768078,3.735909612768078,Planner A
SKU0017@LOC01,2025-06-02,2025-05-12,3,5.0,0.0,2.0,3.735909612768078,3.735909612768078,3.735909612768078,Planner A
SKU0017@LOC01,2025-06-09,2025-05-12,4,0.0,0.0,4.0,3.735909612768078,3.735909612768078,3.735909612768078,Planner A
SKU0017@LOC01,2025-06-16,2025-06-09,1,8.0,0.0,0.0,3.4173679473398515,3.4173679473398515,3.4173679473398515,Planner A
SKU0017@LOC01,2025-06-23,2025-06-09,2,5.0,0.0,2.0,3.4173679473398515,5.002354388598974,5.002354388598974,Planner A
SKU0017@LOC01,2025-06-30,2025-06-09,3,0.0,0.0,0.0,3.4173679473398515,3.4173679473398515,3.4173679473398515,Planner A
SKU0017@LOC01,2025-07-07,2025-06-09,4,1.0,0.0,2.0,3.4173679473398515,4.256794205137732,4.256794205137732,Planner A
SKU0017@LOC01,2025-07-14,2025-07-07,1,9.0,1.0,4.0,3.1680922593455274,3.1680922593455274,3.1680922593455274,Planner A
SKU0017@LOC01,2025-07-21,2025-07-07,2,23.0,1.0,4.0,3.1680922593455274,3.1680922593455274,3.1680922593455274,Planner A
SKU0017@LOC01,2025-07-28,2025-07-07,3,0.0,1.0,14.0,3.1680922593455274,3.0790481353127683,3.0790481353127683,Planner A
SKU0017@LOC01,2025-08-04,2025-07-07,4,9.0,1.0,3.0,3.1680922593455274,3.1680922593455274,3.1680922593455274,Planner A
SKU0017@LOC01,2025-08-11,2025-08-04,1,1.0,9.0,12.0,4.667303579009436,4.667303579009436,4.667303579009436,Planner A
SKU0017@LOC01,2025-08-18,2025-08-04,2,1.0,9.0,0.0,4.667303579009436,5.674054256194145,5.674054256194145,Planner A
SKU0017@LOC01,2025-08-25,2025-08-04,3,5.0,9.0,5.0,4.667303579009436,5.365466323685681,5.365466323685681,Planner A
SKU0017@LOC01,2025-09-01,2025-08-04,4,3.0,9.0,10.0,4.667303579009436,4.667303579009436,4.667303579009436,Planner A
SKU0017@LOC01,2025-09-08,2025-09-01,1,1.0,3.0,0.0,4.121456329967677,4.121456329967677,4.121456329967677,Planner A
SKU0017@LOC01,2025-09-15,2025-09-01,2,16.0,3.0,5.0,4.121456329967677,4.121456329967677,4.121456329967677,Planner A
SKU0017@LOC01,2025-09-22,2025-09-01,3,0.0,3.0,0.0,4.121456329967677,3.333412527610057,3.333412527610057,Planner A
SKU0017@LOC01,2025-09-29,2025-09-01,4,6.0,3.0,10.0,4.121456329967677,4.121456329967677,4.121456329967677,Planner A
SKU0017@LOC01,2025-10-06,2025-09-29,1,10.0,6.0,0.0,4.476685564846113,4.476685564846113,4.476685564846113,Planner A
SKU0017@LOC01,2025-10-13,2025-09-29,2,1.0,6.0,0.0,4.476685564846113,4.476685564846113,4.476685564846113,Planner A
SKU0017@LOC01,2025-10-20,2025-09-29,3,0.0,6.0,16.0,4.476685564846113,4.476685564846113,4.476685564846113,Planner A
SKU0017@LOC01,2025-10-27,2025-09-29,4,0.0,6.0,0.0,4.476685564846113,4.476685564846113,4.476685564846113,Planner A
SKU0017@LOC01,2025-11-03,2025-10-27,1,4.0,0.0,4.0,4.553291708691698,4.553291708691698,4.553291708691698,Planner A
SKU0017@LOC01,2025-11-10,2025-10-27,2,0.0,0.0,7.0,4.553291708691698,4.553291708691698,4.553291708691698,Planner A
SKU0017@LOC01,2025-11-17,2025-10-27,3,8.0,0.0,1.0,4.553291708691698,4.553291708691698,4.553291708691698,Planner A
SKU0017@LOC01,2025-11-24,2025-10-27,4,0.0,0.0,20.0,4.553291708691698,4.553291708691698,4.553291708691698,Planner A
SKU0017@LOC01,2025-12-01,2025-11-24,1,0.0,0.0,1.0,3.8709615824277903,3.8709615824277903,3.8709615824277903,Planner A
SKU0017@LOC01,2025-12-08,2025-11-24,2,3.0,0.0,0.0,3.8709615824277903,3.8709615824277903,3.8709615824277903,Planner A
SKU0017@LOC01,2025-12-15,2025-11-24,3,3.0,0.0,8.0,3.8709615824277903,4.467273373921697,4.467273373921697,Planner A
SKU0017@LOC01,2025-12-22,2025-11-24,4,7.0,0.0,0.0,3.8709615824277903,3.370321912699098,3.370321912699098,Planner A
SKU0017@LOC02,2025-05-19,2025-05-12,1,0.0,0.0,0.0,2.9504139055059966,2.9504139055059966,2.9504139055059966,Planner B
SKU0017@LOC02,2025-05-26,2025-05-12,2,0.0,0.0,4.0,2.9504139055059966,2.9504139055059966,2.9504139055059966,Planner B
SKU0017@LOC02,2025-06-02,2025-05-12,3,3.0,0.0,0.0,2.9504139055059966,2.9504139055059966,2.9504139055059966,Planner B
SKU0017@LOC02,2025-06-09,2025-05-12,4,0.0,0.0,0.0,2.9504139055059966,2.9504139055059966,2.9504139055059966,Planner B
SKU0017@LOC02,2025-06-16,2025-06-09,1,0.0,0.0,0.0,2.6193663731713444,2.6193663731713444,2.6193663731713444,Planner B
SKU0017@LOC02,2025-06-23,2025-06-09,2,0.0,0.0,4.0,2.6193663731713444,2.6193663731713444,2.6193663731713444,Planner B
SKU0017@LOC02,2025-06-30,2025-06-09,3,0.0,0.0,3.0,2.6193663731713444,2.985904081926946,2.985904081926946,Planner B
SKU0017@LOC02,2025-07-07,2025-06-09,4,0.0,0.0,0.0,2.6193663731713444,3.313741742084348,3.313741742084348,Planner B
SKU0017@LOC02,2025-07-14,2025-07-07,1,3.0,0.0,24.0,2.6193663731713444,2.6193663731713444,2.6193663731713444,Planner B
SKU0017@LOC02,2025-07-21,2025-07-07,2,0.0,0.0,2.0,2.6193663731713444,2.6193663731713444,2.6193663731713444,Planner B
SKU0017@LOC02,2025-07-28,2025-07-07,3,9.0,0.0,0.0,2.6193663731713444,2.6193663731713444,2.6193663731713444,Planner B
SKU0017@LOC02,2025-08-04,2025-07-07,4,0.0,0.0,2.0,2.6193663731713444,2.6193663731713444,2.6193663731713444,Planner B
SKU0017@LOC02,2025-08-11,2025-08-04,1,0.0,0.0,0.0,2.337197637202805,2.337197637202805,2.337197637202805,Planner B
SKU0017@LOC02,2025-08-18,2025-08-04,2,5.0,0.0,34.0,2.337197637202805,2.337197637202805,2.337197637202805,Planner B
SKU0017@LOC02,2025-08-25,2025-08-04,3,0.0,0.0,0.0,2.337197637202805,2.337197637202805,2.337197637202805,Planner B
SKU0017@LOC02,2025-09-01,2025-08-04,4,0.0,0.0,10.0,2.337197637202805,1.43832058134977,1.43832058134977,Planner B
SKU0017@LOC02,2025-09-08,2025-09-01,1,0.0,0.0,0.0,2.260200548447318,2.260200548447318,2.260200548447318,Planner B
SKU0017@LOC02,2025-09-15,2025-09-01,2,0.0,0.0,0.0,2.260200548447318,2.260200548447318,2.260200548447318,Planner B
SKU0017@LOC02,2025-09-22,2025-09-01,3,1.0,0.0,0.0,2.260200548447318,2.260200548447318,2.260200548447318,Planner B
SKU0017@LOC02,2025-09-29,2025-09-01,4,0.0,0.0,1.0,2.260200548447318,2.260200548447318,2.260200548447318,Planner B
SKU0017@LOC02,2025-10-06,2025-09-29,1,9.0,0.0,2.0,1.9309199339321341,4.334425012658766,4.334425012658766,Planner B
SKU0017@LOC02,2025-10-13,2025-09-29,2,0.0,0.0,10.0,1.9309199339321341,0.23491047713243862,0.23491047713243862,Planner B
SKU0017@LOC02,2025-10-20,2025-09-29,3,0.0,0.0,2.0,1.9309199339321341,1.0358446717775887,1.0358446717775887,Planner B
SKU0017@LOC02,2025-10-27,2025-09-29,4,0.0,0.0,7.0,1.9309199339321341,1.4171740609590404,1.4171740609590404,Planner B
SKU0017@LOC02,2025-11-03,2025-10-27,1,3.0,0.0,0.0,2.0856871771787904,2.0856871771787904,2.0856871771787904,Planner B
SKU0017@LOC02,2025-11-10,2025-10-27,2,16.0,0.0,14.0,2.0856871771787904,2.0856871771787904,2.0856871771787904,Planner B
SKU0017@LOC02,2025-11-17,2025-10-27,3,1.0,0.0,1.0,2.0856871771787904,2.0856871771787904,2.0856871771787904,Planner B
SKU0017@LOC02,2025-11-24,2025-10-27,4,4.0,0.0,0.0,2.0856871771787904,2.0856871771787904,2.0856871771787904,Planner B
SKU0017@LOC02,2025-12-01,2025-11-24,1,0.0,4.0,0.0,2.3723721620692424,2.788097605237132,2.788097605237132,Planner B
SKU0017@LOC02,2025-12-08,2025-11-24,2,23.0,4.0,4.0,2.3723721620692424,10.380323597357481,10.380323597357481,Planner B
SKU0017@LOC02,2025-12-15,2025-11-24,3,0.0,4.0,0.0,2.3723721620692424,2.3723721620692424,2.3723721620692424,Planner B
SKU0017@LOC02,2025-12-22,2025-11-24,4,0.0,4.0,0.0,2.3723721620692424,2.7854269440745125,2.7854269440745125,Planner B
SKU0017@LOC03,2025-05-19,2025-05-12,1,0.0,0.0,0.0,1.8973848990995177,1.8973848990995177,1.8973848990995177,Planner C
SKU0017@LOC03,2025-05-26,2025-05-12,2,0.0,0.0,0.0,1.8973848990995177,2.5848397084149344,2.5848397084149344,Planner C
SKU0017@LOC03,2025-06-02,2025-05-12,3,0.0,0.0,0.0,1.8973848990995177,1.8973848990995177,1.8973848990995177,Planner C
SKU0017@LOC03,2025-06-09,2025-05-12,4,0.0,0.0,0.0,1.8973848990995177,1.8973848990995177,1.8973848990995177,Planner C
SKU0017@LOC03,2025-06-16,2025-06-09,1,0.0,0.0,0.0,1.8973848990995177,0.8344428894527727,0.8344428894527727,Planner C
SKU0017@LOC03,2025-06-23,2025-06-09,2,2.0,0.0,0.0,1.8973848990995177,2.0166067730163197,2.0166067730163197,Planner C
SKU0017@LOC03,2025-06-30,2025-06-09,3,0.0,0.0,0.0,1.8973848990995177,1.8973848990995177,1.8973848990995177,Planner C
SKU0017@LOC03,2025-07-07,2025-06-09,4,0.0,0.0,0.0,1.8973848990995177,2.6965713177923334,2.6965713177923334,Planner C
SKU0017@LOC03,2025-07-14,2025-07-07,1,0.0,0.0,0.0,1.621295297899097,1.621295297899097,1.621295297899097,Planner C
SKU0017@LOC03,2025-07-21,2025-07-07,2,0.0,0.0,0.0,1.621295297899097,1.621295297899097,1.621295297899097,Planner C
SKU0017@LOC03,2025-07-28,2025-07-07,3,0.0,0.0,0.0,1.621295297899097,1.2896903610580475,1.2896903610580475,Planner C
SKU0017@LOC03,2025-08-04,2025-07-07,4,0.0,0.0,0.0,1.621295297899097,1.621295297899097,1.621295297899097,Planner C
SKU0017@LOC03,2025-08-11,2025-08-04,1,0.0,0.0,0.0,1.621295297899097,1.621295297899097,1.621295297899097,Planner C
SKU0017@LOC03,2025-08-18,2025-08-04,2,0.0,0.0,0.0,1.621295297899097,1.621295297899097,1.621295297899097,Planner C
SKU0017@LOC03,2025-08-25,2025-08-04,3,0.0,0.0,0.0,1.621295297899097,1.621295297899097,1.621295297899097,Planner C
SKU0017@LOC03,2025-09-01,2025-08-04,4,18.0,0.0,0.0,1.621295297899097,7.7314455395644375,7.7314455395644375,Planner C
SKU0017@LOC03,2025-09-08,2025-09-01,1,0.0,18.0,0.0,1.634805508810818,0.07100757973756,0.07100757973756,Planner C
SKU0017@LOC03,2025-09-15,2025-09-01,2,0.0,18.0,16.0,1.634805508810818,1.634805508810818,1.634805508810818,Planner C
SKU0017@LOC03,2025-09-22,2025-09-01,3,0.0,18.0,0.0,1.634805508810818,1.634805508810818,1.634805508810818,Planner C
SKU0017@LOC03,2025-09-29,2025-09-01,4,0.0,18.0,0.0,1.634805508810818,2.378167324177277,2.378167324177277,Planner C
SKU0017@LOC03,2025-10-06,2025-09-29,1,0.0,0.0,0.0,1.634805508810818,1.569438395975606,1.569438395975606,Planner C
SKU0017@LOC03,2025-10-13,2025-09-29,2,12.0,0.0,0.0,1.634805508810818,1.634805508810818,1.634805508810818,Planner C
SKU0017@LOC03,2025-10-20,2025-09-29,3,0.0,0.0,0.0,1.634805508810818,1.634805508810818,1.634805508810818,Planner C
SKU0017@LOC03,2025-10-27,2025-09-29,4,0.0,0.0,0.0,1.634805508810818,0.876429501327433,0.876429501327433,Planner C
SKU0017@LOC03,2025-11-03,2025-10-27,1,0.0,0.0,0.0,1.6592504865587174,1.6592504865587174,1.6592504865587174,Planner C
SKU0017@LOC03,2025-11-10,2025-10-27,2,0.0,0.0,15.0,1.6592504865587174,1.6592504865587174,1.6592504865587174,Planner C
SKU0017@LOC03,2025-11-17,2025-10-27,3,0.0,0.0,0.0,1.6592504865587174,1.6592504865587174,1.6592504865587174,Planner C
SKU0017@LOC03,2025-11-24,2025-10-27,4,0.0,0.0,0.0,1.6592504865587174,1.1973832503282607,1.1973832503282607,Planner C
SKU0017@LOC03,2025-12-01,2025-11-24,1,0.0,0.0,0.0,1.6592504865587174,1.22399319818967,1.22399319818967,Planner C
SKU0017@LOC03,2025-12-08,2025-11-24,2,0.0,0.0,0.0,1.6592504865587174,1.6592504865587174,1.6592504865587174,Planner C
SKU0017@LOC03,2025-12-15,2025-11-24,3,15.0,0.0,0.0,1.6592504865587174,1.6592504865587174,1.6592504865587174,Planner C
SKU0017@LOC03,2025-12-22,2025-11-24,4,1.0,0.0,0.0,1.6592504865587174,1.6592504865587174,1.6592504865587174,Planner C
SKU0018@LOC01,2025-05-19,2025-05-12,1,2.0,7.0,37.0,12.665295039050527,12.665295039050527,12.665295039050527,Planner D
SKU0018@LOC01,2025-05-26,2025-05-12,2,3.0,7.0,6.0,12.665295039050527,12.665295039050527,12.665295039050527,Planner D
SKU0018@LOC01,2025-06-02,2025-05-12,3,6.0,7.0,7.0,12.665295039050527,12.665295039050527,12.665295039050527,Planner D
SKU0018@LOC01,2025-06-09,2025-05-12,4,1.0,7.0,14.0,12.665295039050527,12.665295039050527,12.665295039050527,Planner D
SKU0018@LOC01,2025-06-16,2025-06-09,1,3.0,1.0,2.0,10.872074467400648,10.872074467400648,10.872074467400648,Planner D
SKU0018@LOC01,2025-06-23,2025-06-09,2,4.0,1.0,14.0,10.872074467400648,10.872074467400648,10.872074467400648,Planner D
SKU0018@LOC01,2025-06-30,2025-06-09,3,9.0,1.0,24.0,10.872074467400648,11.008324814796204,11.008324814796204,Planner D
SKU0018@LOC01,2025-07-07,2025-06-09,4,5.0,1.0,18.0,10.872074467400648,10.872074467400648,10.872074467400648,Planner D
SKU0018@LOC01,2025-07-14,2025-07-07,1,1.0,5.0,4.0,9.841978854163248,9.841978854163248,9.841978854163248,Planner D
SKU0018@LOC01,2025-07-21,2025-07-07,2,25.0,5.0,5.0,9.841978854163248,11.68598709365764,11.68598709365764,Planner D
SKU0018@LOC01,2025-07-28,2025-07-07,3,2.0,5.0,28.0,9.841978854163248,9.841978854163248,9.841978854163248,Planner D
SKU0018@LOC01,2025-08-04,2025-07-07,4,6.0,5.0,11.0,9.841978854163248,9.878371700541823,9.878371700541823,Planner D
SKU0018@LOC01,2025-08-11,2025-08-04,1,1.0,6.0,6.0,9.582347039083805,11.03692848410865,11.03692848410865,Planner D
SKU0018@LOC01,2025-08-18,2025-08-04,2,5.0,6.0,5.0,9.582347039083805,9.582347039083805,9.582347039083805,Planner D
SKU0018@LOC01,2025-08-25,2025-08-04,3,9.0,6.0,3.0,9.582347039083805,12.149901960385122,12.149901960385122,Planner D
SKU0018@LOC01,2025-09-01,2025-08-04,4,16.0,6.0,12.0,9.582347039083805,9.582347039083805,9.582347039083805,Planner D
SKU0018@LOC01,2025-09-08,2025-09-01,1,19.0,16.0,10.0,9.300875303002755,9.300875303002755,9.300875303002755,Planner D
SKU0018@LOC01,2025-09-15,2025-09-01,2,0.0,16.0,2.0,9.300875303002755,9.300875303002755,9.300875303002755,Planner D
SKU0018@LOC01,2025-09-22,2025-09-01,3,4.0,16.0,24.0,9.300875303002755,6.747671478123578,6.747671478123578,Planner D
SKU0018@LOC01,2025-09-29,2025-09-01,4,2.0,16.0,37.0,9.300875303002755,8.231532535287512,8.231532535287512,Planner D
SKU0018@LOC01,2025-10-06,2025-09-29,1,16.0,2.0,10.0,8.680127314766388,10.687521730963214,10.687521730963214,Planner D
SKU0018@LOC01,2025-10-13,2025-09-29,2,30.0,2.0,26.0,8.680127314766388,10.35472620736844,10.35472620736844,Planner D
SKU0018@LOC01,2025-10-20,2025-09-29,3,5.0,2.0,0.0,8.680127314766388,8.680127314766388,8.680127314766388,Planner D
SKU0018@LOC01,2025-10-27,2025-09-29,4,15.0,2.0,13.0,8.680127314766388,8.680127314766388,8.680127314766388,Planner D
SKU0018@LOC01,2025-11-03,2025-10-27,1,16.0,15.0,2.0,10.097167948672942,14.020545512221771,14.020545512221771,Planner D
SKU0018@LOC01,2025-11-10,2025-10-27,2,11.0,15.0,23.0,10.097167948672942,10.097167948672942,10.097167948672942,Planner D
SKU0018@LOC01,2025-11-17,2025-10-27,3,0.0,15.0,4.0,10.097167948672942,10.097167948672942,10.097167948672942,Planner D
SKU0018@LOC01,2025-11-24,2025-10-27,4,4.0,15.0,0.0,10.097167948672942,10.286680385391678,10.286680385391678,Planner D
SKU0018@LOC01,2025-12-01,2025-11-24,1,10.0,4.0,1.0,9.606481401493792,12.588272815209395,12.588272815209395,Planner D
SKU0018@LOC01,2025-12-08,2025-11-24,2,2.0,4.0,3.0,9.606481401493792,9.606481401493792,9.606481401493792,Planner D
SKU0018@LOC01,2025-12-15,2025-11-24,3,23.0,4.0,3.0,9.606481401493792,9.606481401493792,9.606481401493792,Planner D
SKU0018@LOC01,2025-12-22,2025-11-24,4,4.0,4.0,15.0,9.606481401493792,7.303491921008302,7.303491921008302,Planner D
SKU0018@LOC02,2025-05-19,2025-05-12,1,10.0,3.0,4.0,5.908898255185421,5.908898255185421,5.908898255185421,Planner A
SKU0018@LOC02,2025-05-26,2025-05-12,2,3.0,3.0,7.0,5.908898255185421,5.908898255185421,5.908898255185421,Planner A
SKU0018@LOC02,2025-06-02,2025-05-12,3,11.0,3.0,11.0,5.908898255185421,5.908898255185421,5.908898255185421,Planner A
SKU0018@LOC02,2025-06-09,2025-05-12,4,1.0,3.0,16.0,5.908898255185421,5.019736962192477,5.019736962192477,Planner A
SKU0018@LOC02,2025-06-16,2025-06-09,1,4.0,1.0,0.0,5.949397059462621,2.577626151571361,2.577626151571361,Planner A
SKU0018@LOC02,2025-06-23,2025-06-09,2,7.0,1.0,30.0,5.949397059462621,5.949397059462621,5.949397059462621,Planner A
SKU0018@LOC02,2025-06-30,2025-06-09,3,17.0,1.0,1.0,5.949397059462621,5.949397059462621,5.949397059462621,Planner A
SKU0018@LOC02,2025-07-07,2025-06-09,4,2.0,1.0,10.0,5.949397059462621,5.949397059462621,5.949397059462621,Planner A
SKU0018@LOC02,2025-07-14,2025-07-07,1,24.0,2.0,16.0,6.240671088663928,6.240671088663928,6.240671088663928,Planner A
SKU0018@LOC02,2025-07-21,2025-07-07,2,3.0,2.0,1.0,6.240671088663928,3.6691341569192857,3.6691341569192857,Planner A
SKU0018@LOC02,2025-07-28,2025-07-07,3,3.0,2.0,7.0,6.240671088663928,6.240671088663928,6.240671088663928,Planner A
SKU0018@LOC02,2025-08-04,2025-07-07,4,2.0,2.0,6.0,6.240671088663928,6.240671088663928,6.240671088663928,Planner A
SKU0018@LOC02,2025-08-11,2025-08-04,1,8.0,2.0,10.0,6.489790605911073,6.489790605911073,6.489790605911073,Planner A
SKU0018@LOC02,2025-08-18,2025-08-04,2,3.0,2.0,4.0,6.489790605911073,6.489790605911073,6.489790605911073,Planner A
SKU0018@LOC02,2025-08-25,2025-08-04,3,5.0,2.0,3.0,6.489790605911073,6.489790605911073,6.489790605911073,Planner A
SKU0018@LOC02,2025-09-01,2025-08-04,4,13.0,2.0,2.0,6.489790605911073,6.489790605911073,6.489790605911073,Planner A
SKU0018@LOC02,2025-09-08,2025-09-01,1,2.0,13.0,0.0,6.651800009705855,6.651800009705855,6.651800009705855,Planner A
SKU0018@LOC02,2025-09-15,2025-09-01,2,15.0,13.0,9.0,6.651800009705855,6.651800009705855,6.651800009705855,Planner A
SKU0018@LOC02,2025-09-22,2025-09-01,3,0.0,13.0,13.0,6.651800009705855,6.651800009705855,6.651800009705855,Planner A
SKU0018@LOC02,2025-09-29,2025-09-01,4,3.0,13.0,19.0,6.651800009705855,3.8086959023422677,3.8086959023422677,Planner A
SKU0018@LOC02,2025-10-06,2025-09-29,1,3.0,3.0,9.0,6.33054518165548,6.053043140682257,6.053043140682257,Planner A
SKU0018@LOC02,2025-10-13,2025-09-29,2,3.0,3.0,21.0,6.33054518165548,5.849070818709456,5.849070818709456,Planner A
SKU0018@LOC02,2025-10-20,2025-09-29,3,3.0,3.0,4.0,6.33054518165548,6.33054518165548,6.33054518165548,Planner A
SKU0018@LOC02,2025-10-27,2025-09-29,4,12.0,3.0,3.0,6.33054518165548,6.33054518165548,6.33054518165548,Planner A
SKU0018@LOC02,2025-11-03,2025-10-27,1,15.0,12.0,24.0,6.162749866365774,6.162749866365774,6.162749866365774,Planner A
SKU0018@LOC02,2025-11-10,2025-10-27,2,3.0,12.0,7.0,6.162749866365774,6.162749866365774,6.162749866365774,Planner A
SKU0018@LOC02,2025-11-17,2025-10-27,3,2.0,12.0,6.0,6.162749866365774,6.162749866365774,6.162749866365774,Planner A
SKU0018@LOC02,2025-11-24,2025-10-27,4,7.0,12.0,12.0,6.162749866365774,6.162749866365774,6.162749866365774,Planner A
SKU0018@LOC02,2025-12-01,2025-11-24,1,6.0,7.0,24.0,6.243004533341587,10.393026843287808,10.393026843287808,Planner A
SKU0018@LOC02,2025-12-08,2025-11-24,2,4.0,7.0,0.0,6.243004533341587,6.243004533341587,6.243004533341587,Planner A
SKU0018@LOC02,2025-12-15,2025-11-24,3,7.0,7.0,7.0,6.243004533341587,6.243004533341587,6.243004533341587,Planner A
SKU0018@LOC02,2025-12-22,2025-11-24,4,8.0,7.0,1.0,6.243004533341587,6.243004533341587,6.243004533341587,Planner A
SKU0018@LOC03,2025-05-19,2025-05-12,1,0.0,19.0,6.0,15.81073433160594,23.89443936645713,23.89443936645713,Planner B
SKU0018@LOC03,2025-05-26,2025-05-12,2,19.0,19.0,7.0,15.81073433160594,15.81073433160594,15.81073433160594,Planner B
SKU0018@LOC03,2025-06-02,2025-05-12,3,4.0,19.0,3.0,15.81073433160594,15.81073433160594,15.81073433160594,Planner B
SKU0018@LOC03,2025-06-09,2025-05-12,4,13.0,19.0,23.0,15.81073433160594,15.81073433160594,15.81073433160594,Planner B
SKU0018@LOC03,2025-06-16,2025-06-09,1,8.0,13.0,38.0,11.329157313018586,11.329157313018586,11.329157313018586,Planner B
SKU0018@LOC03,2025-06-23,2025-06-09,2,7.0,13.0,0.0,11.329157313018586,11.329157313018586,11.329157313018586,Planner B
SKU0018@LOC03,2025-06-30,2025-06-09,3,2.0,13.0,10.0,11.329157313018586,11.329157313018586,11.329157313018586,Planner B
SKU0018@LOC03,2025-07-07,2025-06-09,4,0.0,13.0,21.0,11.329157313018586,11.329157313018586,11.329157313018586,Planner B
SKU0018@LOC03,2025-07-14,2025-07-07,1,12.0,0.0,9.0,4.992330670855763,4.992330670855763,4.992330670855763,Planner B
SKU0018@LOC03,2025-07-21,2025-07-07,2,23.0,0.0,1.0,4.992330670855763,4.992330670855763,4.992330670855763,Planner B
SKU0018@LOC03,2025-07-28,2025-07-07,3,8.0,0.0,6.0,4.992330670855763,7.307786704099952,7.307786704099952,Planner B
SKU0018@LOC03,2025-08-04,2025-07-07,4,8.0,0.0,2.0,4.992330670855763,4.992330670855763,4.992330670855763,Planner B
SKU0018@LOC03,2025-08-11,2025-08-04,1,7.0,8.0,1.0,9.894458594072468,9.894458594072468,9.894458594072468,Planner B
SKU0018@LOC03,2025-08-18,2025-08-04,2,4.0,8.0,10.0,9.894458594072468,13.384932781250988,13.384932781250988,Planner B
SKU0018@LOC03,2025-08-25,2025-08-04,3,27.0,8.0,14.0,9.894458594072468,9.894458594072468,9.894458594072468,Planner B
SKU0018@LOC03,2025-09-01,2025-08-04,4,13.0,8.0,3.0,9.894458594072468,9.894458594072468,9.894458594072468,Planner B
SKU0018@LOC03,2025-09-08,2025-09-01,1,30.0,13.0,8.0,13.253959508436798,13.253959508436798,13.253959508436798,Planner B
SKU0018@LOC03,2025-09-15,2025-09-01,2,28.0,13.0,15.0,13.253959508436798,13.253959508436798,13.253959508436798,Planner B
SKU0018@LOC03,2025-09-22,2025-09-01,3,48.0,13.0,1.0,13.253959508436798,13.253959508436798,13.253959508436798,Planner B
SKU0018@LOC03,2025-09-29,2025-09-01,4,23.0,13.0,1.0,13.253959508436798,13.253959508436798,13.253959508436798,Planner B
SKU0018@LOC03,2025-10-06,2025-09-29,1,21.0,23.0,3.0,27.365275677975674,27.365275677975674,27.365275677975674,Planner B
SKU0018@LOC03,2025-10-13,2025-09-29,2,6.0,23.0,2.0,27.365275677975674,27.365275677975674,27.365275677975674,Planner B
SKU0018@LOC03,2025-10-20,2025-09-29,3,4.0,23.0,7.0,27.365275677975674,27.365275677975674,27.365275677975674,Planner B
SKU0018@LOC03,2025-10-27,2025-09-29,4,8.0,23.0,13.0,27.365275677975674,27.365275677975674,27.365275677975674,Planner B
SKU0018@LOC03,2025-11-03,2025-10-27,1,4.0,8.0,3.0,12.853302690281959,10.329314355837713,10.329314355837713,Planner B
SKU0018@LOC03,2025-11-10,2025-10-27,2,19.0,8.0,23.0,12.853302690281959,15.866822701474296,15.866822701474296,Planner B
SKU0018@LOC03,2025-11-17,2025-10-27,3,12.0,8.0,3.0,12.853302690281959,12.853302690281959,12.853302690281959,Planner B
SKU0018@LOC03,2025-11-24,2025-10-27,4,49.0,8.0,1.0,12.853302690281959,12.853302690281959,12.853302690281959,Planner B
SKU0018@LOC03,2025-12-01,2025-11-24,1,8.0,49.0,1.0,23.5106779759367,23.5106779759367,23.5106779759367,Planner B
SKU0018@LOC03,2025-12-08,2025-11-24,2,31.0,49.0,2.0,23.5106779759367,28.122765736447633,28.122765736447633,Planner B
SKU0018@LOC03,2025-12-15,2025-11-24,3,1.0,49.0,0.0,23.5106779759367,23.5106779759367,23.5106779759367,Planner B
SKU0018@LOC03,2025-12-22,2025-11-24,4,13.0,49.0,29.0,23.5106779759367,23.5106779759367,23.5106779759367,Planner B
SKU0019@LOC01,2025-05-19,2025-05-12,1,5.0,4.0,8.0,3.0934461995507645,4.413541234303739,4.413541234303739,Planner C
SKU0019@LOC01,2025-05-26,2025-05-12,2,3.0,4.0,5.0,3.0934461995507645,3.0934461995507645,3.0934461995507645,Planner C
SKU0019@LOC01,2025-06-02,2025-05-12,3,4.0,4.0,6.0,3.0934461995507645,3.0934461995507645,3.0934461995507645,Planner C
SKU0019@LOC01,2025-06-09,2025-05-12,4,4.0,4.0,7.0,3.0934461995507645,4.160609717736805,4.160609717736805,Planner C
SKU0019@LOC01,2025-06-16,2025-06-09,1,5.0,4.0,4.0,3.2593500135728446,3.2593500135728446,3.2593500135728446,Planner C
SKU0019@LOC01,2025-06-23,2025-06-09,2,7.0,4.0,5.0,3.2593500135728446,4.24966879300678,4.24966879300678,Planner C
SKU0019@LOC01,2025-06-30,2025-06-09,3,2.0,4.0,6.0,3.2593500135728446,3.2593500135728446,3.2593500135728446,Planner C
SKU0019@LOC01,2025-07-07,2025-06-09,4,1.0,4.0,3.0,3.2593500135728446,3.2593500135728446,3.2593500135728446,Planner C
SKU0019@LOC01,2025-07-14,2025-07-07,1,4.0,1.0,9.0,3.329979706992667,3.329979706992667,3.329979706992667,Planner C
SKU0019@LOC01,2025-07-21,2025-07-07,2,3.0,1.0,2.0,3.329979706992667,4.837518910873758,4.837518910873758,Planner C
SKU0019@LOC01,2025-07-28,2025-07-07,3,4.0,1.0,3.0,3.329979706992667,3.329979706992667,3.329979706992667,Planner C
SKU0019@LOC01,2025-08-04,2025-07-07,4,7.0,1.0,4.0,3.329979706992667,3.329979706992667,3.329979706992667,Planner C
SKU0019@LOC01,2025-08-11,2025-08-04,1,4.0,7.0,6.0,3.5591392837186957,4.554051542389097,4.554051542389097,Planner C
SKU0019@LOC01,2025-08-18,2025-08-04,2,3.0,7.0,5.0,3.5591392837186957,3.8034804940693125,3.8034804940693125,Planner C
SKU0019@LOC01,2025-08-25,2025-08-04,3,3.0,7.0,2.0,3.5591392837186957,3.72720195643276,3.72720195643276,Planner C
SKU0019@LOC01,2025-09-01,2025-08-04,4,2.0,7.0,2.0,3.5591392837186957,3.5591392837186957,3.5591392837186957,Planner C
SKU0019@LOC01,2025-09-08,2025-09-01,1,2.0,2.0,1.0,3.4482911912094005,3.4482911912094005,3.4482911912094005,Planner C
SKU0019@LOC01,2025-09-15,2025-09-01,2,2.0,2.0,4.0,3.4482911912094005,3.4482911912094005,3.4482911912094005,Planner C
SKU0019@LOC01,2025-09-22,2025-09-01,3,1.0,2.0,2.0,3.4482911912094005,3.4482911912094005,3.4482911912094005,Planner C
SKU0019@LOC01,2025-09-29,2025-09-01,4,1.0,2.0,6.0,3.4482911912094005,3.4482911912094005,3.4482911912094005,Planner C
SKU0019@LOC01,2025-10-06,2025-09-29,1,6.0,1.0,4.0,3.082142227060002,3.082142227060002,3.082142227060002,Planner C
SKU0019@LOC01,2025-10-13,2025-09-29,2,3.0,1.0,5.0,3.082142227060002,3.082142227060002,3.082142227060002,Planner C
SKU0019@LOC01,2025-10-20,2025-09-29,3,3.0,1.0,0.0,3.082142227060002,3.082142227060002,3.082142227060002,Planner C
SKU0019@LOC01,2025-10-27,2025-09-29,4,1.0,1.0,8.0,3.082142227060002,4.404928162666703,4.404928162666703,Planner C
SKU0019@LOC01,2025-11-03,2025-10-27,1,2.0,1.0,2.0,3.095511607329291,3.095511607329291,3.095511607329291,Planner C
SKU0019@LOC01,2025-11-10,2025-10-27,2,0.0,1.0,2.0,3.095511607329291,3.095511607329291,3.095511607329291,Planner C
SKU0019@LOC01,2025-11-17,2025-10-27,3,4.0,1.0,6.0,3.095511607329291,3.095511607329291,3.095511607329291,Planner C
SKU0019@LOC01,2025-11-24,2025-10-27,4,0.0,1.0,5.0,3.095511607329291,3.095511607329291,3.095511607329291,Planner C
SKU0019@LOC01,2025-12-01,2025-11-24,1,3.0,0.0,2.0,2.7970510511172533,3.8141876467107565,3.8141876467107565,Planner C
SKU0019@LOC01,2025-12-08,2025-11-24,2,3.0,0.0,3.0,2.7970510511172533,2.7970510511172533,2.7970510511172533,Planner C
SKU0019@LOC01,2025-12-15,2025-11-24,3,3.0,0.0,1.0,2.7970510511172533,2.7970510511172533,2.7970510511172533,Planner C
SKU0019@LOC01,2025-12-22,2025-11-24,4,8.0,0.0,4.0,2.7970510511172533,2.7970510511172533,2.7970510511172533,Planner C
SKU0019@LOC02,2025-05-19,2025-05-12,1,0.0,1.0,4.0,2.143911868885672,2.143911868885672,2.143911868885672,Planner D
SKU0019@LOC02,2025-05-26,2025-05-12,2,4.0,1.0,3.0,2.143911868885672,2.439228901468608,2.439228901468608,Planner D
SKU0019@LOC02,2025-06-02,2025-05-12,3,2.0,1.0,2.0,2.143911868885672,2.947214324698465,2.947214324698465,Planner D
SKU0019@LOC02,2025-06-09,2025-05-12,4,3.0,1.0,3.0,2.143911868885672,3.2381475704651277,3.2381475704651277,Planner D
SKU0019@LOC02,2025-06-16,2025-06-09,1,2.0,3.0,0.0,2.2106205771758893,3.4432732526656418,3.4432732526656418,Planner D
SKU0019@LOC02,2025-06-23,2025-06-09,2,0.0,3.0,3.0,2.2106205771758893,2.2860828279646612,2.2860828279646612,Planner D
SKU0019@LOC02,2025-06-30,2025-06-09,3,0.0,3.0,3.0,2.2106205771758893,2.2106205771758893,2.2106205771758893,Planner D
SKU0019@LOC02,2025-07-07,2025-06-09,4,4.0,3.0,1.0,2.2106205771758893,2.2489644096897043,2.2489644096897043,Planner D
SKU0019@LOC02,2025-07-14,2025-07-07,1,1.0,4.0,3.0,1.9961881606851009,2.4823985599873657,2.4823985599873657,Planner D
SKU0019@LOC02,2025-07-21,2025-07-07,2,3.0,4.0,2.0,1.9961881606851009,1.9961881606851009,1.9961881606851009,Planner D
SKU0019@LOC02,2025-07-28,2025-07-07,3,2.0,4.0,1.0,1.9961881606851009,1.9961881606851009,1.9961881606851009,Planner D
SKU0019@LOC02,2025-08-04,2025-07-07,4,5.0,4.0,1.0,1.9961881606851009,1.9961881606851009,1.9961881606851009,Planner D
SKU0019@LOC02,2025-08-11,2025-08-04,1,3.0,5.0,1.0,2.3055990522254945,2.3055990522254945,2.3055990522254945,Planner D
SKU0019@LOC02,2025-08-18,2025-08-04,2,2.0,5.0,3.0,2.3055990522254945,2.3055990522254945,2.3055990522254945,Planner D
SKU0019@LOC02,2025-08-25,2025-08-04,3,1.0,5.0,2.0,2.3055990522254945,2.3055990522254945,2.3055990522254945,Planner D
SKU0019@LOC02,2025-09-01,2025-08-04,4,3.0,5.0,5.0,2.3055990522254945,2.3055990522254945,2.3055990522254945,Planner D
SKU0019@LOC02,2025-09-08,2025-09-01,1,5.0,3.0,3.0,2.283403538165147,2.283403538165147,2.283403538165147,Planner D
SKU0019@LOC02,2025-09-15,2025-09-01,2,4.0,3.0,3.0,2.283403538165147,2.283403538165147,2.283403538165147,Planner D
SKU0019@LOC02,2025-09-22,2025-09-01,3,3.0,3.0,0.0,2.283403538165147,2.283403538165147,2.283403538165147,Planner D
SKU0019@LOC02,2025-09-29,2025-09-01,4,6.0,3.0,2.0,2.283403538165147,2.283403538165147,2.283403538165147,Planner D
SKU0019@LOC02,2025-10-06,2025-09-29,1,2.0,6.0,3.0,3.0566410613901533,2.8840265710621185,2.8840265710621185,Planner D
SKU0019@LOC02,2025-10-13,2025-09-29,2,4.0,6.0,2.0,3.0566410613901533,3.0566410613901533,3.0566410613901533,Planner D
SKU0019@LOC02,2025-10-20,2025-09-29,3,2.0,6.0,3.0,3.0566410613901533,2.72257484546828,2.72257484546828,Planner D
SKU0019@LOC02,2025-10-27,2025-09-29,4,3.0,6.0,1.0,3.0566410613901533,4.074062381333469,4.074062381333469,Planner D
SKU0019@LOC02,2025-11-03,2025-10-27,1,6.0,3.0,2.0,2.9552622003780797,1.90173022580717,1.90173022580717,Planner D
SKU0019@LOC02,2025-11-10,2025-10-27,2,2.0,3.0,3.0,2.9552622003780797,2.9552622003780797,2.9552622003780797,Planner D
SKU0019@LOC02,2025-11-17,2025-10-27,3,2.0,3.0,0.0,2.9552622003780797,2.9552622003780797,2.9552622003780797,Planner D
SKU0019@LOC02,2025-11-24,2025-10-27,4,4.0,3.0,3.0,2.9552622003780797,2.9552622003780797,2.9552622003780797,Planner D
SKU0019@LOC02,2025-12-01,2025-11-24,1,5.0,4.0,7.0,3.1183475296680583,3.1183475296680583,3.1183475296680583,Planner D
SKU0019@LOC02,2025-12-08,2025-11-24,2,4.0,4.0,1.0,3.1183475296680583,2.9819410709438485,2.9819410709438485,Planner D
SKU0019@LOC02,2025-12-15,2025-11-24,3,1.0,4.0,5.0,3.1183475296680583,3.1183475296680583,3.1183475296680583,Planner D
SKU0019@LOC02,2025-12-22,2025-11-24,4,1.0,4.0,5.0,3.1183475296680583,3.1183475296680583,3.1183475296680583,Planner D
SKU0019@LOC03,2025-05-19,2025-05-12,1,2.0,0.0,4.0,3.5807141521832833,2.445726891015109,2.445726891015109,Planner A
SKU0019@LOC03,2025-05-26,2025-05-12,2,3.0,0.0,7.0,3.5807141521832833,3.5807141521832833,3.5807141521832833,Planner A
SKU0019@LOC03,2025-06-02,2025-05-12,3,1.0,0.0,4.0,3.5807141521832833,3.5807141521832833,3.5807141521832833,Planner A
SKU0019@LOC03,2025-06-09,2025-05-12,4,2.0,0.0,2.0,3.5807141521832833,4.488165515184551,4.488165515184551,Planner A
SKU0019@LOC03,2025-06-16,2025-06-09,1,2.0,2.0,5.0,2.7580297500001407,2.7580297500001407,2.7580297500001407,Planner A
SKU0019@LOC03,2025-06-23,2025-06-09,2,6.0,2.0,2.0,2.7580297500001407,3.937243822241351,3.937243822241351,Planner A
SKU0019@LOC03,2025-06-30,2025-06-09,3,4.0,2.0,2.0,2.7580297500001407,2.7580297500001407,2.7580297500001407,Planner A
SKU0019@LOC03,2025-07-07,2025-06-09,4,3.0,2.0,6.0,2.7580297500001407,2.7580297500001407,2.7580297500001407,Planner A
SKU0019@LOC03,2025-07-14,2025-07-07,1,3.0,3.0,9.0,3.2785407108978535,3.2785407108978535,3.2785407108978535,Planner A
SKU0019@LOC03,2025-07-21,2025-07-07,2,3.0,3.0,8.0,3.2785407108978535,3.2785407108978535,3.2785407108978535,Planner A
SKU0019@LOC03,2025-07-28,2025-07-07,3,3.0,3.0,4.0,3.2785407108978535,3.613629392602124,3.613629392602124,Planner A
SKU0019@LOC03,2025-08-04,2025-07-07,4,2.0,3.0,8.0,3.2785407108978535,3.2785407108978535,3.2785407108978535,Planner A
SKU0019@LOC03,2025-08-11,2025-08-04,1,2.0,2.0,12.0,2.9722519151977673,2.9722519151977673,2.9722519151977673,Planner A
SKU0019@LOC03,2025-08-18,2025-08-04,2,4.0,2.0,7.0,2.9722519151977673,2.9722519151977673,2.9722519151977673,Planner A
SKU0019@LOC03,2025-08-25,2025-08-04,3,5.0,2.0,3.0,2.9722519151977673,5.216233554328142,5.216233554328142,Planner A
SKU0019@LOC03,2025-09-01,2025-08-04,4,4.0,2.0,7.0,2.9722519151977673,2.9722519151977673,2.9722519151977673,Planner A
SKU0019@LOC03,2025-09-08,2025-09-01,1,1.0,4.0,3.0,3.3423926426916157,3.3423926426916157,3.3423926426916157,Planner A
SKU0019@LOC03,2025-09-15,2025-09-01,2,4.0,4.0,3.0,3.3423926426916157,4.1373044181876155,4.1373044181876155,Planner A
SKU0019@LOC03,2025-09-22,2025-09-01,3,2.0,4.0,5.0,3.3423926426916157,5.1276701491037,5.1276701491037,Planner A
SKU0019@LOC03,2025-09-29,2025-09-01,4,5.0,4.0,3.0,3.3423926426916157,3.3423926426916157,3.3423926426916157,Planner A
SKU0019@LOC03,2025-10-06,2025-09-29,1,3.0,5.0,3.0,3.2698438128699694,3.2698438128699694,3.2698438128699694,Planner A
SKU0019@LOC03,2025-10-13,2025-09-29,2,2.0,5.0,2.0,3.2698438128699694,2.86227264837531,2.86227264837531,Planner A
SKU0019@LOC03,2025-10-20,2025-09-29,3,2.0,5.0,11.0,3.2698438128699694,3.2698438128699694,3.2698438128699694,Planner A
SKU0019@LOC03,2025-10-27,2025-09-29,4,4.0,5.0,1.0,3.2698438128699694,3.2698438128699694,3.2698438128699694,Planner A
SKU0019@LOC03,2025-11-03,2025-10-27,1,3.0,4.0,4.0,3.1060445256239873,3.1060445256239873,3.1060445256239873,Planner A
SKU0019@LOC03,2025-11-10,2025-10-27,2,7.0,4.0,4.0,3.1060445256239873,3.1060445256239873,3.1060445256239873,Planner A
SKU0019@LOC03,2025-11-17,2025-10-27,3,2.0,4.0,5.0,3.1060445256239873,3.1060445256239873,3.1060445256239873,Planner A
SKU0019@LOC03,2025-11-24,2025-10-27,4,3.0,4.0,3.0,3.1060445256239873,3.1060445256239873,3.1060445256239873,Planner A
SKU0019@LOC03,2025-12-01,2025-11-24,1,5.0,3.0,3.0,3.303575813261898,3.303575813261898,3.303575813261898,Planner A
SKU0019@LOC03,2025-12-08,2025-11-24,2,2.0,3.0,0.0,3.303575813261898,3.303575813261898,3.303575813261898,Planner A
SKU0019@LOC03,2025-12-15,2025-11-24,3,6.0,3.0,3.0,3.303575813261898,3.303575813261898,3.303575813261898,Planner A
SKU0019@LOC03,2025-12-22,2025-11-24,4,3.0,3.0,5.0,3.303575813261898,3.303575813261898,3.303575813261898,Planner A
SKU0020@LOC01,2025-05-19,2025-05-12,1,0.0,10.0,0.0,3.4833679210977335,3.4833679210977335,3.4833679210977335,Planner B
SKU0020@LOC01,2025-05-26,2025-05-12,2,0.0,10.0,0.0,3.4833679210977335,4.860504481813332,4.860504481813332,Planner B
SKU0020@LOC01,2025-06-02,2025-05-12,3,0.0,10.0,0.0,3.4833679210977335,3.4833679210977335,3.4833679210977335,Planner B
SKU0020@LOC01,2025-06-09,2025-05-12,4,0.0,10.0,13.0,3.4833679210977335,3.4833679210977335,3.4833679210977335,Planner B
SKU0020@LOC01,2025-06-16,2025-06-09,1,0.0,0.0,0.0,3.4833679210977335,3.4833679210977335,3.4833679210977335,Planner B
SKU0020@LOC01,2025-06-23,2025-06-09,2,9.0,0.0,0.0,3.4833679210977335,3.4833679210977335,3.4833679210977335,Planner B
SKU0020@LOC01,2025-06-30,2025-06-09,3,0.0,0.0,0.0,3.4833679210977335,3.4833679210977335,3.4833679210977335,Planner B
SKU0020@LOC01,2025-07-07,2025-06-09,4,11.0,0.0,0.0,3.4833679210977335,3.4833679210977335,3.4833679210977335,Planner B
SKU0020@LOC01,2025-07-14,2025-07-07,1,0.0,11.0,0.0,3.325760910123526,3.325760910123526,3.325760910123526,Planner B
SKU0020@LOC01,2025-07-21,2025-07-07,2,0.0,11.0,0.0,3.325760910123526,2.7185283824477717,2.7185283824477717,Planner B
SKU0020@LOC01,2025-07-28,2025-07-07,3,0.0,11.0,0.0,3.325760910123526,4.130461031077655,4.130461031077655,Planner B
SKU0020@LOC01,2025-08-04,2025-07-07,4,0.0,11.0,0.0,3.325760910123526,4.178180337871188,4.178180337871188,Planner B
SKU0020@LOC01,2025-08-11,2025-08-04,1,10.0,0.0,0.0,3.325760910123526,6.172016959088099,6.172016959088099,Planner B
SKU0020@LOC01,2025-08-18,2025-08-04,2,0.0,0.0,0.0,3.325760910123526,3.325760910123526,3.325760910123526,Planner B
SKU0020@LOC01,2025-08-25,2025-08-04,3,10.0,0.0,0.0,3.325760910123526,3.325760910123526,3.325760910123526,Planner B
SKU0020@LOC01,2025-09-01,2025-08-04,4,0.0,0.0,0.0,3.325760910123526,3.325760910123526,3.325760910123526,Planner B
SKU0020@LOC01,2025-09-08,2025-09-01,1,0.0,0.0,0.0,3.2477383101643342,3.691731784969977,3.691731784969977,Planner B
SKU0020@LOC01,2025-09-15,2025-09-01,2,0.0,0.0,21.0,3.2477383101643342,3.2477383101643342,3.2477383101643342,Planner B
SKU0020@LOC01,2025-09-22,2025-09-01,3,0.0,0.0,0.0,3.2477383101643342,2.843914556646002,2.843914556646002,Planner B
SKU0020@LOC01,2025-09-29,2025-09-01,4,0.0,0.0,0.0,3.2477383101643342,3.2477383101643342,3.2477383101643342,Planner B
SKU0020@LOC01,2025-10-06,2025-09-29,1,0.0,0.0,0.0,3.2477383101643342,3.4370361377718153,3.4370361377718153,Planner B
SKU0020@LOC01,2025-10-13,2025-09-29,2,0.0,0.0,0.0,3.2477383101643342,3.2477383101643342,3.2477383101643342,Planner B
SKU0020@LOC01,2025-10-20,2025-09-29,3,0.0,0.0,20.0,3.2477383101643342,3.2477383101643342,3.2477383101643342,Planner B
SKU0020@LOC01,2025-10-27,2025-09-29,4,0.0,0.0,0.0,3.2477383101643342,3.2477383101643342,3.2477383101643342,Planner B
SKU0020@LOC01,2025-11-03,2025-10-27,1,0.0,0.0,0.0,3.2477383101643342,3.2477383101643342,3.2477383101643342,Planner B
SKU0020@LOC01,2025-11-10,2025-10-27,2,0.0,0.0,12.0,3.2477383101643342,3.2477383101643342,3.2477383101643342,Planner B
SKU0020@LOC01,2025-11-17,2025-10-27,3,0.0,0.0,0.0,3.2477383101643342,3.145041860705506,3.145041860705506,Planner B
SKU0020@LOC01,2025-11-24,2025-10-27,4,0.0,0.0,0.0,3.2477383101643342,3.2477383101643342,3.2477383101643342,Planner B
SKU0020@LOC01,2025-12-01,2025-11-24,1,0.0,0.0,0.0,3.2477383101643342,3.2477383101643342,3.2477383101643342,Planner B
SKU0020@LOC01,2025-12-08,2025-11-24,2,0.0,0.0,13.0,3.2477383101643342,3.2477383101643342,3.2477383101643342,Planner B
SKU0020@LOC01,2025-12-15,2025-11-24,3,0.0,0.0,0.0,3.2477383101643342,3.2477383101643342,3.2477383101643342,Planner B
SKU0020@LOC01,2025-12-22,2025-11-24,4,0.0,0.0,0.0,3.2477383101643342,3.2477383101643342,3.2477383101643342,Planner B
SKU0020@LOC02,2025-05-19,2025-05-12,1,3.0,0.0,0.0,1.8767787884987355,2.38176517404645,2.38176517404645,Planner C
SKU0020@LOC02,2025-05-26,2025-05-12,2,4.0,0.0,0.0,1.8767787884987355,2.26310714485693,2.26310714485693,Planner C
SKU0020@LOC02,2025-06-02,2025-05-12,3,0.0,0.0,9.0,1.8767787884987355,2.45583953902704,2.45583953902704,Planner C
SKU0020@LOC02,2025-06-09,2025-05-12,4,0.0,0.0,8.0,1.8767787884987355,1.9559610325326333,1.9559610325326333,Planner C
SKU0020@LOC02,2025-06-16,2025-06-09,1,0.0,0.0,0.0,1.8543216250067236,1.8543216250067236,1.8543216250067236,Planner C
SKU0020@LOC02,2025-06-23,2025-06-09,2,0.0,0.0,7.0,1.8543216250067236,1.8543216250067236,1.8543216250067236,Planner C
SKU0020@LOC02,2025-06-30,2025-06-09,3,0.0,0.0,0.0,1.8543216250067236,1.8543216250067236,1.8543216250067236,Planner C
SKU0020@LOC02,2025-07-07,2025-06-09,4,0.0,0.0,4.0,1.8543216250067236,1.8543216250067236,1.8543216250067236,Planner C
SKU0020@LOC02,2025-07-14,2025-07-07,1,0.0,0.0,0.0,1.8543216250067236,1.8543216250067236,1.8543216250067236,Planner C
SKU0020@LOC02,2025-07-21,2025-07-07,2,0.0,0.0,5.0,1.8543216250067236,1.8543216250067236,1.8543216250067236,Planner C
SKU0020@LOC02,2025-07-28,2025-07-07,3,0.0,0.0,6.0,1.8543216250067236,1.8543216250067236,1.8543216250067236,Planner C
SKU0020@LOC02,2025-08-04,2025-07-07,4,3.0,0.0,0.0,1.8543216250067236,2.789998755199803,2.789998755199803,Planner C
SKU0020@LOC02,2025-08-11,2025-08-04,1,0.0,3.0,5.0,1.3817403502414463,1.3817403502414463,1.3817403502414463,Planner C
SKU0020@LOC02,2025-08-18,2025-08-04,2,0.0,3.0,5.0,1.3817403502414463,1.3817403502414463,1.3817403502414463,Planner C
SKU0020@LOC02,2025-08-25,2025-08-04,3,4.0,3.0,0.0,1.3817403502414463,1.3817403502414463,1.3817403502414463,Planner C
SKU0020@LOC02,2025-09-01,2025-08-04,4,3.0,3.0,0.0,1.3817403502414463,1.3817403502414463,1.3817403502414463,Planner C
SKU0020@LOC02,2025-09-08,2025-09-01,1,0.0,3.0,0.0,1.4195715673360036,1.4195715673360036,1.4195715673360036,Planner C
SKU0020@LOC02,2025-09-15,2025-09-01,2,0.0,3.0,9.0,1.4195715673360036,1.4195715673360036,1.4195715673360036,Planner C
SKU0020@LOC02,2025-09-22,2025-09-01,3,0.0,3.0,0.0,1.4195715673360036,1.4195715673360036,1.4195715673360036,Planner C
SKU0020@LOC02,2025-09-29,2025-09-01,4,0.0,3.0,8.0,1.4195715673360036,1.4195715673360036,1.4195715673360036,Planner C
SKU0020@LOC02,2025-10-06,2025-09-29,1,0.0,0.0,0.0,1.4195715673360036,1.317753129361351,1.317753129361351,Planner C
SKU0020@LOC02,2025-10-13,2025-09-29,2,0.0,0.0,0.0,1.4195715673360036,1.4195715673360036,1.4195715673360036,Planner C
SKU0020@LOC02,2025-10-20,2025-09-29,3,0.0,0.0,11.0,1.4195715673360036,1.4195715673360036,1.4195715673360036,Planner C
SKU0020@LOC02,2025-10-27,2025-09-29,4,4.0,0.0,0.0,1.4195715673360036,1.4195715673360036,1.4195715673360036,Planner C
SKU0020@LOC02,2025-11-03,2025-10-27,1,5.0,4.0,0.0,1.2069393334092604,1.2069393334092604,1.2069393334092604,Planner C
SKU0020@LOC02,2025-11-10,2025-10-27,2,0.0,4.0,0.0,1.2069393334092604,1.2069393334092604,1.2069393334092604,Planner C
SKU0020@LOC02,2025-11-17,2025-10-27,3,0.0,4.0,0.0,1.2069393334092604,1.2069393334092604,1.2069393334092604,Planner C
SKU0020@LOC02,2025-11-24,2025-10-27,4,3.0,4.0,0.0,1.2069393334092604,1.2069393334092604,1.2069393334092604,Planner C
SKU0020@LOC02,2025-12-01,2025-11-24,1,0.0,3.0,0.0,1.2809141020805503,1.2809141020805503,1.2809141020805503,Planner C
SKU0020@LOC02,2025-12-08,2025-11-24,2,1.0,3.0,6.0,1.2809141020805503,1.2809141020805503,1.2809141020805503,Planner C
SKU0020@LOC02,2025-12-15,2025-11-24,3,0.0,3.0,0.0,1.2809141020805503,0.7070321117354191,0.7070321117354191,Planner C
SKU0020@LOC02,2025-12-22,2025-11-24,4,0.0,3.0,0.0,1.2809141020805503,1.4872050460236932,1.4872050460236932,Planner C
SKU0020@LOC03,2025-05-19,2025-05-12,1,0.0,6.0,0.0,2.9102687355679446,2.9102687355679446,2.9102687355679446,Planner D
SKU0020@LOC03,2025-05-26,2025-05-12,2,2.0,6.0,0.0,2.9102687355679446,2.9102687355679446,2.9102687355679446,Planner D
SKU0020@LOC03,2025-06-02,2025-05-12,3,0.0,6.0,0.0,2.9102687355679446,2.7758588377514584,2.7758588377514584,Planner D
SKU0020@LOC03,2025-06-09,2025-05-12,4,0.0,6.0,9.0,2.9102687355679446,2.9102687355679446,2.9102687355679446,Planner D
SKU0020@LOC03,2025-06-16,2025-06-09,1,0.0,0.0,6.0,2.764802371738988,2.764802371738988,2.764802371738988,Planner D
SKU0020@LOC03,2025-06-23,2025-06-09,2,0.0,0.0,7.0,2.764802371738988,2.7962658755395564,2.7962658755395564,Planner D
SKU0020@LOC03,2025-06-30,2025-06-09,3,0.0,0.0,10.0,2.764802371738988,2.764802371738988,2.764802371738988,Planner D
SKU0020@LOC03,2025-07-07,2025-06-09,4,0.0,0.0,3.0,2.764802371738988,3.506355921905284,3.506355921905284,Planner D
SKU0020@LOC03,2025-07-14,2025-07-07,1,5.0,0.0,0.0,2.764802371738988,2.764802371738988,2.764802371738988,Planner D
SKU0020@LOC03,2025-07-21,2025-07-07,2,0.0,0.0,0.0,2.764802371738988,2.4276404201076796,2.4276404201076796,Planner D
SKU0020@LOC03,2025-07-28,2025-07-07,3,0.0,0.0,0.0,2.764802371738988,0.5885096623767967,0.5885096623767967,Planner D
SKU0020@LOC03,2025-08-04,2025-07-07,4,0.0,0.0,0.0,2.764802371738988,2.235285953085415,2.235285953085415,Planner D
SKU0020@LOC03,2025-08-11,2025-08-04,1,0.0,0.0,13.0,2.297581650613641,2.297581650613641,2.297581650613641,Planner D
SKU0020@LOC03,2025-08-18,2025-08-04,2,0.0,0.0,0.0,2.297581650613641,3.498217673414192,3.498217673414192,Planner D
SKU0020@LOC03,2025-08-25,2025-08-04,3,4.0,0.0,0.0,2.297581650613641,2.297581650613641,2.297581650613641,Planner D
SKU0020@LOC03,2025-09-01,2025-08-04,4,0.0,0.0,14.0,2.297581650613641,1.889004709732746,1.889004709732746,Planner D
SKU0020@LOC03,2025-09-08,2025-09-01,1,0.0,0.0,9.0,2.005015595224999,2.005015595224999,2.005015595224999,Planner D
SKU0020@LOC03,2025-09-15,2025-09-01,2,4.0,0.0,0.0,2.005015595224999,2.005015595224999,2.005015595224999,Planner D
SKU0020@LOC03,2025-09-22,2025-09-01,3,6.0,0.0,0.0,2.005015595224999,2.005015595224999,2.005015595224999,Planner D
SKU0020@LOC03,2025-09-29,2025-09-01,4,5.0,0.0,10.0,2.005015595224999,1.9047520763151657,1.9047520763151657,Planner D
SKU0020@LOC03,2025-10-06,2025-09-29,1,0.0,5.0,0.0,2.151407001987697,2.151407001987697,2.151407001987697,Planner D
SKU0020@LOC03,2025-10-13,2025-09-29,2,0.0,5.0,0.0,2.151407001987697,2.151407001987697,2.151407001987697,Planner D
SKU0020@LOC03,2025-10-20,2025-09-29,3,4.0,5.0,0.0,2.151407001987697,3.685964032607557,3.685964032607557,Planner D
SKU0020@LOC03,2025-10-27,2025-09-29,4,5.0,5.0,2.0,2.151407001987697,4.555479700633677,4.555479700633677,Planner D
SKU0020@LOC03,2025-11-03,2025-10-27,1,0.0,5.0,0.0,2.159074592887863,2.159074592887863,2.159074592887863,Planner D
SKU0020@LOC03,2025-11-10,2025-10-27,2,0.0,5.0,9.0,2.159074592887863,2.159074592887863,2.159074592887863,Planner D
SKU0020@LOC03,2025-11-17,2025-10-27,3,0.0,5.0,12.0,2.159074592887863,2.7535215086212546,2.7535215086212546,Planner D
SKU0020@LOC03,2025-11-24,2025-10-27,4,5.0,5.0,0.0,2.159074592887863,3.1974273578864505,3.1974273578864505,Planner D
SKU0020@LOC03,2025-12-01,2025-11-24,1,0.0,5.0,10.0,2.023308870170851,2.023308870170851,2.023308870170851,Planner D
SKU0020@LOC03,2025-12-08,2025-11-24,2,5.0,5.0,8.0,2.023308870170851,2.023308870170851,2.023308870170851,Planner D
SKU0020@LOC03,2025-12-15,2025-11-24,3,0.0,5.0,0.0,2.023308870170851,2.023308870170851,2.023308870170851,Planner D
SKU0020@LOC03,2025-12-22,2025-11-24,4,0.0,5.0,0.0,2.023308870170851,2.023308870170851,2.023308870170851,Planner D
SKU0021@LOC01,2025-05-19,2025-05-12,1,33.0,44.0,6.0,55.59173966813191,55.59173966813191,58.3713266515385,Planner A
SKU0021@LOC01,2025-05-26,2025-05-12,2,18.0,44.0,41.0,55.59173966813191,55.59173966813191,58.3713266515385,Planner A
SKU0021@LOC01,2025-06-02,2025-05-12,3,20.0,44.0,24.0,55.59173966813191,55.59173966813191,58.3713266515385,Planner A
SKU0021@LOC01,2025-06-09,2025-05-12,4,107.0,44.0,38.0,55.59173966813191,55.59173966813191,58.3713266515385,Planner A
SKU0021@LOC01,2025-06-16,2025-06-09,1,73.0,107.0,127.0,53.806738158066366,70.50942769222938,74.03489907684086,Planner A
SKU0021@LOC01,2025-06-23,2025-06-09,2,72.0,107.0,29.0,53.806738158066366,71.31432701349887,74.88004336417382,Planner A
SKU0021@LOC01,2025-06-30,2025-06-09,3,10.0,107.0,95.0,53.806738158066366,53.806738158066366,56.49707506596969,Planner A
SKU0021@LOC01,2025-07-07,2025-06-09,4,28.0,107.0,12.0,53.806738158066366,53.806738158066366,56.49707506596969,Planner A
SKU0021@LOC01,2025-07-14,2025-07-07,1,49.0,28.0,9.0,52.07934327185855,60.58510995478606,63.61436545252537,Planner A
SKU0021@LOC01,2025-07-21,2025-07-07,2,38.0,28.0,10.0,52.07934327185855,52.07934327185855,54.683310435451475,Planner A
SKU0021@LOC01,2025-07-28,2025-07-07,3,94.0,28.0,4.0,52.07934327185855,52.07934327185855,54.683310435451475,Planner A
SKU0021@LOC01,2025-08-04,2025-07-07,4,71.0,28.0,29.0,52.07934327185855,52.07934327185855,54.683310435451475,Planner A
SKU0021@LOC01,2025-08-11,2025-08-04,1,13.0,71.0,56.0,54.249269340824235,54.249269340824235,56.961732807865445,Planner A
SKU0021@LOC01,2025-08-18,2025-08-04,2,26.0,71.0,22.0,54.249269340824235,54.249269340824235,56.961732807865445,Planner A
SKU0021@LOC01,2025-08-25,2025-08-04,3,6.0,71.0,104.0,54.249269340824235,54.249269340824235,56.961732807865445,Planner A
SKU0021@LOC01,2025-09-01,2025-08-04,4,72.0,71.0,11.0,54.249269340824235,79.30843976319679,83.27386175135663,Planner A
SKU0021@LOC01,2025-09-08,2025-09-01,1,230.0,72.0,14.0,49.80191268603471,49.80191268603471,52.29200832033645,Planner A
SKU0021@LOC01,2025-09-15,2025-09-01,2,8.0,72.0,30.0,49.80191268603471,49.80191268603471,52.29200832033645,Planner A
SKU0021@LOC01,2025-09-22,2025-09-01,3,3.0,72.0,5.0,49.80191268603471,49.81352431064859,52.30420052618102,Planner A
SKU0021@LOC01,2025-09-29,2025-09-01,4,65.0,72.0,49.0,49.80191268603471,51.28734335250224,53.851710520127355,Planner A
SKU0021@LOC01,2025-10-06,2025-09-29,1,11.0,65.0,7.0,54.17728164472956,33.68537402969906,35.369642731184015,Planner A
SKU0021@LOC01,2025-10-13,2025-09-29,2,105.0,65.0,43.0,54.17728164472956,54.17728164472956,56.88614572696604,Planner A
SKU0021@LOC01,2025-10-20,2025-09-29,3,30.0,65.0,41.0,54.17728164472956,54.17728164472956,56.88614572696604,Planner A
SKU0021@LOC01,2025-10-27,2025-09-29,4,13.0,65.0,53.0,54.17728164472956,83.3197030014316,87.48568815150318,Planner A
SKU0021@LOC01,2025-11-03,2025-10-27,1,35.0,13.0,116.0,51.412415757642506,51.412415757642506,53.983036545524634,Planner A
SKU0021@LOC01,2025-11-10,2025-10-27,2,159.0,13.0,17.0,51.412415757642506,51.412415757642506,53.983036545524634,Planner A
SKU0021@LOC01,2025-11-17,2025-10-27,3,1.0,13.0,152.0,51.412415757642506,34.94466723585059,36.69190059764312,Planner A
SKU0021@LOC01,2025-11-24,2025-10-27,4,118.0,13.0,109.0,51.412415757642506,51.412415757642506,53.983036545524634,Planner A
SKU0021@LOC01,2025-12-01,2025-11-24,1,122.0,118.0,50.0,56.4985152121983,58.221862226106055,61.13295533741136,Planner A
SKU0021@LOC01,2025-12-08,2025-11-24,2,26.0,118.0,4.0,56.4985152121983,56.4985152121983,59.323440972808214,Planner A
SKU0021@LOC01,2025-12-15,2025-11-24,3,73.0,118.0,55.0,56.4985152121983,56.4985152121983,59.323440972808214,Planner A
SKU0021@LOC01,2025-12-22,2025-11-24,4,46.0,118.0,6.0,56.4985152121983,57.737520706342536,60.624396741659666,Planner A
SKU0021@LOC02,2025-05-19,2025-05-12,1,6.0,100.0,10.0,33.439280642043904,33.439280642043904,35.1112446741461,Planner B
SKU0021@LOC02,2025-05-26,2025-05-12,2,21.0,100.0,36.0,33.439280642043904,33.439280642043904,35.1112446741461,Planner B
SKU0021@LOC02,2025-06-02,2025-05-12,3,31.0,100.0,10.0,33.439280642043904,33.439280642043904,35.1112446741461,Planner B
SKU0021@LOC02,2025-06-09,2025-05-12,4,54.0,100.0,43.0,33.439280642043904,33.439280642043904,35.1112446741461,Planner B
SKU0021@LOC02,2025-06-16,2025-06-09,1,54.0,54.0,0.0,32.61384057844877,32.61384057844877,34.24453260737121,Planner B
SKU0021@LOC02,2025-06-23,2025-06-09,2,21.0,54.0,8.0,32.61384057844877,32.568837409630795,34.19727928011233,Planner B
SKU0021@LOC02,2025-06-30,2025-06-09,3,21.0,54.0,15.0,32.61384057844877,32.61384057844877,34.24453260737121,Planner B
SKU0021@LOC02,2025-07-07,2025-06-09,4,13.0,54.0,19.0,32.61384057844877,32.61384057844877,34.24453260737121,Planner B
SKU0021@LOC02,2025-07-14,2025-07-07,1,78.0,13.0,15.0,31.474214487650144,31.474214487650144,33.04792521203265,Planner B
SKU0021@LOC02,2025-07-21,2025-07-07,2,118.0,13.0,48.0,31.474214487650144,31.474214487650144,33.04792521203265,Planner B
SKU0021@LOC02,2025-07-28,2025-07-07,3,3.0,13.0,25.0,31.474214487650144,31.474214487650144,33.04792521203265,Planner B
SKU0021@LOC02,2025-08-04,2025-07-07,4,68.0,13.0,6.0,31.474214487650144,17.261435148128967,18.124506905535416,Planner B
SKU0021@LOC02,2025-08-11,2025-08-04,1,58.0,68.0,11.0,37.84695691403159,37.84695691403159,39.739304759733166,Planner B
SKU0021@LOC02,2025-08-18,2025-08-04,2,1.0,68.0,17.0,37.84695691403159,41.32896807125699,43.39541647481984,Planner B
SKU0021@LOC02,2025-08-25,2025-08-04,3,66.0,68.0,10.0,37.84695691403159,37.84695691403159,39.739304759733166,Planner B
SKU0021@LOC02,2025-09-01,2025-08-04,4,85.0,68.0,14.0,37.84695691403159,37.84695691403159,39.739304759733166,Planner B
SKU0021@LOC02,2025-09-08,2025-09-01,1,49.0,85.0,4.0,40.74309544995945,40.74309544995945,42.780250222457425,Planner B
SKU0021@LOC02,2025-09-15,2025-09-01,2,11.0,85.0,24.0,40.74309544995945,40.74309544995945,42.780250222457425,Planner B
SKU0021@LOC02,2025-09-22,2025-09-01,3,122.0,85.0,19.0,40.74309544995945,40.74309544995945,42.780250222457425,Planner B
SKU0021@LOC02,2025-09-29,2025-09-01,4,94.0,85.0,90.0,40.74309544995945,40.74309544995945,42.780250222457425,Planner B
SKU0021@LOC02,2025-10-06,2025-09-29,1,6.0,94.0,52.0,46.27744963833853,46.27744963833853,48.59132212025546,Planner B
SKU0021@LOC02,2025-10-13,2025-09-29,2,57.0,94.0,7.0,46.27744963833853,46.27744963833853,48.59132212025546,Planner B
SKU0021@LOC02,2025-10-20,2025-09-29,3,53.0,94.0,11.0,46.27744963833853,47.24013247387731,49.602139097571175,Planner B
SKU0021@LOC02,2025-10-27,2025-09-29,4,4.0,94.0,70.0,46.27744963833853,70.47044394684414,73.99396614418636,Planner B
SKU0021@LOC02,2025-11-03,2025-10-27,1,38.0,4.0,9.0,43.24010946448697,43.24010946448697,45.40211493771132,Planner B
SKU0021@LOC02,2025-11-10,2025-10-27,2,51.0,4.0,5.0,43.24010946448697,43.24010946448697,45.40211493771132,Planner B
SKU0021@LOC02,2025-11-17,2025-10-27,3,21.0,4.0,41.0,43.24010946448697,43.24010946448697,45.40211493771132,Planner B
SKU0021@LOC02,2025-11-24,2025-10-27,4,120.0,4.0,20.0,43.24010946448697,54.93187893685963,57.67847288370262,Planner B
SKU0021@LOC02,2025-12-01,2025-11-24,1,25.0,120.0,52.0,46.14722690950879,46.14722690950879,48.45458825498423,Planner B
SKU0021@LOC02,2025-12-08,2025-11-24,2,58.0,120.0,6.0,46.14722690950879,46.14722690950879,48.45458825498423,Planner B
SKU0021@LOC02,2025-12-15,2025-11-24,3,44.0,120.0,24.0,46.14722690950879,46.14722690950879,48.45458825498423,Planner B
SKU0021@LOC02,2025-12-22,2025-11-24,4,17.0,120.0,78.0,46.14722690950879,40.60887143876351,42.63931501070169,Planner B
SKU0021@LOC03,2025-05-19,2025-05-12,1,34.0,56.0,31.0,56.26723555261202,56.26723555261202,59.080597330242625,Planner C
SKU0021@LOC03,2025-05-26,2025-05-12,2,6.0,56.0,104.0,56.26723555261202,56.26723555261202,59.080597330242625,Planner C
SKU0021@LOC03,2025-06-02,2025-05-12,3,276.0,56.0,73.0,56.26723555261202,81.39861044164635,85.46854096372867,Planner C
SKU0021@LOC03,2025-06-09,2025-05-12,4,17.0,56.0,10.0,56.26723555261202,56.26723555261202,59.080597330242625,Planner C
SKU0021@LOC03,2025-06-16,2025-06-09,1,75.0,17.0,1.0,64.93453935329325,64.93453935329325,68.18126632095792,Planner C
SKU0021@LOC03,2025-06-23,2025-06-09,2,84.0,17.0,159.0,64.93453935329325,104.40886340964826,109.62930658013067,Planner C
SKU0021@LOC03,2025-06-30,2025-06-09,3,24.0,17.0,32.0,64.93453935329325,51.1207113108392,53.67674687638116,Planner C
SKU0021@LOC03,2025-07-07,2025-06-09,4,38.0,17.0,8.0,64.93453935329325,64.93453935329325,68.18126632095792,Planner C
SKU0021@LOC03,2025-07-14,2025-07-07,1,9.0,38.0,13.0,62.93524439412832,62.93524439412832,66.08200661383474,Planner C
SKU0021@LOC03,2025-07-21,2025-07-07,2,104.0,38.0,132.0,62.93524439412832,57.95278200143657,60.850421101508395,Planner C
SKU0021@LOC03,2025-07-28,2025-07-07,3,130.0,38.0,106.0,62.93524439412832,62.93524439412832,66.08200661383474,Planner C
SKU0021@LOC03,2025-08-04,2025-07-07,4,36.0,38.0,44.0,62.93524439412832,62.93524439412832,66.08200661383474,Planner C
SKU0021@LOC03,2025-08-11,2025-08-04,1,14.0,36.0,25.0,64.31496865429497,50.76463688577962,53.30286873006861,Planner C
SKU0021@LOC03,2025-08-18,2025-08-04,2,10.0,36.0,46.0,64.31496865429497,64.31496865429497,67.53071708700972,Planner C
SKU0021@LOC03,2025-08-25,2025-08-04,3,44.0,36.0,65.0,64.31496865429497,64.31496865429497,67.53071708700972,Planner C
SKU0021@LOC03,2025-09-01,2025-08-04,4,16.0,36.0,20.0,64.31496865429497,64.31496865429497,67.53071708700972,Planner C
SKU0021@LOC03,2025-09-08,2025-09-01,1,41.0,16.0,18.0,56.326356437477344,56.326356437477344,59.14267425935121,Planner C
SKU0021@LOC03,2025-09-15,2025-09-01,2,55.0,16.0,87.0,56.326356437477344,56.326356437477344,59.14267425935121,Planner C
SKU0021@LOC03,2025-09-22,2025-09-01,3,64.0,16.0,45.0,56.326356437477344,56.326356437477344,59.14267425935121,Planner C
SKU0021@LOC03,2025-09-29,2025-09-01,4,12.0,16.0,115.0,56.326356437477344,56.326356437477344,59.14267425935121,Planner C
SKU0021@LOC03,2025-10-06,2025-09-29,1,14.0,12.0,141.0,53.75766310805303,52.02337608661318,54.624544890943845,Planner C
SKU0021@LOC03,2025-10-13,2025-09-29,2,28.0,12.0,31.0,53.75766310805303,53.75766310805303,56.44554626345568,Planner C
SKU0021@LOC03,2025-10-20,2025-09-29,3,113.0,12.0,36.0,53.75766310805303,53.75766310805303,56.44554626345568,Planner C
SKU0021@LOC03,2025-10-27,2025-09-29,4,73.0,12.0,120.0,53.75766310805303,60.29991298906399,63.314908638517196,Planner C
SKU0021@LOC03,2025-11-03,2025-10-27,1,15.0,73.0,98.0,54.66711508690362,55.87083182105911,58.66437341211207,Planner C
SKU0021@LOC03,2025-11-10,2025-10-27,2,106.0,73.0,64.0,54.66711508690362,54.66711508690362,57.400470841248804,Planner C
SKU0021@LOC03,2025-11-17,2025-10-27,3,138.0,73.0,144.0,54.66711508690362,123.27789449661923,129.4417892214502,Planner C
SKU0021@LOC03,2025-11-24,2025-10-27,4,138.0,73.0,10.0,54.66711508690362,88.05899999938413,92.46194999935334,Planner C
SKU0021@LOC03,2025-12-01,2025-11-24,1,49.0,138.0,88.0,63.40798815775229,68.69097535379535,72.12552412148513,Planner C
SKU0021@LOC03,2025-12-08,2025-11-24,2,4.0,138.0,15.0,63.40798815775229,63.40798815775229,66.57838756563991,Planner C
SKU0021@LOC03,2025-12-15,2025-11-24,3,34.0,138.0,108.0,63.40798815775229,63.40798815775229,66.57838756563991,Planner C
SKU0021@LOC03,2025-12-22,2025-11-24,4,10.0,138.0,77.0,63.40798815775229,63.40798815775229,66.57838756563991,Planner C
SKU0022@LOC01,2025-05-19,2025-05-12,1,4.0,5.0,4.0,4.65406679267532,4.884205677469304,4.884205677469304,Planner D
SKU0022@LOC01,2025-05-26,2025-05-12,2,4.0,5.0,4.0,4.65406679267532,6.453388266382133,6.453388266382133,Planner D
SKU0022@LOC01,2025-06-02,2025-05-12,3,2.0,5.0,2.0,4.65406679267532,4.65406679267532,4.65406679267532,Planner D
SKU0022@LOC01,2025-06-09,2025-05-12,4,5.0,5.0,17.0,4.65406679267532,4.65406679267532,4.65406679267532,Planner D
SKU0022@LOC01,2025-06-16,2025-06-09,1,1.0,5.0,15.0,4.3491332226742765,4.3491332226742765,4.3491332226742765,Planner D
SKU0022@LOC01,2025-06-23,2025-06-09,2,1.0,5.0,4.0,4.3491332226742765,6.158530034003393,6.158530034003393,Planner D
SKU0022@LOC01,2025-06-30,2025-06-09,3,1.0,5.0,3.0,4.3491332226742765,4.769254028412947,4.769254028412947,Planner D
SKU0022@LOC01,2025-07-07,2025-06-09,4,7.0,5.0,12.0,4.3491332226742765,6.7499909906169595,6.7499909906169595,Planner D
SKU0022@LOC01,2025-07-14,2025-07-07,1,3.0,7.0,7.0,3.7973663073965924,3.7973663073965924,3.7973663073965924,Planner D
SKU0022@LOC01,2025-07-21,2025-07-07,2,2.0,7.0,6.0,3.7973663073965924,3.7973663073965924,3.7973663073965924,Planner D
SKU0022@LOC01,2025-07-28,2025-07-07,3,11.0,7.0,4.0,3.7973663073965924,3.7973663073965924,3.7973663073965924,Planner D
SKU0022@LOC01,2025-08-04,2025-07-07,4,4.0,7.0,4.0,3.7973663073965924,3.7973663073965924,3.7973663073965924,Planner D
SKU0022@LOC01,2025-08-11,2025-08-04,1,6.0,4.0,3.0,4.262152034282905,4.262152034282905,4.262152034282905,Planner D
SKU0022@LOC01,2025-08-18,2025-08-04,2,2.0,4.0,4.0,4.262152034282905,4.262152034282905,4.262152034282905,Planner D
SKU0022@LOC01,2025-08-25,2025-08-04,3,1.0,4.0,1.0,4.262152034282905,4.89464127842617,4.89464127842617,Planner D
SKU0022@LOC01,2025-09-01,2025-08-04,4,5.0,4.0,4.0,4.262152034282905,4.262152034282905,4.262152034282905,Planner D
SKU0022@LOC01,2025-09-08,2025-09-01,1,1.0,5.0,6.0,3.9857979496930134,3.9857979496930134,3.9857979496930134,Planner D
SKU0022@LOC01,2025-09-15,2025-09-01,2,4.0,5.0,4.0,3.9857979496930134,3.9857979496930134,3.9857979496930134,Planner D
SKU0022@LOC01,2025-09-22,2025-09-01,3,2.0,5.0,5.0,3.9857979496930134,3.098532373766261,3.098532373766261,Planner D
SKU0022@LOC01,2025-09-29,2025-09-01,4,4.0,5.0,0.0,3.9857979496930134,3.9857979496930134,3.9857979496930134,Planner D
SKU0022@LOC01,2025-10-06,2025-09-29,1,4.0,4.0,5.0,3.591982034793586,3.591982034793586,3.591982034793586,Planner D
SKU0022@LOC01,2025-10-13,2025-09-29,2,3.0,4.0,4.0,3.591982034793586,5.323363762758298,5.323363762758298,Planner D
SKU0022@LOC01,2025-10-20,2025-09-29,3,4.0,4.0,2.0,3.591982034793586,3.591982034793586,3.591982034793586,Planner D
SKU0022@LOC01,2025-10-27,2025-09-29,4,3.0,4.0,4.0,3.591982034793586,3.591982034793586,3.591982034793586,Planner D
SKU0022@LOC01,2025-11-03,2025-10-27,1,4.0,3.0,9.0,3.551299413028072,3.677006496884007,3.677006496884007,Planner D
SKU0022@LOC01,2025-11-10,2025-10-27,2,5.0,3.0,3.0,3.551299413028072,3.551299413028072,3.551299413028072,Planner D
SKU0022@LOC01,2025-11-17,2025-10-27,3,1.0,3.0,10.0,3.551299413028072,3.551299413028072,3.551299413028072,Planner D
SKU0022@LOC01,2025-11-24,2025-10-27,4,1.0,3.0,2.0,3.551299413028072,3.551299413028072,3.551299413028072,Planner D
SKU0022@LOC01,2025-12-01,2025-11-24,1,5.0,1.0,7.0,3.216607544887718,3.216607544887718,3.216607544887718,Planner D
SKU0022@LOC01,2025-12-08,2025-11-24,2,3.0,1.0,2.0,3.216607544887718,3.30533516594592,3.30533516594592,Planner D
SKU0022@LOC01,2025-12-15,2025-11-24,3,6.0,1.0,4.0,3.216607544887718,3.216607544887718,3.216607544887718,Planner D
SKU0022@LOC01,2025-12-22,2025-11-24,4,2.0,1.0,17.0,3.216607544887718,3.216607544887718,3.216607544887718,Planner D
SKU0022@LOC02,2025-05-19,2025-05-12,1,1.0,1.0,4.0,3.17375813592625,3.574853201603971,3.574853201603971,Planner A
SKU0022@LOC02,2025-05-26,2025-05-12,2,2.0,1.0,1.0,3.17375813592625,3.17375813592625,3.17375813592625,Planner A
SKU0022@LOC02,2025-06-02,2025-05-12,3,10.0,1.0,3.0,3.17375813592625,3.17375813592625,3.17375813592625,Planner A
SKU0022@LOC02,2025-06-09,2025-05-12,4,5.0,1.0,2.0,3.17375813592625,2.938661021215702,2.938661021215702,Planner A
SKU0022@LOC02,2025-06-16,2025-06-09,1,5.0,5.0,7.0,3.717202712981213,3.717202712981213,3.717202712981213,Planner A
SKU0022@LOC02,2025-06-23,2025-06-09,2,4.0,5.0,3.0,3.717202712981213,3.717202712981213,3.717202712981213,Planner A
SKU0022@LOC02,2025-06-30,2025-06-09,3,3.0,5.0,3.0,3.717202712981213,3.717202712981213,3.717202712981213,Planner A
SKU0022@LOC02,2025-07-07,2025-06-09,4,6.0,5.0,5.0,3.717202712981213,3.717202712981213,3.717202712981213,Planner A
SKU0022@LOC02,2025-07-14,2025-07-07,1,4.0,6.0,8.0,3.9973566999869736,3.9973566999869736,3.9973566999869736,Planner A
SKU0022@LOC02,2025-07-21,2025-07-07,2,2.0,6.0,3.0,3.9973566999869736,3.9973566999869736,3.9973566999869736,Planner A
SKU0022@LOC02,2025-07-28,2025-07-07,3,3.0,6.0,1.0,3.9973566999869736,5.276681828524342,5.276681828524342,Planner A
SKU0022@LOC02,2025-08-04,2025-07-07,4,6.0,6.0,0.0,3.9973566999869736,5.005946196790797,5.005946196790797,Planner A
SKU0022@LOC02,2025-08-11,2025-08-04,1,1.0,6.0,4.0,3.946265730861454,3.946265730861454,3.946265730861454,Planner A
SKU0022@LOC02,2025-08-18,2025-08-04,2,3.0,6.0,1.0,3.946265730861454,4.492106498236455,4.492106498236455,Planner A
SKU0022@LOC02,2025-08-25,2025-08-04,3,3.0,6.0,2.0,3.946265730861454,3.946265730861454,3.946265730861454,Planner A
SKU0022@LOC02,2025-09-01,2025-08-04,4,2.0,6.0,6.0,3.946265730861454,1.7482777906325881,1.7482777906325881,Planner A
SKU0022@LOC02,2025-09-08,2025-09-01,1,2.0,2.0,3.0,3.3750449460182,3.3750449460182,3.3750449460182,Planner A
SKU0022@LOC02,2025-09-15,2025-09-01,2,1.0,2.0,5.0,3.3750449460182,3.3750449460182,3.3750449460182,Planner A
SKU0022@LOC02,2025-09-22,2025-09-01,3,3.0,2.0,5.0,3.3750449460182,3.3750449460182,3.3750449460182,Planner A
SKU0022@LOC02,2025-09-29,2025-09-01,4,1.0,2.0,7.0,3.3750449460182,3.3750449460182,3.3750449460182,Planner A
SKU0022@LOC02,2025-10-06,2025-09-29,1,4.0,1.0,1.0,2.8111669890825413,3.77295020397799,3.77295020397799,Planner A
SKU0022@LOC02,2025-10-13,2025-09-29,2,2.0,1.0,1.0,2.8111669890825413,2.8111669890825413,2.8111669890825413,Planner A
SKU0022@LOC02,2025-10-20,2025-09-29,3,0.0,1.0,3.0,2.8111669890825413,2.8111669890825413,2.8111669890825413,Planner A
SKU0022@LOC02,2025-10-27,2025-09-29,4,0.0,1.0,8.0,2.8111669890825413,2.8111669890825413,2.8111669890825413,Planner A
SKU0022@LOC02,2025-11-03,2025-10-27,1,2.0,0.0,6.0,2.2980066615370554,3.0920316713840372,3.0920316713840372,Planner A
SKU0022@LOC02,2025-11-10,2025-10-27,2,2.0,0.0,3.0,2.2980066615370554,2.2980066615370554,2.2980066615370554,Planner A
SKU0022@LOC02,2025-11-17,2025-10-27,3,3.0,0.0,3.0,2.2980066615370554,2.2980066615370554,2.2980066615370554,Planner A
SKU0022@LOC02,2025-11-24,2025-10-27,4,0.0,0.0,3.0,2.2980066615370554,2.2980066615370554,2.2980066615370554,Planner A
SKU0022@LOC02,2025-12-01,2025-11-24,1,4.0,0.0,13.0,2.085522170634462,2.085522170634462,2.085522170634462,Planner A
SKU0022@LOC02,2025-12-08,2025-11-24,2,2.0,0.0,1.0,2.085522170634462,1.6541727384535925,1.6541727384535925,Planner A
SKU0022@LOC02,2025-12-15,2025-11-24,3,6.0,0.0,1.0,2.085522170634462,2.085522170634462,2.085522170634462,Planner A
SKU0022@LOC02,2025-12-22,2025-11-24,4,2.0,0.0,4.0,2.085522170634462,2.376074585942396,2.376074585942396,Planner A
SKU0022@LOC03,2025-05-19,2025-05-12,1,7.0,4.0,6.0,4.982010210372909,4.982010210372909,4.982010210372909,Planner B
SKU0022@LOC03,2025-05-26,2025-05-12,2,1.0,4.0,5.0,4.982010210372909,2.6792758176514657,2.6792758176514657,Planner B
SKU0022@LOC03,2025-06-02,2025-05-12,3,5.0,4.0,7.0,4.982010210372909,4.982010210372909,4.982010210372909,Planner B
SKU0022@LOC03,2025-06-09,2025-05-12,4,4.0,4.0,5.0,4.982010210372909,5.272342247488224,5.272342247488224,Planner B
SKU0022@LOC03,2025-06-16,2025-06-09,1,0.0,4.0,5.0,4.840584703912549,4.840584703912549,4.840584703912549,Planner B
SKU0022@LOC03,2025-06-23,2025-06-09,2,5.0,4.0,5.0,4.840584703912549,4.389572608802596,4.389572608802596,Planner B
SKU0022@LOC03,2025-06-30,2025-06-09,3,4.0,4.0,7.0,4.840584703912549,4.840584703912549,4.840584703912549,Planner B
SKU0022@LOC03,2025-07-07,2025-06-09,4,3.0,4.0,5.0,4.840584703912549,4.840584703912549,4.840584703912549,Planner B
SKU0022@LOC03,2025-07-14,2025-07-07,1,4.0,3.0,2.0,4.508311494991171,4.508311494991171,4.508311494991171,Planner B
SKU0022@LOC03,2025-07-21,2025-07-07,2,2.0,3.0,9.0,4.508311494991171,4.508311494991171,4.508311494991171,Planner B
SKU0022@LOC03,2025-07-28,2025-07-07,3,5.0,3.0,2.0,4.508311494991171,4.508311494991171,4.508311494991171,Planner B
SKU0022@LOC03,2025-08-04,2025-07-07,4,5.0,3.0,2.0,4.508311494991171,4.508311494991171,4.508311494991171,Planner B
SKU0022@LOC03,2025-08-11,2025-08-04,1,4.0,5.0,6.0,4.421272889617152,4.421272889617152,4.421272889617152,Planner B
SKU0022@LOC03,2025-08-18,2025-08-04,2,2.0,5.0,6.0,4.421272889617152,6.66087019967897,6.66087019967897,Planner B
SKU0022@LOC03,2025-08-25,2025-08-04,3,3.0,5.0,7.0,4.421272889617152,4.421272889617152,4.421272889617152,Planner B
SKU0022@LOC03,2025-09-01,2025-08-04,4,2.0,5.0,5.0,4.421272889617152,4.421272889617152,4.421272889617152,Planner B
SKU0022@LOC03,2025-09-08,2025-09-01,1,0.0,2.0,2.0,4.10537940154873,2.816710454125412,2.816710454125412,Planner B
SKU0022@LOC03,2025-09-15,2025-09-01,2,5.0,2.0,4.0,4.10537940154873,4.10537940154873,4.10537940154873,Planner B
SKU0022@LOC03,2025-09-22,2025-09-01,3,3.0,2.0,3.0,4.10537940154873,5.3971488073932115,5.3971488073932115,Planner B
SKU0022@LOC03,2025-09-29,2025-09-01,4,3.0,2.0,4.0,4.10537940154873,6.881851103628694,6.881851103628694,Planner B
SKU0022@LOC03,2025-10-06,2025-09-29,1,5.0,3.0,3.0,3.373073106351759,3.373073106351759,3.373073106351759,Planner B
SKU0022@LOC03,2025-10-13,2025-09-29,2,5.0,3.0,4.0,3.373073106351759,5.092857600118667,5.092857600118667,Planner B
SKU0022@LOC03,2025-10-20,2025-09-29,3,6.0,3.0,4.0,3.373073106351759,3.373073106351759,3.373073106351759,Planner B
SKU0022@LOC03,2025-10-27,2025-09-29,4,1.0,3.0,3.0,3.373073106351759,3.373073106351759,3.373073106351759,Planner B
SKU0022@LOC03,2025-11-03,2025-10-27,1,4.0,1.0,2.0,3.920577373961941,3.920577373961941,3.920577373961941,Planner B
SKU0022@LOC03,2025-11-10,2025-10-27,2,5.0,1.0,4.0,3.920577373961941,3.920577373961941,3.920577373961941,Planner B
SKU0022@LOC03,2025-11-17,2025-10-27,3,0.0,1.0,7.0,3.920577373961941,3.920577373961941,3.920577373961941,Planner B
SKU0022@LOC03,2025-11-24,2025-10-27,4,2.0,1.0,4.0,3.920577373961941,3.920577373961941,3.920577373961941,Planner B
SKU0022@LOC03,2025-12-01,2025-11-24,1,5.0,2.0,3.0,3.690434774700589,3.690434774700589,3.690434774700589,Planner B
SKU0022@LOC03,2025-12-08,2025-11-24,2,4.0,2.0,3.0,3.690434774700589,3.888584772808089,3.888584772808089,Planner B
SKU0022@LOC03,2025-12-15,2025-11-24,3,2.0,2.0,6.0,3.690434774700589,3.690434774700589,3.690434774700589,Planner B
SKU0022@LOC03,2025-12-22,2025-11-24,4,6.0,2.0,6.0,3.690434774700589,3.690434774700589,3.690434774700589,Planner B
SKU0023@LOC01,2025-05-19,2025-05-12,1,16.0,20.0,16.0,24.787707980519876,28.810272390929228,30.25078601047569,Planner C
SKU0023@LOC01,2025-05-26,2025-05-12,2,18.0,20.0,19.0,24.787707980519876,24.787707980519876,26.02709337954587,Planner C
SKU0023@LOC01,2025-06-02,2025-05-12,3,44.0,20.0,10.0,24.787707980519876,25.827819160448986,27.119210118471436,Planner C
SKU0023@LOC01,2025-06-09,2025-05-12,4,16.0,20.0,17.0,24.787707980519876,24.787707980519876,26.02709337954587,Planner C
SKU0023@LOC01,2025-06-16,2025-06-09,1,17.0,16.0,22.0,24.44761520601909,23.8940793252005,25.088783291460526,Planner C
SKU0023@LOC01,2025-06-23,2025-06-09,2,40.0,16.0,12.0,24.44761520601909,32.46410824896678,34.08731366141512,Planner C
SKU0023@LOC01,2025-06-30,2025-06-09,3,17.0,16.0,36.0,24.44761520601909,20.88044635715586,21.924468675013657,Planner C
SKU0023@LOC01,2025-07-07,2025-06-09,4,18.0,16.0,28.0,24.44761520601909,20.0150395379499,21.015791514847397,Planner C
SKU0023@LOC01,2025-07-14,2025-07-07,1,18.0,18.0,16.0,23.849380336669125,26.874501116681124,28.21822617251518,Planner C
SKU0023@LOC01,2025-07-21,2025-07-07,2,30.0,18.0,16.0,23.849380336669125,26.417928184542212,27.738824593769323,Planner C
SKU0023@LOC01,2025-07-28,2025-07-07,3,26.0,18.0,21.0,23.849380336669125,21.54164331738752,22.6187254832569,Planner C
SKU0023@LOC01,2025-08-04,2025-07-07,4,18.0,18.0,15.0,23.849380336669125,20.872681775101057,21.91631586385611,Planner C
SKU0023@LOC01,2025-08-11,2025-08-04,1,30.0,18.0,23.0,23.52977843888861,23.52977843888861,24.706267360833042,Planner C
SKU0023@LOC01,2025-08-18,2025-08-04,2,18.0,18.0,25.0,23.52977843888861,23.52977843888861,24.706267360833042,Planner C
SKU0023@LOC01,2025-08-25,2025-08-04,3,25.0,18.0,31.0,23.52977843888861,23.52977843888861,24.706267360833042,Planner C
SKU0023@LOC01,2025-09-01,2025-08-04,4,24.0,18.0,27.0,23.52977843888861,23.52977843888861,24.706267360833042,Planner C
SKU0023@LOC01,2025-09-08,2025-09-01,1,12.0,24.0,19.0,23.732887633754814,28.26114042954623,29.674197451023545,Planner C
SKU0023@LOC01,2025-09-15,2025-09-01,2,41.0,24.0,35.0,23.732887633754814,35.117480174473684,36.87335418319737,Planner C
SKU0023@LOC01,2025-09-22,2025-09-01,3,31.0,24.0,30.0,23.732887633754814,17.319645636072828,18.18562791787647,Planner C
SKU0023@LOC01,2025-09-29,2025-09-01,4,19.0,24.0,29.0,23.732887633754814,23.732887633754814,24.919532015442556,Planner C
SKU0023@LOC01,2025-10-06,2025-09-29,1,34.0,19.0,12.0,24.456947576506533,24.456947576506533,25.67979495533186,Planner C
SKU0023@LOC01,2025-10-13,2025-09-29,2,43.0,19.0,36.0,24.456947576506533,24.456947576506533,25.67979495533186,Planner C
SKU0023@LOC01,2025-10-20,2025-09-29,3,27.0,19.0,30.0,24.456947576506533,24.456947576506533,25.67979495533186,Planner C
SKU0023@LOC01,2025-10-27,2025-09-29,4,28.0,19.0,32.0,24.456947576506533,24.456947576506533,25.67979495533186,Planner C
SKU0023@LOC01,2025-11-03,2025-10-27,1,17.0,28.0,47.0,27.23780330494594,27.23780330494594,28.599693470193237,Planner C
SKU0023@LOC01,2025-11-10,2025-10-27,2,30.0,28.0,25.0,27.23780330494594,27.23780330494594,28.599693470193237,Planner C
SKU0023@LOC01,2025-11-17,2025-10-27,3,22.0,28.0,16.0,27.23780330494594,27.23780330494594,28.599693470193237,Planner C
SKU0023@LOC01,2025-11-24,2025-10-27,4,49.0,28.0,28.0,27.23780330494594,27.23780330494594,28.599693470193237,Planner C
SKU0023@LOC01,2025-12-01,2025-11-24,1,31.0,49.0,23.0,28.420022748375033,28.420022748375033,29.841023885793785,Planner C
SKU0023@LOC01,2025-12-08,2025-11-24,2,28.0,49.0,26.0,28.420022748375033,28.420022748375033,29.841023885793785,Planner C
SKU0023@LOC01,2025-12-15,2025-11-24,3,30.0,49.0,25.0,28.420022748375033,28.420022748375033,29.841023885793785,Planner C
SKU0023@LOC01,2025-12-22,2025-11-24,4,44.0,49.0,24.0,28.420022748375033,28.420022748375033,29.841023885793785,Planner C
SKU0023@LOC02,2025-05-19,2025-05-12,1,23.0,6.0,7.0,13.932134634667086,13.932134634667086,13.932134634667086,Planner D
SKU0023@LOC02,2025-05-26,2025-05-12,2,17.0,6.0,13.0,13.932134634667086,13.932134634667086,13.932134634667086,Planner D
SKU0023@LOC02,2025-06-02,2025-05-12,3,15.0,6.0,8.0,13.932134634667086,15.892137651912664,15.892137651912664,Planner D
SKU0023@LOC02,2025-06-09,2025-05-12,4,22.0,6.0,12.0,13.932134634667086,13.932134634667086,13.932134634667086,Planner D
SKU0023@LOC02,2025-06-16,2025-06-09,1,20.0,22.0,21.0,16.827678621258716,16.827678621258716,16.827678621258716,Planner D
SKU0023@LOC02,2025-06-23,2025-06-09,2,7.0,22.0,13.0,16.827678621258716,21.457748972482605,21.457748972482605,Planner D
SKU0023@LOC02,2025-06-30,2025-06-09,3,10.0,22.0,9.0,16.827678621258716,16.827678621258716,16.827678621258716,Planner D
SKU0023@LOC02,2025-07-07,2025-06-09,4,11.0,22.0,12.0,16.827678621258716,12.088724847726091,12.088724847726091,Planner D
SKU0023@LOC02,2025-07-14,2025-07-07,1,16.0,11.0,6.0,14.310153413288432,14.310153413288432,14.310153413288432,Planner D
SKU0023@LOC02,2025-07-21,2025-07-07,2,13.0,11.0,14.0,14.310153413288432,14.310153413288432,14.310153413288432,Planner D
SKU0023@LOC02,2025-07-28,2025-07-07,3,16.0,11.0,14.0,14.310153413288432,14.310153413288432,14.310153413288432,Planner D
SKU0023@LOC02,2025-08-04,2025-07-07,4,44.0,11.0,22.0,14.310153413288432,14.310153413288432,14.310153413288432,Planner D
SKU0023@LOC02,2025-08-11,2025-08-04,1,13.0,44.0,13.0,18.992764520195394,17.999974711565596,17.999974711565596,Planner D
SKU0023@LOC02,2025-08-18,2025-08-04,2,14.0,44.0,16.0,18.992764520195394,18.10851691600771,18.10851691600771,Planner D
SKU0023@LOC02,2025-08-25,2025-08-04,3,16.0,44.0,16.0,18.992764520195394,18.992764520195394,18.992764520195394,Planner D
SKU0023@LOC02,2025-09-01,2025-08-04,4,15.0,44.0,15.0,18.992764520195394,22.87547078598528,22.87547078598528,Planner D
SKU0023@LOC02,2025-09-08,2025-09-01,1,24.0,15.0,17.0,16.919135534320247,16.919135534320247,16.919135534320247,Planner D
SKU0023@LOC02,2025-09-15,2025-09-01,2,15.0,15.0,22.0,16.919135534320247,18.902183893049425,18.902183893049425,Planner D
SKU0023@LOC02,2025-09-22,2025-09-01,3,13.0,15.0,21.0,16.919135534320247,16.919135534320247,16.919135534320247,Planner D
SKU0023@LOC02,2025-09-29,2025-09-01,4,24.0,15.0,11.0,16.919135534320247,16.919135534320247,16.919135534320247,Planner D
SKU0023@LOC02,2025-10-06,2025-09-29,1,22.0,24.0,18.0,17.92586949351226,17.92586949351226,17.92586949351226,Planner D
SKU0023@LOC02,2025-10-13,2025-09-29,2,40.0,24.0,23.0,17.92586949351226,25.05230083309806,25.05230083309806,Planner D
SKU0023@LOC02,2025-10-20,2025-09-29,3,26.0,24.0,20.0,17.92586949351226,17.92586949351226,17.92586949351226,Planner D
SKU0023@LOC02,2025-10-27,2025-09-29,4,20.0,24.0,18.0,17.92586949351226,17.92586949351226,17.92586949351226,Planner D
SKU0023@LOC02,2025-11-03,2025-10-27,1,29.0,20.0,17.0,22.034028412297737,22.034028412297737,22.034028412297737,Planner D
SKU0023@LOC02,2025-11-10,2025-10-27,2,27.0,20.0,14.0,22.034028412297737,22.034028412297737,22.034028412297737,Planner D
SKU0023@LOC02,2025-11-17,2025-10-27,3,31.0,20.0,19.0,22.034028412297737,22.034028412297737,22.034028412297737,Planner D
SKU0023@LOC02,2025-11-24,2025-10-27,4,55.0,20.0,8.0,22.034028412297737,31.87994047482171,31.87994047482171,Planner D
SKU0023@LOC02,2025-12-01,2025-11-24,1,28.0,55.0,16.0,31.804173351675157,31.804173351675157,31.804173351675157,Planner D
SKU0023@LOC02,2025-12-08,2025-11-24,2,20.0,55.0,18.0,31.804173351675157,19.304581232861114,19.304581232861114,Planner D
SKU0023@LOC02,2025-12-15,2025-11-24,3,19.0,55.0,19.0,31.804173351675157,31.804173351675157,31.804173351675157,Planner D
SKU0023@LOC02,2025-12-22,2025-11-24,4,42.0,55.0,17.0,31.804173351675157,31.804173351675157,31.804173351675157,Planner D
SKU0023@LOC03,2025-05-19,2025-05-12,1,9.0,17.0,15.0,22.927884119205242,22.927884119205242,24.074278325165505,Planner A
SKU0023@LOC03,2025-05-26,2025-05-12,2,15.0,17.0,22.0,22.927884119205242,22.927884119205242,24.074278325165505,Planner A
SKU0023@LOC03,2025-06-02,2025-05-12,3,21.0,17.0,38.0,22.927884119205242,25.208764610468776,26.469202840992217,Planner A
SKU0023@LOC03,2025-06-09,2025-05-12,4,31.0,17.0,10.0,22.927884119205242,22.927884119205242,24.074278325165505,Planner A
SKU0023@LOC03,2025-06-16,2025-06-09,1,32.0,31.0,14.0,21.75069255950088,21.75069255950088,22.838227187475926,Planner A
SKU0023@LOC03,2025-06-23,2025-06-09,2,52.0,31.0,20.0,21.75069255950088,21.75069255950088,22.838227187475926,Planner A
SKU0023@LOC03,2025-06-30,2025-06-09,3,16.0,31.0,21.0,21.75069255950088,21.75069255950088,22.838227187475926,Planner A
SKU0023@LOC03,2025-07-07,2025-06-09,4,42.0,31.0,16.0,21.75069255950088,18.298073583718878,19.212977262904822,Planner A
SKU0023@LOC03,2025-07-14,2025-07-07,1,29.0,42.0,28.0,27.151127515466428,27.151127515466428,28.50868389123975,Planner A
SKU0023@LOC03,2025-07-21,2025-07-07,2,34.0,42.0,33.0,27.151127515466428,35.491520639502596,37.266096671477726,Planner A
SKU0023@LOC03,2025-07-28,2025-07-07,3,16.0,42.0,22.0,27.151127515466428,27.151127515466428,28.50868389123975,Planner A
SKU0023@LOC03,2025-08-04,2025-07-07,4,31.0,42.0,22.0,27.151127515466428,27.151127515466428,28.50868389123975,Planner A
SKU0023@LOC03,2025-08-11,2025-08-04,1,22.0,31.0,15.0,27.22195476289752,37.822588948373976,39.713718395792675,Planner A
SKU0023@LOC03,2025-08-18,2025-08-04,2,21.0,31.0,19.0,27.22195476289752,27.22195476289752,28.5830525010424,Planner A
SKU0023@LOC03,2025-08-25,2025-08-04,3,49.0,31.0,20.0,27.22195476289752,33.94551896229269,35.642794910407325,Planner A
SKU0023@LOC03,2025-09-01,2025-08-04,4,13.0,31.0,11.0,27.22195476289752,27.22195476289752,28.5830525010424,Planner A
SKU0023@LOC03,2025-09-08,2025-09-01,1,26.0,13.0,24.0,26.875124519937064,26.875124519937064,28.21888074593392,Planner A
SKU0023@LOC03,2025-09-15,2025-09-01,2,33.0,13.0,18.0,26.875124519937064,39.44906925197498,41.42152271457373,Planner A
SKU0023@LOC03,2025-09-22,2025-09-01,3,19.0,13.0,21.0,26.875124519937064,26.875124519937064,28.21888074593392,Planner A
SKU0023@LOC03,2025-09-29,2025-09-01,4,17.0,13.0,33.0,26.875124519937064,26.875124519937064,28.21888074593392,Planner A
SKU0023@LOC03,2025-10-06,2025-09-29,1,25.0,17.0,34.0,25.611169197530707,18.71111159512956,19.646667174886037,Planner A
SKU0023@LOC03,2025-10-13,2025-09-29,2,39.0,17.0,17.0,25.611169197530707,25.611169197530707,26.891727657407245,Planner A
SKU0023@LOC03,2025-10-20,2025-09-29,3,35.0,17.0,44.0,25.611169197530707,31.54021703794758,33.11722788984496,Planner A
SKU0023@LOC03,2025-10-27,2025-09-29,4,33.0,17.0,23.0,25.611169197530707,25.611169197530707,26.891727657407245,Planner A
SKU0023@LOC03,2025-11-03,2025-10-27,1,34.0,33.0,30.0,28.234988110499895,26.143754829628172,27.450942571109582,Planner A
SKU0023@LOC03,2025-11-10,2025-10-27,2,30.0,33.0,26.0,28.234988110499895,28.234988110499895,29.646737516024892,Planner A
SKU0023@LOC03,2025-11-17,2025-10-27,3,16.0,33.0,22.0,28.234988110499895,28.234988110499895,29.646737516024892,Planner A
SKU0023@LOC03,2025-11-24,2025-10-27,4,36.0,33.0,16.0,28.234988110499895,39.891490092215776,41.886064596826564,Planner A
SKU0023@LOC03,2025-12-01,2025-11-24,1,43.0,36.0,27.0,28.47357569929898,28.47357569929898,29.89725448426393,Planner A
SKU0023@LOC03,2025-12-08,2025-11-24,2,32.0,36.0,22.0,28.47357569929898,28.47357569929898,29.89725448426393,Planner A
SKU0023@LOC03,2025-12-15,2025-11-24,3,34.0,36.0,19.0,28.47357569929898,28.47357569929898,29.89725448426393,Planner A
SKU0023@LOC03,2025-12-22,2025-11-24,4,52.0,36.0,80.0,28.47357569929898,28.47357569929898,29.89725448426393,Planner A
SKU0024@LOC01,2025-05-19,2025-05-12,1,0.0,3.0,0.0,1.461037864142154,0.6607512518921851,0.6607512518921851,Planner B
SKU0024@LOC01,2025-05-26,2025-05-12,2,1.0,3.0,0.0,1.461037864142154,1.493495079560292,1.493495079560292,Planner B
SKU0024@LOC01,2025-06-02,2025-05-12,3,0.0,3.0,0.0,1.461037864142154,1.461037864142154,1.461037864142154,Planner B
SKU0024@LOC01,2025-06-09,2025-05-12,4,0.0,3.0,1.0,1.461037864142154,1.461037864142154,1.461037864142154,Planner B
SKU0024@LOC01,2025-06-16,2025-06-09,1,0.0,0.0,3.0,1.3674484269587277,1.3674484269587277,1.3674484269587277,Planner B
SKU0024@LOC01,2025-06-23,2025-06-09,2,0.0,0.0,2.0,1.3674484269587277,1.3674484269587277,1.3674484269587277,Planner B
SKU0024@LOC01,2025-06-30,2025-06-09,3,0.0,0.0,0.0,1.3674484269587277,1.3674484269587277,1.3674484269587277,Planner B
SKU0024@LOC01,2025-07-07,2025-06-09,4,2.0,0.0,0.0,1.3674484269587277,1.3211238617070127,1.3211238617070127,Planner B
SKU0024@LOC01,2025-07-14,2025-07-07,1,2.0,2.0,0.0,1.1149012456202987,1.21518709577152,1.21518709577152,Planner B
SKU0024@LOC01,2025-07-21,2025-07-07,2,0.0,2.0,0.0,1.1149012456202987,1.1149012456202987,1.1149012456202987,Planner B
SKU0024@LOC01,2025-07-28,2025-07-07,3,1.0,2.0,2.0,1.1149012456202987,1.1149012456202987,1.1149012456202987,Planner B
SKU0024@LOC01,2025-08-04,2025-07-07,4,0.0,2.0,0.0,1.1149012456202987,1.1149012456202987,1.1149012456202987,Planner B
SKU0024@LOC01,2025-08-11,2025-08-04,1,2.0,0.0,0.0,1.0901095233483837,1.0901095233483837,1.0901095233483837,Planner B
SKU0024@LOC01,2025-08-18,2025-08-04,2,0.0,0.0,2.0,1.0901095233483837,1.0901095233483837,1.0901095233483837,Planner B
SKU0024@LOC01,2025-08-25,2025-08-04,3,1.0,0.0,0.0,1.0901095233483837,1.0901095233483837,1.0901095233483837,Planner B
SKU0024@LOC01,2025-09-01,2025-08-04,4,0.0,0.0,2.0,1.0901095233483837,1.55087126899923,1.55087126899923,Planner B
SKU0024@LOC01,2025-09-08,2025-09-01,1,0.0,0.0,0.0,1.0243066781126866,1.0243066781126866,1.0243066781126866,Planner B
SKU0024@LOC01,2025-09-15,2025-09-01,2,0.0,0.0,0.0,1.0243066781126866,0.8430803155278647,0.8430803155278647,Planner B
SKU0024@LOC01,2025-09-22,2025-09-01,3,2.0,0.0,3.0,1.0243066781126866,1.0243066781126866,1.0243066781126866,Planner B
SKU0024@LOC01,2025-09-29,2025-09-01,4,1.0,0.0,0.0,1.0243066781126866,0.934374571113674,0.934374571113674,Planner B
SKU0024@LOC01,2025-10-06,2025-09-29,1,4.0,1.0,0.0,0.9345032492190064,1.2323859190669992,1.2323859190669992,Planner B
SKU0024@LOC01,2025-10-13,2025-09-29,2,1.0,1.0,0.0,0.9345032492190064,0.9345032492190064,0.9345032492190064,Planner B
SKU0024@LOC01,2025-10-20,2025-09-29,3,2.0,1.0,0.0,0.9345032492190064,0.9345032492190064,0.9345032492190064,Planner B
SKU0024@LOC01,2025-10-27,2025-09-29,4,0.0,1.0,7.0,0.9345032492190064,0.9345032492190064,0.9345032492190064,Planner B
SKU0024@LOC01,2025-11-03,2025-10-27,1,0.0,0.0,2.0,1.1049302041165912,0.5430434778159912,0.5430434778159912,Planner B
SKU0024@LOC01,2025-11-10,2025-10-27,2,0.0,0.0,2.0,1.1049302041165912,1.1049302041165912,1.1049302041165912,Planner B
SKU0024@LOC01,2025-11-17,2025-10-27,3,1.0,0.0,9.0,1.1049302041165912,1.1049302041165912,1.1049302041165912,Planner B
SKU0024@LOC01,2025-11-24,2025-10-27,4,0.0,0.0,0.0,1.1049302041165912,1.1049302041165912,1.1049302041165912,Planner B
SKU0024@LOC01,2025-12-01,2025-11-24,1,2.0,0.0,0.0,0.9430164706923001,2.072135921831584,2.072135921831584,Planner B
SKU0024@LOC01,2025-12-08,2025-11-24,2,2.0,0.0,4.0,0.9430164706923001,0.9430164706923001,0.9430164706923001,Planner B
SKU0024@LOC01,2025-12-15,2025-11-24,3,2.0,0.0,0.0,0.9430164706923001,0.9430164706923001,0.9430164706923001,Planner B
SKU0024@LOC01,2025-12-22,2025-11-24,4,0.0,0.0,0.0,0.9430164706923001,0.9430164706923001,0.9430164706923001,Planner B
SKU0024@LOC02,2025-05-19,2025-05-12,1,0.0,1.0,0.0,0.8266799714805496,1.1271528522265075,1.1271528522265075,Planner C
SKU0024@LOC02,2025-05-26,2025-05-12,2,0.0,1.0,1.0,0.8266799714805496,0.7466474730010637,0.7466474730010637,Planner C
SKU0024@LOC02,2025-06-02,2025-05-12,3,0.0,1.0,0.0,0.8266799714805496,0.8266799714805496,0.8266799714805496,Planner C
SKU0024@LOC02,2025-06-09,2025-05-12,4,0.0,1.0,2.0,0.8266799714805496,0.7844113435704763,0.7844113435704763,Planner C
SKU0024@LOC02,2025-06-16,2025-06-09,1,0.0,0.0,0.0,0.8266799714805496,0.8266799714805496,0.8266799714805496,Planner C
SKU0024@LOC02,2025-06-23,2025-06-09,2,0.0,0.0,2.0,0.8266799714805496,1.0403502656529389,1.0403502656529389,Planner C
SKU0024@LOC02,2025-06-30,2025-06-09,3,0.0,0.0,2.0,0.8266799714805496,0.8849748324793887,0.8849748324793887,Planner C
SKU0024@LOC02,2025-07-07,2025-06-09,4,0.0,0.0,2.0,0.8266799714805496,0.8266799714805496,0.8266799714805496,Planner C
SKU0024@LOC02,2025-07-14,2025-07-07,1,0.0,0.0,0.0,0.8266799714805496,0.8266799714805496,0.8266799714805496,Planner C
SKU0024@LOC02,2025-07-21,2025-07-07,2,0.0,0.0,2.0,0.8266799714805496,0.8266799714805496,0.8266799714805496,Planner C
SKU0024@LOC02,2025-07-28,2025-07-07,3,0.0,0.0,0.0,0.8266799714805496,0.8266799714805496,0.8266799714805496,Planner C
SKU0024@LOC02,2025-08-04,2025-07-07,4,1.0,0.0,0.0,0.8266799714805496,0.8266799714805496,0.8266799714805496,Planner C
SKU0024@LOC02,2025-08-11,2025-08-04,1,0.0,1.0,1.0,0.5709622152181869,0.5709622152181869,0.5709622152181869,Planner C
SKU0024@LOC02,2025-08-18,2025-08-04,2,4.0,1.0,0.0,0.5709622152181869,0.5709622152181869,0.5709622152181869,Planner C
SKU0024@LOC02,2025-08-25,2025-08-04,3,0.0,1.0,0.0,0.5709622152181869,0.5709622152181869,0.5709622152181869,Planner C
SKU0024@LOC02,2025-09-01,2025-08-04,4,0.0,1.0,0.0,0.5709622152181869,0.5709622152181869,0.5709622152181869,Planner C
SKU0024@LOC02,2025-09-08,2025-09-01,1,1.0,0.0,0.0,0.6501410665551455,0.6501410665551455,0.6501410665551455,Planner C
SKU0024@LOC02,2025-09-15,2025-09-01,2,0.0,0.0,3.0,0.6501410665551455,0.6501410665551455,0.6501410665551455,Planner C
SKU0024@LOC02,2025-09-22,2025-09-01,3,0.0,0.0,0.0,0.6501410665551455,1.002217412064115,1.002217412064115,Planner C
SKU0024@LOC02,2025-09-29,2025-09-01,4,0.0,0.0,0.0,0.6501410665551455,0.6501410665551455,0.6501410665551455,Planner C
SKU0024@LOC02,2025-10-06,2025-09-29,1,0.0,0.0,4.0,0.6200200603002134,0.6200200603002134,0.6200200603002134,Planner C
SKU0024@LOC02,2025-10-13,2025-09-29,2,4.0,0.0,3.0,0.6200200603002134,0.6200200603002134,0.6200200603002134,Planner C
SKU0024@LOC02,2025-10-20,2025-09-29,3,1.0,0.0,0.0,0.6200200603002134,0.6200200603002134,0.6200200603002134,Planner C
SKU0024@LOC02,2025-10-27,2025-09-29,4,0.0,0.0,1.0,0.6200200603002134,0.9027048406525544,0.9027048406525544,Planner C
SKU0024@LOC02,2025-11-03,2025-10-27,1,0.0,0.0,0.0,0.6496436218316907,0.6496436218316907,0.6496436218316907,Planner C
SKU0024@LOC02,2025-11-10,2025-10-27,2,0.0,0.0,0.0,0.6496436218316907,0.915413385387723,0.915413385387723,Planner C
SKU0024@LOC02,2025-11-17,2025-10-27,3,0.0,0.0,0.0,0.6496436218316907,0.6496436218316907,0.6496436218316907,Planner C
SKU0024@LOC02,2025-11-24,2025-10-27,4,0.0,0.0,4.0,0.6496436218316907,0.6496436218316907,0.6496436218316907,Planner C
SKU0024@LOC02,2025-12-01,2025-11-24,1,0.0,0.0,0.0,0.6496436218316907,0.6496436218316907,0.6496436218316907,Planner C
SKU0024@LOC02,2025-12-08,2025-11-24,2,0.0,0.0,0.0,0.6496436218316907,0.6496436218316907,0.6496436218316907,Planner C
SKU0024@LOC02,2025-12-15,2025-11-24,3,0.0,0.0,0.0,0.6496436218316907,0.6496436218316907,0.6496436218316907,Planner C
SKU0024@LOC02,2025-12-22,2025-11-24,4,0.0,0.0,2.0,0.6496436218316907,0.6496436218316907,0.6496436218316907,Planner C
SKU0024@LOC03,2025-05-19,2025-05-12,1,6.0,0.0,0.0,1.1312690083105557,1.1312690083105557,1.1312690083105557,Planner D
SKU0024@LOC03,2025-05-26,2025-05-12,2,5.0,0.0,0.0,1.1312690083105557,1.1312690083105557,1.1312690083105557,Planner D
SKU0024@LOC03,2025-06-02,2025-05-12,3,0.0,0.0,0.0,1.1312690083105557,1.1312690083105557,1.1312690083105557,Planner D
SKU0024@LOC03,2025-06-09,2025-05-12,4,0.0,0.0,0.0,1.1312690083105557,1.7552304593444088,1.7552304593444088,Planner D
SKU0024@LOC03,2025-06-16,2025-06-09,1,0.0,0.0,0.0,1.1860021838931367,1.1860021838931367,1.1860021838931367,Planner D
SKU0024@LOC03,2025-06-23,2025-06-09,2,0.0,0.0,0.0,1.1860021838931367,1.3855017308269368,1.3855017308269368,Planner D
SKU0024@LOC03,2025-06-30,2025-06-09,3,0.0,0.0,0.0,1.1860021838931367,1.1860021838931367,1.1860021838931367,Planner D
SKU0024@LOC03,2025-07-07,2025-06-09,4,0.0,0.0,0.0,1.1860021838931367,1.1860021838931367,1.1860021838931367,Planner D
SKU0024@LOC03,2025-07-14,2025-07-07,1,0.0,0.0,6.0,1.1860021838931367,1.1860021838931367,1.1860021838931367,Planner D
SKU0024@LOC03,2025-07-21,2025-07-07,2,0.0,0.0,6.0,1.1860021838931367,1.7711646925319076,1.7711646925319076,Planner D
SKU0024@LOC03,2025-07-28,2025-07-07,3,0.0,0.0,0.0,1.1860021838931367,1.1860021838931367,1.1860021838931367,Planner D
SKU0024@LOC03,2025-08-04,2025-07-07,4,0.0,0.0,0.0,1.1860021838931367,1.1860021838931367,1.1860021838931367,Planner D
SKU0024@LOC03,2025-08-11,2025-08-04,1,0.0,0.0,0.0,1.1860021838931367,1.4691782655380892,1.4691782655380892,Planner D
SKU0024@LOC03,2025-08-18,2025-08-04,2,0.0,0.0,0.0,1.1860021838931367,1.2049071905944988,1.2049071905944988,Planner D
SKU0024@LOC03,2025-08-25,2025-08-04,3,0.0,0.0,0.0,1.1860021838931367,1.1860021838931367,1.1860021838931367,Planner D
SKU0024@LOC03,2025-09-01,2025-08-04,4,0.0,0.0,0.0,1.1860021838931367,1.1860021838931367,1.1860021838931367,Planner D
SKU0024@LOC03,2025-09-08,2025-09-01,1,0.0,0.0,0.0,1.1860021838931367,0.7464383200469547,0.7464383200469547,Planner D
SKU0024@LOC03,2025-09-15,2025-09-01,2,3.0,0.0,0.0,1.1860021838931367,1.7955204787318917,1.7955204787318917,Planner D
SKU0024@LOC03,2025-09-22,2025-09-01,3,0.0,0.0,4.0,1.1860021838931367,1.1860021838931367,1.1860021838931367,Planner D
SKU0024@LOC03,2025-09-29,2025-09-01,4,0.0,0.0,0.0,1.1860021838931367,1.1860021838931367,1.1860021838931367,Planner D
SKU0024@LOC03,2025-10-06,2025-09-29,1,0.0,0.0,0.0,0.9145594128287209,0.9145594128287209,0.9145594128287209,Planner D
SKU0024@LOC03,2025-10-13,2025-09-29,2,0.0,0.0,0.0,0.9145594128287209,0.9145594128287209,0.9145594128287209,Planner D
SKU0024@LOC03,2025-10-20,2025-09-29,3,0.0,0.0,5.0,0.9145594128287209,1.0835461780913997,1.0835461780913997,Planner D
SKU0024@LOC03,2025-10-27,2025-09-29,4,0.0,0.0,0.0,0.9145594128287209,1.6371627068534669,1.6371627068534669,Planner D
SKU0024@LOC03,2025-11-03,2025-10-27,1,0.0,0.0,0.0,0.9145594128287209,0.9145594128287209,0.9145594128287209,Planner D
SKU0024@LOC03,2025-11-10,2025-10-27,2,0.0,0.0,6.0,0.9145594128287209,0.9871248329497609,0.9871248329497609,Planner D
SKU0024@LOC03,2025-11-17,2025-10-27,3,0.0,0.0,0.0,0.9145594128287209,1.5184724480306595,1.5184724480306595,Planner D
SKU0024@LOC03,2025-11-24,2025-10-27,4,0.0,0.0,0.0,0.9145594128287209,0.9145594128287209,0.9145594128287209,Planner D
SKU0024@LOC03,2025-12-01,2025-11-24,1,0.0,0.0,6.0,0.9145594128287209,0.9145594128287209,0.9145594128287209,Planner D
SKU0024@LOC03,2025-12-08,2025-11-24,2,3.0,0.0,0.0,0.9145594128287209,0.9145594128287209,0.9145594128287209,Planner D
SKU0024@LOC03,2025-12-15,2025-11-24,3,0.0,0.0,0.0,0.9145594128287209,0.9145594128287209,0.9145594128287209,Planner D
SKU0024@LOC03,2025-12-22,2025-11-24,4,0.0,0.0,0.0,0.9145594128287209,0.9145594128287209,0.9145594128287209,Planner D
SKU0025@LOC01,2025-05-19,2025-05-12,1,0.0,2.0,3.0,3.062504022170384,3.062504022170384,3.062504022170384,Planner A
SKU0025@LOC01,2025-05-26,2025-05-12,2,0.0,2.0,2.0,3.062504022170384,3.062504022170384,3.062504022170384,Planner A
SKU0025@LOC01,2025-06-02,2025-05-12,3,3.0,2.0,2.0,3.062504022170384,3.062504022170384,3.062504022170384,Planner A
SKU0025@LOC01,2025-06-09,2025-05-12,4,2.0,2.0,6.0,3.062504022170384,3.062504022170384,3.062504022170384,Planner A
SKU0025@LOC01,2025-06-16,2025-06-09,1,0.0,2.0,4.0,2.238576355327047,2.238576355327047,2.238576355327047,Planner A
SKU0025@LOC01,2025-06-23,2025-06-09,2,2.0,2.0,4.0,2.238576355327047,2.238576355327047,2.238576355327047,Planner A
SKU0025@LOC01,2025-06-30,2025-06-09,3,2.0,2.0,1.0,2.238576355327047,2.238576355327047,2.238576355327047,Planner A
SKU0025@LOC01,2025-07-07,2025-06-09,4,2.0,2.0,2.0,2.238576355327047,2.2468027980151386,2.2468027980151386,Planner A
SKU0025@LOC01,2025-07-14,2025-07-07,1,3.0,2.0,7.0,2.010729946730075,2.010729946730075,2.010729946730075,Planner A
SKU0025@LOC01,2025-07-21,2025-07-07,2,2.0,2.0,5.0,2.010729946730075,1.9144182684505888,1.9144182684505888,Planner A
SKU0025@LOC01,2025-07-28,2025-07-07,3,4.0,2.0,4.0,2.010729946730075,2.010729946730075,2.010729946730075,Planner A
SKU0025@LOC01,2025-08-04,2025-07-07,4,2.0,2.0,6.0,2.010729946730075,2.563340487586952,2.563340487586952,Planner A
SKU0025@LOC01,2025-08-11,2025-08-04,1,2.0,2.0,7.0,2.2599399180496023,2.342024065859552,2.342024065859552,Planner A
SKU0025@LOC01,2025-08-18,2025-08-04,2,8.0,2.0,3.0,2.2599399180496023,2.2599399180496023,2.2599399180496023,Planner A
SKU0025@LOC01,2025-08-25,2025-08-04,3,1.0,2.0,7.0,2.2599399180496023,2.2599399180496023,2.2599399180496023,Planner A
SKU0025@LOC01,2025-09-01,2025-08-04,4,0.0,2.0,2.0,2.2599399180496023,2.2599399180496023,2.2599399180496023,Planner A
SKU0025@LOC01,2025-09-08,2025-09-01,1,1.0,0.0,4.0,2.3665465802323444,1.2872369633793415,1.2872369633793415,Planner A
SKU0025@LOC01,2025-09-15,2025-09-01,2,5.0,0.0,4.0,2.3665465802323444,2.7185296313392513,2.7185296313392513,Planner A
SKU0025@LOC01,2025-09-22,2025-09-01,3,2.0,0.0,3.0,2.3665465802323444,2.3665465802323444,2.3665465802323444,Planner A
SKU0025@LOC01,2025-09-29,2025-09-01,4,5.0,0.0,3.0,2.3665465802323444,2.364490573029576,2.364490573029576,Planner A
SKU0025@LOC01,2025-10-06,2025-09-29,1,3.0,5.0,5.0,2.710591211290441,3.700962799987188,3.700962799987188,Planner A
SKU0025@LOC01,2025-10-13,2025-09-29,2,4.0,5.0,4.0,2.710591211290441,2.710591211290441,2.710591211290441,Planner A
SKU0025@LOC01,2025-10-20,2025-09-29,3,6.0,5.0,4.0,2.710591211290441,4.729323530547645,4.729323530547645,Planner A
SKU0025@LOC01,2025-10-27,2025-09-29,4,4.0,5.0,6.0,2.710591211290441,3.5617411906145215,3.5617411906145215,Planner A
SKU0025@LOC01,2025-11-03,2025-10-27,1,4.0,4.0,3.0,3.2611188937276587,3.2611188937276587,3.2611188937276587,Planner A
SKU0025@LOC01,2025-11-10,2025-10-27,2,3.0,4.0,4.0,3.2611188937276587,3.2611188937276587,3.2611188937276587,Planner A
SKU0025@LOC01,2025-11-17,2025-10-27,3,3.0,4.0,4.0,3.2611188937276587,3.2611188937276587,3.2611188937276587,Planner A
SKU0025@LOC01,2025-11-24,2025-10-27,4,6.0,4.0,1.0,3.2611188937276587,3.2611188937276587,3.2611188937276587,Planner A
SKU0025@LOC01,2025-12-01,2025-11-24,1,4.0,6.0,1.0,3.544220106174717,3.544220106174717,3.544220106174717,Planner A
SKU0025@LOC01,2025-12-08,2025-11-24,2,0.0,6.0,3.0,3.544220106174717,4.140780037798196,4.140780037798196,Planner A
SKU0025@LOC01,2025-12-15,2025-11-24,3,2.0,6.0,3.0,3.544220106174717,3.544220106174717,3.544220106174717,Planner A
SKU0025@LOC01,2025-12-22,2025-11-24,4,4.0,6.0,7.0,3.544220106174717,3.544220106174717,3.544220106174717,Planner A
SKU0025@LOC02,2025-05-19,2025-05-12,1,1.0,0.0,1.0,1.6966834968758584,1.6966834968758584,1.6966834968758584,Planner B
SKU0025@LOC02,2025-05-26,2025-05-12,2,5.0,0.0,1.0,1.6966834968758584,1.6966834968758584,1.6966834968758584,Planner B
SKU0025@LOC02,2025-06-02,2025-05-12,3,2.0,0.0,2.0,1.6966834968758584,1.6966834968758584,1.6966834968758584,Planner B
SKU0025@LOC02,2025-06-09,2025-05-12,4,0.0,0.0,1.0,1.6966834968758584,1.809211382608716,1.809211382608716,Planner B
SKU0025@LOC02,2025-06-16,2025-06-09,1,3.0,0.0,3.0,1.7746731396410538,2.9654569922900436,2.9654569922900436,Planner B
SKU0025@LOC02,2025-06-23,2025-06-09,2,0.0,0.0,4.0,1.7746731396410538,2.0435678050481063,2.0435678050481063,Planner B
SKU0025@LOC02,2025-06-30,2025-06-09,3,1.0,0.0,0.0,1.7746731396410538,1.7746731396410538,1.7746731396410538,Planner B
SKU0025@LOC02,2025-07-07,2025-06-09,4,0.0,0.0,0.0,1.7746731396410538,1.98846164974277,1.98846164974277,Planner B
SKU0025@LOC02,2025-07-14,2025-07-07,1,2.0,0.0,2.0,1.3302467205997528,1.3302467205997528,1.3302467205997528,Planner B
SKU0025@LOC02,2025-07-21,2025-07-07,2,1.0,0.0,0.0,1.3302467205997528,1.2873664172649508,1.2873664172649508,Planner B
SKU0025@LOC02,2025-07-28,2025-07-07,3,3.0,0.0,1.0,1.3302467205997528,1.3302467205997528,1.3302467205997528,Planner B
SKU0025@LOC02,2025-08-04,2025-07-07,4,4.0,0.0,1.0,1.3302467205997528,1.3302467205997528,1.3302467205997528,Planner B
SKU0025@LOC02,2025-08-11,2025-08-04,1,5.0,4.0,2.0,1.9695096021950746,1.8936524325431652,1.8936524325431652,Planner B
SKU0025@LOC02,2025-08-18,2025-08-04,2,1.0,4.0,2.0,1.9695096021950746,3.0387931912512083,3.0387931912512083,Planner B
SKU0025@LOC02,2025-08-25,2025-08-04,3,3.0,4.0,1.0,1.9695096021950746,3.0299555566041985,3.0299555566041985,Planner B
SKU0025@LOC02,2025-09-01,2025-08-04,4,0.0,4.0,7.0,1.9695096021950746,1.9695096021950746,1.9695096021950746,Planner B
SKU0025@LOC02,2025-09-08,2025-09-01,1,0.0,0.0,1.0,1.9795650717808428,2.3270115934306337,2.3270115934306337,Planner B
SKU0025@LOC02,2025-09-15,2025-09-01,2,3.0,0.0,1.0,1.9795650717808428,1.9795650717808428,1.9795650717808428,Planner B
SKU0025@LOC02,2025-09-22,2025-09-01,3,2.0,0.0,2.0,1.9795650717808428,1.9795650717808428,1.9795650717808428,Planner B
SKU0025@LOC02,2025-09-29,2025-09-01,4,3.0,0.0,0.0,1.9795650717808428,1.9795650717808428,1.9795650717808428,Planner B
SKU0025@LOC02,2025-10-06,2025-09-29,1,1.0,3.0,3.0,2.063470339751299,2.063470339751299,2.063470339751299,Planner B
SKU0025@LOC02,2025-10-13,2025-09-29,2,1.0,3.0,2.0,2.063470339751299,2.063470339751299,2.063470339751299,Planner B
SKU0025@LOC02,2025-10-20,2025-09-29,3,1.0,3.0,3.0,2.063470339751299,2.063470339751299,2.063470339751299,Planner B
SKU0025@LOC02,2025-10-27,2025-09-29,4,2.0,3.0,6.0,2.063470339751299,2.336573724416589,2.336573724416589,Planner B
SKU0025@LOC02,2025-11-03,2025-10-27,1,4.0,2.0,5.0,1.7051381640398016,1.7051381640398016,1.7051381640398016,Planner B
SKU0025@LOC02,2025-11-10,2025-10-27,2,2.0,2.0,1.0,1.7051381640398016,1.846775822899608,1.846775822899608,Planner B
SKU0025@LOC02,2025-11-17,2025-10-27,3,2.0,2.0,3.0,1.7051381640398016,1.7051381640398016,1.7051381640398016,Planner B
SKU0025@LOC02,2025-11-24,2025-10-27,4,5.0,2.0,5.0,1.7051381640398016,1.7051381640398016,1.7051381640398016,Planner B
SKU0025@LOC02,2025-12-01,2025-11-24,1,2.0,5.0,0.0,2.4803177787423016,2.4803177787423016,2.4803177787423016,Planner B
SKU0025@LOC02,2025-12-08,2025-11-24,2,2.0,5.0,2.0,2.4803177787423016,2.4803177787423016,2.4803177787423016,Planner B
SKU0025@LOC02,2025-12-15,2025-11-24,3,1.0,5.0,3.0,2.4803177787423016,3.0310095377326944,3.0310095377326944,Planner B
SKU0025@LOC02,2025-12-22,2025-11-24,4,2.0,5.0,1.0,2.4803177787423016,2.4803177787423016,2.4803177787423016,Planner B
SKU0025@LOC03,2025-05-19,2025-05-12,1,2.0,1.0,1.0,1.8085561048130345,1.8085561048130345,1.8085561048130345,Planner C
SKU0025@LOC03,2025-05-26,2025-05-12,2,3.0,1.0,1.0,1.8085561048130345,1.8085561048130345,1.8085561048130345,Planner C
SKU0025@LOC03,2025-06-02,2025-05-12,3,1.0,1.0,5.0,1.8085561048130345,1.8085561048130345,1.8085561048130345,Planner C
SKU0025@LOC03,2025-06-09,2025-05-12,4,0.0,1.0,2.0,1.8085561048130345,1.8085561048130345,1.8085561048130345,Planner C
SKU0025@LOC03,2025-06-16,2025-06-09,1,0.0,0.0,5.0,1.489584580531419,1.489584580531419,1.489584580531419,Planner C
SKU0025@LOC03,2025-06-23,2025-06-09,2,1.0,0.0,3.0,1.489584580531419,1.5820680621759815,1.5820680621759815,Planner C
SKU0025@LOC03,2025-06-30,2025-06-09,3,2.0,0.0,3.0,1.489584580531419,1.489584580531419,1.489584580531419,Planner C
SKU0025@LOC03,2025-07-07,2025-06-09,4,1.0,0.0,3.0,1.489584580531419,2.229858845750152,2.229858845750152,Planner C
SKU0025@LOC03,2025-07-14,2025-07-07,1,2.0,1.0,2.0,1.2581338441856693,1.2581338441856693,1.2581338441856693,Planner C
SKU0025@LOC03,2025-07-21,2025-07-07,2,1.0,1.0,0.0,1.2581338441856693,1.2581338441856693,1.2581338441856693,Planner C
SKU0025@LOC03,2025-07-28,2025-07-07,3,2.0,1.0,1.0,1.2581338441856693,0.9393244208902028,0.9393244208902028,Planner C
SKU0025@LOC03,2025-08-04,2025-07-07,4,1.0,1.0,7.0,1.2581338441856693,1.2581338441856693,1.2581338441856693,Planner C
SKU0025@LOC03,2025-08-11,2025-08-04,1,3.0,1.0,1.0,1.3681316225784501,1.3681316225784501,1.3681316225784501,Planner C
SKU0025@LOC03,2025-08-18,2025-08-04,2,0.0,1.0,0.0,1.3681316225784501,1.278539279146245,1.278539279146245,Planner C
SKU0025@LOC03,2025-08-25,2025-08-04,3,4.0,1.0,4.0,1.3681316225784501,2.907270209922778,2.907270209922778,Planner C
SKU0025@LOC03,2025-09-01,2025-08-04,4,3.0,1.0,4.0,1.3681316225784501,1.9404289014444425,1.9404289014444425,Planner C
SKU0025@LOC03,2025-09-08,2025-09-01,1,2.0,3.0,6.0,2.107586712608133,1.670201513844971,1.670201513844971,Planner C
SKU0025@LOC03,2025-09-15,2025-09-01,2,1.0,3.0,10.0,2.107586712608133,2.107586712608133,2.107586712608133,Planner C
SKU0025@LOC03,2025-09-22,2025-09-01,3,3.0,3.0,8.0,2.107586712608133,2.107586712608133,2.107586712608133,Planner C
SKU0025@LOC03,2025-09-29,2025-09-01,4,0.0,3.0,7.0,2.107586712608133,2.790214884445512,2.790214884445512,Planner C
SKU0025@LOC03,2025-10-06,2025-09-29,1,1.0,0.0,2.0,1.6760675174842912,1.6760675174842912,1.6760675174842912,Planner C
SKU0025@LOC03,2025-10-13,2025-09-29,2,1.0,0.0,6.0,1.6760675174842912,1.9494711457334046,1.9494711457334046,Planner C
SKU0025@LOC03,2025-10-20,2025-09-29,3,1.0,0.0,6.0,1.6760675174842912,1.6760675174842912,1.6760675174842912,Planner C
SKU0025@LOC03,2025-10-27,2025-09-29,4,5.0,0.0,0.0,1.6760675174842912,1.6760675174842912,1.6760675174842912,Planner C
SKU0025@LOC03,2025-11-03,2025-10-27,1,7.0,5.0,4.0,2.0769172551615656,2.0769172551615656,2.0769172551615656,Planner C
SKU0025@LOC03,2025-11-10,2025-10-27,2,10.0,5.0,4.0,2.0769172551615656,1.9602750525909594,1.9602750525909594,Planner C
SKU0025@LOC03,2025-11-17,2025-10-27,3,3.0,5.0,1.0,2.0769172551615656,2.0769172551615656,2.0769172551615656,Planner C
SKU0025@LOC03,2025-11-24,2025-10-27,4,2.0,5.0,2.0,2.0769172551615656,2.0769172551615656,2.0769172551615656,Planner C
SKU0025@LOC03,2025-12-01,2025-11-24,1,8.0,2.0,3.0,3.7275053077141775,4.079988928425252,4.079988928425252,Planner C
SKU0025@LOC03,2025-12-08,2025-11-24,2,2.0,2.0,4.0,3.7275053077141775,2.8948998836591997,2.8948998836591997,Planner C
SKU0025@LOC03,2025-12-15,2025-11-24,3,6.0,2.0,2.0,3.7275053077141775,4.679828083760745,4.679828083760745,Planner C
SKU0025@LOC03,2025-12-22,2025-11-24,4,3.0,2.0,4.0,3.7275053077141775,3.7275053077141775,3.7275053077141775,Planner C
SKU0026@LOC01,2025-05-19,2025-05-12,1,92.0,161.0,121.0,126.77037436480384,126.77037436480384,133.10889308304405,Planner D
SKU0026@LOC01,2025-05-26,2025-05-12,2,105.0,161.0,109.0,126.77037436480384,126.77037436480384,133.10889308304405,Planner D
SKU0026@LOC01,2025-06-02,2025-05-12,3,102.0,161.0,110.0,126.77037436480384,126.77037436480384,133.10889308304405,Planner D
SKU0026@LOC01,2025-06-09,2025-05-12,4,122.0,161.0,112.0,126.77037436480384,126.77037436480384,133.10889308304405,Planner D
SKU0026@LOC01,2025-06-16,2025-06-09,1,149.0,122.0,90.0,112.90410413895727,112.90410413895727,118.54930934590513,Planner D
SKU0026@LOC01,2025-06-23,2025-06-09,2,127.0,122.0,94.0,112.90410413895727,90.81799321681305,95.3588928776537,Planner D
SKU0026@LOC01,2025-06-30,2025-06-09,3,100.0,122.0,87.0,112.90410413895727,112.90410413895727,118.54930934590513,Planner D
SKU0026@LOC01,2025-07-07,2025-06-09,4,150.0,122.0,75.0,112.90410413895727,121.33215254461658,127.39876017184741,Planner D
SKU0026@LOC01,2025-07-14,2025-07-07,1,183.0,150.0,181.0,128.50590698945473,128.50590698945473,134.93120233892748,Planner D
SKU0026@LOC01,2025-07-21,2025-07-07,2,60.0,150.0,72.0,128.50590698945473,128.50590698945473,134.93120233892748,Planner D
SKU0026@LOC01,2025-07-28,2025-07-07,3,106.0,150.0,97.0,128.50590698945473,128.50590698945473,134.93120233892748,Planner D
SKU0026@LOC01,2025-08-04,2025-07-07,4,95.0,150.0,141.0,128.50590698945473,128.50590698945473,134.93120233892748,Planner D
SKU0026@LOC01,2025-08-11,2025-08-04,1,76.0,95.0,71.0,106.76633880953635,106.76633880953635,112.10465575001317,Planner D
SKU0026@LOC01,2025-08-18,2025-08-04,2,107.0,95.0,98.0,106.76633880953635,106.76633880953635,112.10465575001317,Planner D
SKU0026@LOC01,2025-08-25,2025-08-04,3,73.0,95.0,72.0,106.76633880953635,106.76633880953635,112.10465575001317,Planner D
SKU0026@LOC01,2025-09-01,2025-08-04,4,67.0,95.0,73.0,106.76633880953635,122.07500328632167,128.17875345063777,Planner D
SKU0026@LOC01,2025-09-08,2025-09-01,1,80.0,67.0,84.0,82.24360876711981,84.93824000747423,89.18515200784795,Planner D
SKU0026@LOC01,2025-09-15,2025-09-01,2,64.0,67.0,54.0,82.24360876711981,82.24360876711981,86.3557892054758,Planner D
SKU0026@LOC01,2025-09-22,2025-09-01,3,82.0,67.0,61.0,82.24360876711981,42.05976401981631,44.16275222080713,Planner D
SKU0026@LOC01,2025-09-29,2025-09-01,4,99.0,67.0,78.0,82.24360876711981,82.24360876711981,86.3557892054758,Planner D
SKU0026@LOC01,2025-10-06,2025-09-29,1,223.0,99.0,66.0,85.13949818748569,172.3695236790938,180.9879998630485,Planner D
SKU0026@LOC01,2025-10-13,2025-09-29,2,68.0,99.0,59.0,85.13949818748569,104.05776443581904,109.26065265761,Planner D
SKU0026@LOC01,2025-10-20,2025-09-29,3,96.0,99.0,70.0,85.13949818748569,85.13949818748569,89.39647309685998,Planner D
SKU0026@LOC01,2025-10-27,2025-09-29,4,81.0,99.0,60.0,85.13949818748569,101.7390677786979,106.8260211676328,Planner D
SKU0026@LOC01,2025-11-03,2025-10-27,1,64.0,81.0,47.0,97.81093256914917,97.81093256914917,102.70147919760663,Planner D
SKU0026@LOC01,2025-11-10,2025-10-27,2,55.0,81.0,41.0,97.81093256914917,97.81093256914917,102.70147919760663,Planner D
SKU0026@LOC01,2025-11-17,2025-10-27,3,49.0,81.0,37.0,97.81093256914917,125.15758835243264,131.41546777005428,Planner D
SKU0026@LOC01,2025-11-24,2025-10-27,4,58.0,81.0,45.0,97.81093256914917,97.81093256914917,102.70147919760663,Planner D
SKU0026@LOC01,2025-12-01,2025-11-24,1,44.0,58.0,46.0,65.84500490985272,65.84500490985272,69.13725515534536,Planner D
SKU0026@LOC01,2025-12-08,2025-11-24,2,45.0,58.0,31.0,65.84500490985272,65.84500490985272,69.13725515534536,Planner D
SKU0026@LOC01,2025-12-15,2025-11-24,3,33.0,58.0,34.0,65.84500490985272,65.84500490985272,69.13725515534536,Planner D
SKU0026@LOC01,2025-12-22,2025-11-24,4,58.0,58.0,54.0,65.84500490985272,65.84500490985272,69.13725515534536,Planner D
SKU0026@LOC02,2025-05-19,2025-05-12,1,86.0,91.0,79.0,78.17486743329081,78.17486743329081,82.08361080495536,Planner A
SKU0026@LOC02,2025-05-26,2025-05-12,2,160.0,91.0,48.0,78.17486743329081,78.17486743329081,82.08361080495536,Planner A
SKU0026@LOC02,2025-06-02,2025-05-12,3,54.0,91.0,62.0,78.17486743329081,78.17486743329081,82.08361080495536,Planner A
SKU0026@LOC02,2025-06-09,2025-05-12,4,72.0,91.0,88.0,78.17486743329081,78.17486743329081,82.08361080495536,Planner A
SKU0026@LOC02,2025-06-16,2025-06-09,1,81.0,72.0,75.0,84.07918567073312,84.07918567073312,88.28314495426979,Planner A
SKU0026@LOC02,2025-06-23,2025-06-09,2,63.0,72.0,56.0,84.07918567073312,84.07918567073312,88.28314495426979,Planner A
SKU0026@LOC02,2025-06-30,2025-06-09,3,101.0,72.0,84.0,84.07918567073312,84.07918567073312,88.28314495426979,Planner A
SKU0026@LOC02,2025-07-07,2025-06-09,4,76.0,72.0,59.0,84.07918567073312,84.07918567073312,88.28314495426979,Planner A
SKU0026@LOC02,2025-07-14,2025-07-07,1,76.0,76.0,62.0,81.8471632593017,81.8471632593017,85.93952142226678,Planner A
SKU0026@LOC02,2025-07-21,2025-07-07,2,95.0,76.0,66.0,81.8471632593017,72.537274419381,76.16413814035006,Planner A
SKU0026@LOC02,2025-07-28,2025-07-07,3,78.0,76.0,71.0,81.8471632593017,115.82130417021342,121.6123693787241,Planner A
SKU0026@LOC02,2025-08-04,2025-07-07,4,51.0,76.0,74.0,81.8471632593017,81.8471632593017,85.93952142226678,Planner A
SKU0026@LOC02,2025-08-11,2025-08-04,1,62.0,51.0,67.0,74.64695400001342,74.64695400001342,78.3793017000141,Planner A
SKU0026@LOC02,2025-08-18,2025-08-04,2,66.0,51.0,72.0,74.64695400001342,74.64695400001342,78.3793017000141,Planner A
SKU0026@LOC02,2025-08-25,2025-08-04,3,75.0,51.0,67.0,74.64695400001342,51.46866439668041,54.04209761651443,Planner A
SKU0026@LOC02,2025-09-01,2025-08-04,4,66.0,51.0,67.0,74.64695400001342,74.64695400001342,78.3793017000141,Planner A
SKU0026@LOC02,2025-09-08,2025-09-01,1,66.0,66.0,44.0,69.18406423575382,69.18406423575382,72.64326744754152,Planner A
SKU0026@LOC02,2025-09-15,2025-09-01,2,70.0,66.0,51.0,69.18406423575382,69.18406423575382,72.64326744754152,Planner A
SKU0026@LOC02,2025-09-22,2025-09-01,3,66.0,66.0,60.0,69.18406423575382,69.18406423575382,72.64326744754152,Planner A
SKU0026@LOC02,2025-09-29,2025-09-01,4,36.0,66.0,41.0,69.18406423575382,69.18406423575382,72.64326744754152,Planner A
SKU0026@LOC02,2025-10-06,2025-09-29,1,55.0,36.0,50.0,58.352493823004494,58.352493823004494,61.270118514154724,Planner A
SKU0026@LOC02,2025-10-13,2025-09-29,2,55.0,36.0,47.0,58.352493823004494,58.352493823004494,61.270118514154724,Planner A
SKU0026@LOC02,2025-10-20,2025-09-29,3,36.0,36.0,60.0,58.352493823004494,58.352493823004494,61.270118514154724,Planner A
SKU0026@LOC02,2025-10-27,2025-09-29,4,39.0,36.0,41.0,58.352493823004494,58.352493823004494,61.270118514154724,Planner A
SKU0026@LOC02,2025-11-03,2025-10-27,1,46.0,39.0,30.0,47.01493376690338,47.01493376690338,49.36568045524855,Planner A
SKU0026@LOC02,2025-11-10,2025-10-27,2,90.0,39.0,25.0,47.01493376690338,62.44602333068964,65.56832449722413,Planner A
SKU0026@LOC02,2025-11-17,2025-10-27,3,66.0,39.0,32.0,47.01493376690338,75.18480558363592,78.94404586281772,Planner A
SKU0026@LOC02,2025-11-24,2025-10-27,4,41.0,39.0,42.0,47.01493376690338,47.01493376690338,49.36568045524855,Planner A
SKU0026@LOC02,2025-12-01,2025-11-24,1,34.0,41.0,26.0,55.411685597433504,55.411685597433504,58.18226987730518,Planner A
SKU0026@LOC02,2025-12-08,2025-11-24,2,40.0,41.0,38.0,55.411685597433504,55.411685597433504,58.18226987730518,Planner A
SKU0026@LOC02,2025-12-15,2025-11-24,3,49.0,41.0,26.0,55.411685597433504,59.61610597996139,62.59691127895946,Planner A
SKU0026@LOC02,2025-12-22,2025-11-24,4,47.0,41.0,29.0,55.411685597433504,55.411685597433504,58.18226987730518,Planner A
SKU0026@LOC03,2025-05-19,2025-05-12,1,137.0,119.0,70.0,106.3578467764752,169.09120002609632,177.54576002740114,Planner B
SKU0026@LOC03,2025-05-26,2025-05-12,2,112.0,119.0,119.0,106.3578467764752,106.3578467764752,111.67573911529897,Planner B
SKU0026@LOC03,2025-06-02,2025-05-12,3,153.0,119.0,76.0,106.3578467764752,106.3578467764752,111.67573911529897,Planner B
SKU0026@LOC03,2025-06-09,2025-05-12,4,171.0,119.0,103.0,106.3578467764752,106.3578467764752,111.67573911529897,Planner B
SKU0026@LOC03,2025-06-16,2025-06-09,1,145.0,171.0,69.0,143.37330913614318,143.37330913614318,150.54197459295034,Planner B
SKU0026@LOC03,2025-06-23,2025-06-09,2,103.0,171.0,91.0,143.37330913614318,143.37330913614318,150.54197459295034,Planner B
SKU0026@LOC03,2025-06-30,2025-06-09,3,120.0,171.0,62.0,143.37330913614318,143.37330913614318,150.54197459295034,Planner B
SKU0026@LOC03,2025-07-07,2025-06-09,4,91.0,171.0,90.0,143.37330913614318,143.37330913614318,150.54197459295034,Planner B
SKU0026@LOC03,2025-07-14,2025-07-07,1,138.0,91.0,128.0,113.91137551398367,113.91137551398367,119.60694428968286,Planner B
SKU0026@LOC03,2025-07-21,2025-07-07,2,115.0,91.0,187.0,113.91137551398367,113.91137551398367,119.60694428968286,Planner B
SKU0026@LOC03,2025-07-28,2025-07-07,3,125.0,91.0,65.0,113.91137551398367,113.91137551398367,119.60694428968286,Planner B
SKU0026@LOC03,2025-08-04,2025-07-07,4,105.0,91.0,142.0,113.91137551398367,134.04608665306998,140.7483909857235,Planner B
SKU0026@LOC03,2025-08-11,2025-08-04,1,107.0,105.0,89.0,115.79140497534306,95.86642736527767,100.65974873354156,Planner B
SKU0026@LOC03,2025-08-18,2025-08-04,2,109.0,105.0,73.0,115.79140497534306,79.59055723033109,83.57008509184764,Planner B
SKU0026@LOC03,2025-08-25,2025-08-04,3,121.0,105.0,83.0,115.79140497534306,115.79140497534306,121.58097522411022,Planner B
SKU0026@LOC03,2025-09-01,2025-08-04,4,84.0,105.0,60.0,115.79140497534306,115.79140497534306,121.58097522411022,Planner B
SKU0026@LOC03,2025-09-08,2025-09-01,1,61.0,84.0,89.0,104.00007073437983,104.00007073437983,109.20007427109883,Planner B
SKU0026@LOC03,2025-09-15,2025-09-01,2,111.0,84.0,62.0,104.00007073437983,85.2028478844431,89.46299027866526,Planner B
SKU0026@LOC03,2025-09-22,2025-09-01,3,116.0,84.0,63.0,104.00007073437983,138.7091780154264,145.64463691619773,Planner B
SKU0026@LOC03,2025-09-29,2025-09-01,4,111.0,84.0,53.0,104.00007073437983,104.00007073437983,109.20007427109883,Planner B
SKU0026@LOC03,2025-10-06,2025-09-29,1,77.0,111.0,43.0,106.08203137652889,106.08203137652889,111.38613294535534,Planner B
SKU0026@LOC03,2025-10-13,2025-09-29,2,101.0,111.0,65.0,106.08203137652889,106.08203137652889,111.38613294535534,Planner B
SKU0026@LOC03,2025-10-20,2025-09-29,3,78.0,111.0,54.0,106.08203137652889,106.08203137652889,111.38613294535534,Planner B
SKU0026@LOC03,2025-10-27,2025-09-29,4,58.0,111.0,72.0,106.08203137652889,106.08203137652889,111.38613294535534,Planner B
SKU0026@LOC03,2025-11-03,2025-10-27,1,41.0,58.0,64.0,79.31782436340652,126.18520079979332,132.494460839783,Planner B
SKU0026@LOC03,2025-11-10,2025-10-27,2,71.0,58.0,60.0,79.31782436340652,79.31782436340652,83.28371558157684,Planner B
SKU0026@LOC03,2025-11-17,2025-10-27,3,52.0,58.0,62.0,79.31782436340652,79.31782436340652,83.28371558157684,Planner B
SKU0026@LOC03,2025-11-24,2025-10-27,4,104.0,58.0,52.0,79.31782436340652,79.31782436340652,83.28371558157684,Planner B
SKU0026@LOC03,2025-12-01,2025-11-24,1,95.0,104.0,73.0,76.82872113527033,93.89953389183859,98.59451058643052,Planner B
SKU0026@LOC03,2025-12-08,2025-11-24,2,51.0,104.0,61.0,76.82872113527033,76.82872113527033,80.67015719203384,Planner B
SKU0026@LOC03,2025-12-15,2025-11-24,3,55.0,104.0,60.0,76.82872113527033,76.82872113527033,80.67015719203384,Planner B
SKU0026@LOC03,2025-12-22,2025-11-24,4,76.0,104.0,65.0,76.82872113527033,76.82872113527033,80.67015719203384,Planner B
SKU0027@LOC01,2025-05-19,2025-05-12,1,0.0,0.0,0.0,0.48611668717469836,0.48611668717469836,0.48611668717469836,Planner C
SKU0027@LOC01,2025-05-26,2025-05-12,2,0.0,0.0,0.0,0.48611668717469836,0.7333859114454659,0.7333859114454659,Planner C
SKU0027@LOC01,2025-06-02,2025-05-12,3,0.0,0.0,1.0,0.48611668717469836,0.48611668717469836,0.48611668717469836,Planner C
SKU0027@LOC01,2025-06-09,2025-05-12,4,2.0,0.0,0.0,0.48611668717469836,0.48611668717469836,0.48611668717469836,Planner C
SKU0027@LOC01,2025-06-16,2025-06-09,1,0.0,2.0,1.0,0.44729236738555606,0.5386022373147651,0.5386022373147651,Planner C
SKU0027@LOC01,2025-06-23,2025-06-09,2,1.0,2.0,0.0,0.44729236738555606,0.44729236738555606,0.44729236738555606,Planner C
SKU0027@LOC01,2025-06-30,2025-06-09,3,1.0,2.0,0.0,0.44729236738555606,0.44729236738555606,0.44729236738555606,Planner C
SKU0027@LOC01,2025-07-07,2025-06-09,4,1.0,2.0,0.0,0.44729236738555606,0.44729236738555606,0.44729236738555606,Planner C
SKU0027@LOC01,2025-07-14,2025-07-07,1,1.0,1.0,1.0,0.49152103695138805,0.3349172273378213,0.3349172273378213,Planner C
SKU0027@LOC01,2025-07-21,2025-07-07,2,1.0,1.0,0.0,0.49152103695138805,1.109482715773633,1.109482715773633,Planner C
SKU0027@LOC01,2025-07-28,2025-07-07,3,1.0,1.0,2.0,0.49152103695138805,0.49152103695138805,0.49152103695138805,Planner C
SKU0027@LOC01,2025-08-04,2025-07-07,4,0.0,1.0,1.0,0.49152103695138805,0.49152103695138805,0.49152103695138805,Planner C
SKU0027@LOC01,2025-08-11,2025-08-04,1,0.0,0.0,0.0,0.5562569316232225,0.5562569316232225,0.5562569316232225,Planner C
SKU0027@LOC01,2025-08-18,2025-08-04,2,0.0,0.0,1.0,0.5562569316232225,0.5562569316232225,0.5562569316232225,Planner C
SKU0027@LOC01,2025-08-25,2025-08-04,3,0.0,0.0,0.0,0.5562569316232225,0.5562569316232225,0.5562569316232225,Planner C
SKU0027@LOC01,2025-09-01,2025-08-04,4,0.0,0.0,3.0,0.5562569316232225,0.5562569316232225,0.5562569316232225,Planner C
SKU0027@LOC01,2025-09-08,2025-09-01,1,1.0,0.0,0.0,0.5562569316232225,0.6008341075791364,0.6008341075791364,Planner C
SKU0027@LOC01,2025-09-15,2025-09-01,2,0.0,0.0,0.0,0.5562569316232225,1.2533397082149031,1.2533397082149031,Planner C
SKU0027@LOC01,2025-09-22,2025-09-01,3,0.0,0.0,0.0,0.5562569316232225,0.6979138754482657,0.6979138754482657,Planner C
SKU0027@LOC01,2025-09-29,2025-09-01,4,0.0,0.0,0.0,0.5562569316232225,0.5562569316232225,0.5562569316232225,Planner C
SKU0027@LOC01,2025-10-06,2025-09-29,1,1.0,0.0,1.0,0.4536716620060209,1.0349566436354425,1.0349566436354425,Planner C
SKU0027@LOC01,2025-10-13,2025-09-29,2,0.0,0.0,0.0,0.4536716620060209,0.503398987582264,0.503398987582264,Planner C
SKU0027@LOC01,2025-10-20,2025-09-29,3,1.0,0.0,1.0,0.4536716620060209,0.4536716620060209,0.4536716620060209,Planner C
SKU0027@LOC01,2025-10-27,2025-09-29,4,1.0,0.0,1.0,0.4536716620060209,0.6906963208160497,0.6906963208160497,Planner C
SKU0027@LOC01,2025-11-03,2025-10-27,1,0.0,1.0,0.0,0.44647037112648685,0.3087558113824181,0.3087558113824181,Planner C
SKU0027@LOC01,2025-11-10,2025-10-27,2,0.0,1.0,1.0,0.44647037112648685,0.44647037112648685,0.44647037112648685,Planner C
SKU0027@LOC01,2025-11-17,2025-10-27,3,1.0,1.0,1.0,0.44647037112648685,0.44647037112648685,0.44647037112648685,Planner C
SKU0027@LOC01,2025-11-24,2025-10-27,4,1.0,1.0,0.0,0.44647037112648685,0.44647037112648685,0.44647037112648685,Planner C
SKU0027@LOC01,2025-12-01,2025-11-24,1,0.0,1.0,0.0,0.4533231828051852,0.4533231828051852,0.4533231828051852,Planner C
SKU0027@LOC01,2025-12-08,2025-11-24,2,1.0,1.0,0.0,0.4533231828051852,1.3016378011343774,1.3016378011343774,Planner C
SKU0027@LOC01,2025-12-15,2025-11-24,3,0.0,1.0,2.0,0.4533231828051852,0.4533231828051852,0.4533231828051852,Planner C
SKU0027@LOC01,2025-12-22,2025-11-24,4,0.0,1.0,0.0,0.4533231828051852,0.4533231828051852,0.4533231828051852,Planner C
SKU0027@LOC02,2025-05-19,2025-05-12,1,0.0,0.0,1.0,0.5097844060536785,0.5097844060536785,0.5097844060536785,Planner D
SKU0027@LOC02,2025-05-26,2025-05-12,2,1.0,0.0,0.0,0.5097844060536785,0.5097844060536785,0.5097844060536785,Planner D
SKU0027@LOC02,2025-06-02,2025-05-12,3,1.0,0.0,0.0,0.5097844060536785,0.5097844060536785,0.5097844060536785,Planner D
SKU0027@LOC02,2025-06-09,2025-05-12,4,0.0,0.0,0.0,0.5097844060536785,0.5097844060536785,0.5097844060536785,Planner D
SKU0027@LOC02,2025-06-16,2025-06-09,1,1.0,0.0,0.0,0.48334863324225696,0.48334863324225696,0.48334863324225696,Planner D
SKU0027@LOC02,2025-06-23,2025-06-09,2,0.0,0.0,0.0,0.48334863324225696,0.21437831619111036,0.21437831619111036,Planner D
SKU0027@LOC02,2025-06-30,2025-06-09,3,1.0,0.0,0.0,0.48334863324225696,0.48334863324225696,0.48334863324225696,Planner D
SKU0027@LOC02,2025-07-07,2025-06-09,4,1.0,0.0,1.0,0.48334863324225696,0.48334863324225696,0.48334863324225696,Planner D
SKU0027@LOC02,2025-07-14,2025-07-07,1,1.0,1.0,0.0,0.506034649383966,0.506034649383966,0.506034649383966,Planner D
SKU0027@LOC02,2025-07-21,2025-07-07,2,1.0,1.0,0.0,0.506034649383966,0.506034649383966,0.506034649383966,Planner D
SKU0027@LOC02,2025-07-28,2025-07-07,3,0.0,1.0,1.0,0.506034649383966,0.33519680823029663,0.33519680823029663,Planner D
SKU0027@LOC02,2025-08-04,2025-07-07,4,0.0,1.0,0.0,0.506034649383966,0.506034649383966,0.506034649383966,Planner D
SKU0027@LOC02,2025-08-11,2025-08-04,1,2.0,0.0,0.0,0.554120522354005,0.554120522354005,0.554120522354005,Planner D
SKU0027@LOC02,2025-08-18,2025-08-04,2,1.0,0.0,0.0,0.554120522354005,0.554120522354005,0.554120522354005,Planner D
SKU0027@LOC02,2025-08-25,2025-08-04,3,0.0,0.0,1.0,0.554120522354005,0.554120522354005,0.554120522354005,Planner D
SKU0027@LOC02,2025-09-01,2025-08-04,4,0.0,0.0,1.0,0.554120522354005,0.971296855866578,0.971296855866578,Planner D
SKU0027@LOC02,2025-09-08,2025-09-01,1,0.0,0.0,0.0,0.5881674612607654,0.5881674612607654,0.5881674612607654,Planner D
SKU0027@LOC02,2025-09-15,2025-09-01,2,1.0,0.0,1.0,0.5881674612607654,0.5881674612607654,0.5881674612607654,Planner D
SKU0027@LOC02,2025-09-22,2025-09-01,3,0.0,0.0,0.0,0.5881674612607654,0.5881674612607654,0.5881674612607654,Planner D
SKU0027@LOC02,2025-09-29,2025-09-01,4,0.0,0.0,0.0,0.5881674612607654,0.8577007441624986,0.8577007441624986,Planner D
SKU0027@LOC02,2025-10-06,2025-09-29,1,3.0,0.0,1.0,0.5184463575805313,0.5184463575805313,0.5184463575805313,Planner D
SKU0027@LOC02,2025-10-13,2025-09-29,2,0.0,0.0,0.0,0.5184463575805313,0.7152719099200718,0.7152719099200718,Planner D
SKU0027@LOC02,2025-10-20,2025-09-29,3,0.0,0.0,0.0,0.5184463575805313,0.5184463575805313,0.5184463575805313,Planner D
SKU0027@LOC02,2025-10-27,2025-09-29,4,1.0,0.0,0.0,0.5184463575805313,0.5184463575805313,0.5184463575805313,Planner D
SKU0027@LOC02,2025-11-03,2025-10-27,1,0.0,1.0,1.0,0.5438991824790991,0.5438991824790991,0.5438991824790991,Planner D
SKU0027@LOC02,2025-11-10,2025-10-27,2,1.0,1.0,0.0,0.5438991824790991,0.5438991824790991,0.5438991824790991,Planner D
SKU0027@LOC02,2025-11-17,2025-10-27,3,0.0,1.0,0.0,0.5438991824790991,0.9625004316207899,0.9625004316207899,Planner D
SKU0027@LOC02,2025-11-24,2025-10-27,4,1.0,1.0,1.0,0.5438991824790991,0.5438991824790991,0.5438991824790991,Planner D
SKU0027@LOC02,2025-12-01,2025-11-24,1,1.0,1.0,1.0,0.5317873462606503,0.7658156536355022,0.7658156536355022,Planner D
SKU0027@LOC02,2025-12-08,2025-11-24,2,0.0,1.0,1.0,0.5317873462606503,0.6808105446375204,0.6808105446375204,Planner D
SKU0027@LOC02,2025-12-15,2025-11-24,3,1.0,1.0,1.0,0.5317873462606503,0.5317873462606503,0.5317873462606503,Planner D
SKU0027@LOC02,2025-12-22,2025-11-24,4,0.0,1.0,1.0,0.5317873462606503,0.46582697986617716,0.46582697986617716,Planner D
SKU0027@LOC03,2025-05-19,2025-05-12,1,0.0,2.0,5.0,0.788733539304988,0.788733539304988,0.788733539304988,Planner A
SKU0027@LOC03,2025-05-26,2025-05-12,2,0.0,2.0,2.0,0.788733539304988,0.788733539304988,0.788733539304988,Planner A
SKU0027@LOC03,2025-06-02,2025-05-12,3,0.0,2.0,3.0,0.788733539304988,0.788733539304988,0.788733539304988,Planner A
SKU0027@LOC03,2025-06-09,2025-05-12,4,0.0,2.0,0.0,0.788733539304988,0.788733539304988,0.788733539304988,Planner A
SKU0027@LOC03,2025-06-16,2025-06-09,1,0.0,0.0,0.0,0.788733539304988,0.788733539304988,0.788733539304988,Planner A
SKU0027@LOC03,2025-06-23,2025-06-09,2,0.0,0.0,0.0,0.788733539304988,0.788733539304988,0.788733539304988,Planner A
SKU0027@LOC03,2025-06-30,2025-06-09,3,0.0,0.0,0.0,0.788733539304988,1.1993609200923947,1.1993609200923947,Planner A
SKU0027@LOC03,2025-07-07,2025-06-09,4,1.0,0.0,2.0,0.788733539304988,1.0822961382263452,1.0822961382263452,Planner A
SKU0027@LOC03,2025-07-14,2025-07-07,1,0.0,1.0,0.0,0.6435136881194725,0.6435136881194725,0.6435136881194725,Planner A
SKU0027@LOC03,2025-07-21,2025-07-07,2,0.0,1.0,0.0,0.6435136881194725,0.6435136881194725,0.6435136881194725,Planner A
SKU0027@LOC03,2025-07-28,2025-07-07,3,0.0,1.0,0.0,0.6435136881194725,0.4490166597842748,0.4490166597842748,Planner A
SKU0027@LOC03,2025-08-04,2025-07-07,4,0.0,1.0,0.0,0.6435136881194725,0.6435136881194725,0.6435136881194725,Planner A
SKU0027@LOC03,2025-08-11,2025-08-04,1,0.0,0.0,0.0,0.6435136881194725,0.6435136881194725,0.6435136881194725,Planner A
SKU0027@LOC03,2025-08-18,2025-08-04,2,0.0,0.0,0.0,0.6435136881194725,0.6435136881194725,0.6435136881194725,Planner A
SKU0027@LOC03,2025-08-25,2025-08-04,3,0.0,0.0,0.0,0.6435136881194725,0.6435136881194725,0.6435136881194725,Planner A
SKU0027@LOC03,2025-09-01,2025-08-04,4,0.0,0.0,4.0,0.6435136881194725,0.6435136881194725,0.6435136881194725,Planner A
SKU0027@LOC03,2025-09-08,2025-09-01,1,0.0,0.0,0.0,0.6435136881194725,0.6435136881194725,0.6435136881194725,Planner A
SKU0027@LOC03,2025-09-15,2025-09-01,2,0.0,0.0,0.0,0.6435136881194725,0.6435136881194725,0.6435136881194725,Planner A
SKU0027@LOC03,2025-09-22,2025-09-01,3,0.0,0.0,0.0,0.6435136881194725,0.9254715450551869,0.9254715450551869,Planner A
SKU0027@LOC03,2025-09-29,2025-09-01,4,0.0,0.0,0.0,0.6435136881194725,0.6435136881194725,0.6435136881194725,Planner A
SKU0027@LOC03,2025-10-06,2025-09-29,1,0.0,0.0,0.0,0.6435136881194725,0.05566868893635735,0.05566868893635735,Planner A
SKU0027@LOC03,2025-10-13,2025-09-29,2,0.0,0.0,2.0,0.6435136881194725,0.6435136881194725,0.6435136881194725,Planner A
SKU0027@LOC03,2025-10-20,2025-09-29,3,0.0,0.0,7.0,0.6435136881194725,1.1988960370930681,1.1988960370930681,Planner A
SKU0027@LOC03,2025-10-27,2025-09-29,4,0.0,0.0,0.0,0.6435136881194725,1.030946278388107,1.030946278388107,Planner A
SKU0027@LOC03,2025-11-03,2025-10-27,1,0.0,0.0,0.0,0.6435136881194725,0.7520078933722504,0.7520078933722504,Planner A
SKU0027@LOC03,2025-11-10,2025-10-27,2,0.0,0.0,0.0,0.6435136881194725,0.6435136881194725,0.6435136881194725,Planner A
SKU0027@LOC03,2025-11-17,2025-10-27,3,0.0,0.0,0.0,0.6435136881194725,0.6435136881194725,0.6435136881194725,Planner A
SKU0027@LOC03,2025-11-24,2025-10-27,4,0.0,0.0,3.0,0.6435136881194725,0.7044219045385167,0.7044219045385167,Planner A
SKU0027@LOC03,2025-12-01,2025-11-24,1,0.0,0.0,2.0,0.6435136881194725,0.6435136881194725,0.6435136881194725,Planner A
SKU0027@LOC03,2025-12-08,2025-11-24,2,0.0,0.0,1.0,0.6435136881194725,0.6435136881194725,0.6435136881194725,Planner A
SKU0027@LOC03,2025-12-15,2025-11-24,3,0.0,0.0,0.0,0.6435136881194725,0.6435136881194725,0.6435136881194725,Planner A
SKU0027@LOC03,2025-12-22,2025-11-24,4,2.0,0.0,0.0,0.6435136881194725,0.6435136881194725,0.6435136881194725,Planner A
SKU0028@LOC01,2025-05-19,2025-05-12,1,20.0,14.0,20.0,20.291803612000223,20.291803612000223,20.291803612000223,Planner B
SKU0028@LOC01,2025-05-26,2025-05-12,2,21.0,14.0,25.0,20.291803612000223,21.290629231451174,21.290629231451174,Planner B
SKU0028@LOC01,2025-06-02,2025-05-12,3,25.0,14.0,27.0,20.291803612000223,28.870755902297176,28.870755902297176,Planner B
SKU0028@LOC01,2025-06-09,2025-05-12,4,40.0,14.0,24.0,20.291803612000223,20.291803612000223,20.291803612000223,Planner B
SKU0028@LOC01,2025-06-16,2025-06-09,1,26.0,40.0,11.0,22.722452349833347,22.131497031266253,22.131497031266253,Planner B
SKU0028@LOC01,2025-06-23,2025-06-09,2,25.0,40.0,14.0,22.722452349833347,22.722452349833347,22.722452349833347,Planner B
SKU0028@LOC01,2025-06-30,2025-06-09,3,12.0,40.0,16.0,22.722452349833347,22.722452349833347,22.722452349833347,Planner B
SKU0028@LOC01,2025-07-07,2025-06-09,4,15.0,40.0,27.0,22.722452349833347,22.722452349833347,22.722452349833347,Planner B
SKU0028@LOC01,2025-07-14,2025-07-07,1,17.0,15.0,19.0,21.40860098672566,21.40860098672566,21.40860098672566,Planner B
SKU0028@LOC01,2025-07-21,2025-07-07,2,31.0,15.0,17.0,21.40860098672566,21.40860098672566,21.40860098672566,Planner B
SKU0028@LOC01,2025-07-28,2025-07-07,3,17.0,15.0,17.0,21.40860098672566,21.40860098672566,21.40860098672566,Planner B
SKU0028@LOC01,2025-08-04,2025-07-07,4,48.0,15.0,19.0,21.40860098672566,21.40860098672566,21.40860098672566,Planner B
SKU0028@LOC01,2025-08-11,2025-08-04,1,17.0,48.0,12.0,24.126483107390705,23.960796448341945,23.960796448341945,Planner B
SKU0028@LOC01,2025-08-18,2025-08-04,2,22.0,48.0,15.0,24.126483107390705,33.72168495797334,33.72168495797334,Planner B
SKU0028@LOC01,2025-08-25,2025-08-04,3,21.0,48.0,27.0,24.126483107390705,24.126483107390705,24.126483107390705,Planner B
SKU0028@LOC01,2025-09-01,2025-08-04,4,20.0,48.0,26.0,24.126483107390705,21.94732067927481,21.94732067927481,Planner B
SKU0028@LOC01,2025-09-08,2025-09-01,1,24.0,20.0,25.0,22.74068556675904,22.74068556675904,22.74068556675904,Planner B
SKU0028@LOC01,2025-09-15,2025-09-01,2,33.0,20.0,25.0,22.74068556675904,22.74068556675904,22.74068556675904,Planner B
SKU0028@LOC01,2025-09-22,2025-09-01,3,30.0,20.0,13.0,22.74068556675904,22.74068556675904,22.74068556675904,Planner B
SKU0028@LOC01,2025-09-29,2025-09-01,4,34.0,20.0,18.0,22.74068556675904,22.74068556675904,22.74068556675904,Planner B
SKU0028@LOC01,2025-10-06,2025-09-29,1,24.0,34.0,28.0,25.44276380035061,25.44276380035061,25.44276380035061,Planner B
SKU0028@LOC01,2025-10-13,2025-09-29,2,11.0,34.0,22.0,25.44276380035061,25.44276380035061,25.44276380035061,Planner B
SKU0028@LOC01,2025-10-20,2025-09-29,3,26.0,34.0,30.0,25.44276380035061,13.933190429264327,13.933190429264327,Planner B
SKU0028@LOC01,2025-10-27,2025-09-29,4,23.0,34.0,16.0,25.44276380035061,25.44276380035061,25.44276380035061,Planner B
SKU0028@LOC01,2025-11-03,2025-10-27,1,13.0,23.0,38.0,23.973597329410033,21.68005994435245,21.68005994435245,Planner B
SKU0028@LOC01,2025-11-10,2025-10-27,2,24.0,23.0,14.0,23.973597329410033,23.973597329410033,23.973597329410033,Planner B
SKU0028@LOC01,2025-11-17,2025-10-27,3,23.0,23.0,24.0,23.973597329410033,23.973597329410033,23.973597329410033,Planner B
SKU0028@LOC01,2025-11-24,2025-10-27,4,20.0,23.0,13.0,23.973597329410033,23.973597329410033,23.973597329410033,Planner B
SKU0028@LOC01,2025-12-01,2025-11-24,1,29.0,20.0,27.0,22.690777207825924,22.690777207825924,22.690777207825924,Planner B
SKU0028@LOC01,2025-12-08,2025-11-24,2,25.0,20.0,16.0,22.690777207825924,22.690777207825924,22.690777207825924,Planner B
SKU0028@LOC01,2025-12-15,2025-11-24,3,25.0,20.0,18.0,22.690777207825924,38.660340857556314,38.660340857556314,Planner B
SKU0028@LOC01,2025-12-22,2025-11-24,4,26.0,20.0,16.0,22.690777207825924,22.690777207825924,22.690777207825924,Planner B
SKU0028@LOC02,2025-05-19,2025-05-12,1,11.0,12.0,14.0,15.545368806931954,15.545368806931954,15.545368806931954,Planner C
SKU0028@LOC02,2025-05-26,2025-05-12,2,7.0,12.0,11.0,15.545368806931954,15.545368806931954,15.545368806931954,Planner C
SKU0028@LOC02,2025-06-02,2025-05-12,3,8.0,12.0,12.0,15.545368806931954,15.545368806931954,15.545368806931954,Planner C
SKU0028@LOC02,2025-06-09,2025-05-12,4,16.0,12.0,21.0,15.545368806931954,15.545368806931954,15.545368806931954,Planner C
SKU0028@LOC02,2025-06-16,2025-06-09,1,8.0,16.0,15.0,14.001962050487393,17.40833166975446,17.40833166975446,Planner C
SKU0028@LOC02,2025-06-23,2025-06-09,2,13.0,16.0,12.0,14.001962050487393,12.246443895221645,12.246443895221645,Planner C
SKU0028@LOC02,2025-06-30,2025-06-09,3,12.0,16.0,15.0,14.001962050487393,12.121003540744754,12.121003540744754,Planner C
SKU0028@LOC02,2025-07-07,2025-06-09,4,19.0,16.0,6.0,14.001962050487393,14.001962050487393,14.001962050487393,Planner C
SKU0028@LOC02,2025-07-14,2025-07-07,1,13.0,19.0,12.0,13.802887301324779,13.802887301324779,13.802887301324779,Planner C
SKU0028@LOC02,2025-07-21,2025-07-07,2,21.0,19.0,20.0,13.802887301324779,13.802887301324779,13.802887301324779,Planner C
SKU0028@LOC02,2025-07-28,2025-07-07,3,19.0,19.0,12.0,13.802887301324779,13.802887301324779,13.802887301324779,Planner C
SKU0028@LOC02,2025-08-04,2025-07-07,4,19.0,19.0,18.0,13.802887301324779,13.802887301324779,13.802887301324779,Planner C
SKU0028@LOC02,2025-08-11,2025-08-04,1,22.0,19.0,13.0,15.057943837012104,15.057943837012104,15.057943837012104,Planner C
SKU0028@LOC02,2025-08-18,2025-08-04,2,13.0,19.0,14.0,15.057943837012104,15.43071389341696,15.43071389341696,Planner C
SKU0028@LOC02,2025-08-25,2025-08-04,3,22.0,19.0,29.0,15.057943837012104,15.057943837012104,15.057943837012104,Planner C
SKU0028@LOC02,2025-09-01,2025-08-04,4,14.0,19.0,12.0,15.057943837012104,21.921618242345335,21.921618242345335,Planner C
SKU0028@LOC02,2025-09-08,2025-09-01,1,21.0,14.0,17.0,15.53952686739534,15.53952686739534,15.53952686739534,Planner C
SKU0028@LOC02,2025-09-15,2025-09-01,2,15.0,14.0,10.0,15.53952686739534,15.53952686739534,15.53952686739534,Planner C
SKU0028@LOC02,2025-09-22,2025-09-01,3,8.0,14.0,8.0,15.53952686739534,15.53952686739534,15.53952686739534,Planner C
SKU0028@LOC02,2025-09-29,2025-09-01,4,17.0,14.0,19.0,15.53952686739534,15.53952686739534,15.53952686739534,Planner C
SKU0028@LOC02,2025-10-06,2025-09-29,1,13.0,17.0,14.0,15.464160505536427,16.269646371979633,16.269646371979633,Planner C
SKU0028@LOC02,2025-10-13,2025-09-29,2,13.0,17.0,10.0,15.464160505536427,15.464160505536427,15.464160505536427,Planner C
SKU0028@LOC02,2025-10-20,2025-09-29,3,15.0,17.0,12.0,15.464160505536427,15.464160505536427,15.464160505536427,Planner C
SKU0028@LOC02,2025-10-27,2025-09-29,4,16.0,17.0,22.0,15.464160505536427,15.464160505536427,15.464160505536427,Planner C
SKU0028@LOC02,2025-11-03,2025-10-27,1,11.0,16.0,11.0,15.25207413276258,15.25207413276258,15.25207413276258,Planner C
SKU0028@LOC02,2025-11-10,2025-10-27,2,21.0,16.0,13.0,15.25207413276258,15.25207413276258,15.25207413276258,Planner C
SKU0028@LOC02,2025-11-17,2025-10-27,3,16.0,16.0,22.0,15.25207413276258,15.25207413276258,15.25207413276258,Planner C
SKU0028@LOC02,2025-11-24,2025-10-27,4,10.0,16.0,20.0,15.25207413276258,15.25207413276258,15.25207413276258,Planner C
SKU0028@LOC02,2025-12-01,2025-11-24,1,19.0,10.0,12.0,15.102090956598452,15.102090956598452,15.102090956598452,Planner C
SKU0028@LOC02,2025-12-08,2025-11-24,2,16.0,10.0,16.0,15.102090956598452,15.102090956598452,15.102090956598452,Planner C
SKU0028@LOC02,2025-12-15,2025-11-24,3,23.0,10.0,21.0,15.102090956598452,15.102090956598452,15.102090956598452,Planner C
SKU0028@LOC02,2025-12-22,2025-11-24,4,10.0,10.0,13.0,15.102090956598452,15.102090956598452,15.102090956598452,Planner C
SKU0028@LOC03,2025-05-19,2025-05-12,1,7.0,14.0,32.0,20.09522784440625,20.09522784440625,20.09522784440625,Planner D
SKU0028@LOC03,2025-05-26,2025-05-12,2,24.0,14.0,28.0,20.09522784440625,20.09522784440625,20.09522784440625,Planner D
SKU0028@LOC03,2025-06-02,2025-05-12,3,20.0,14.0,28.0,20.09522784440625,20.824706859746225,20.824706859746225,Planner D
SKU0028@LOC03,2025-06-09,2025-05-12,4,25.0,14.0,19.0,20.09522784440625,23.31482148308658,23.31482148308658,Planner D
SKU0028@LOC03,2025-06-16,2025-06-09,1,33.0,25.0,20.0,19.938778988714944,19.938778988714944,19.938778988714944,Planner D
SKU0028@LOC03,2025-06-23,2025-06-09,2,20.0,25.0,23.0,19.938778988714944,19.938778988714944,19.938778988714944,Planner D
SKU0028@LOC03,2025-06-30,2025-06-09,3,18.0,25.0,23.0,19.938778988714944,19.938778988714944,19.938778988714944,Planner D
SKU0028@LOC03,2025-07-07,2025-06-09,4,21.0,25.0,29.0,19.938778988714944,31.696808738715532,31.696808738715532,Planner D
SKU0028@LOC03,2025-07-14,2025-07-07,1,18.0,21.0,20.0,20.827532894495874,20.827532894495874,20.827532894495874,Planner D
SKU0028@LOC03,2025-07-21,2025-07-07,2,18.0,21.0,23.0,20.827532894495874,20.827532894495874,20.827532894495874,Planner D
SKU0028@LOC03,2025-07-28,2025-07-07,3,19.0,21.0,34.0,20.827532894495874,20.827532894495874,20.827532894495874,Planner D
SKU0028@LOC03,2025-08-04,2025-07-07,4,12.0,21.0,15.0,20.827532894495874,23.07062962685146,23.07062962685146,Planner D
SKU0028@LOC03,2025-08-11,2025-08-04,1,30.0,12.0,19.0,19.345144332078743,19.345144332078743,19.345144332078743,Planner D
SKU0028@LOC03,2025-08-18,2025-08-04,2,22.0,12.0,22.0,19.345144332078743,19.345144332078743,19.345144332078743,Planner D
SKU0028@LOC03,2025-08-25,2025-08-04,3,24.0,12.0,14.0,19.345144332078743,19.345144332078743,19.345144332078743,Planner D
SKU0028@LOC03,2025-09-01,2025-08-04,4,21.0,12.0,25.0,19.345144332078743,19.345144332078743,19.345144332078743,Planner D
SKU0028@LOC03,2025-09-08,2025-09-01,1,19.0,21.0,33.0,20.92134919627686,20.92134919627686,20.92134919627686,Planner D
SKU0028@LOC03,2025-09-15,2025-09-01,2,16.0,21.0,17.0,20.92134919627686,20.92134919627686,20.92134919627686,Planner D
SKU0028@LOC03,2025-09-22,2025-09-01,3,22.0,21.0,20.0,20.92134919627686,20.92134919627686,20.92134919627686,Planner D
SKU0028@LOC03,2025-09-29,2025-09-01,4,24.0,21.0,26.0,20.92134919627686,20.92134919627686,20.92134919627686,Planner D
SKU0028@LOC03,2025-10-06,2025-09-29,1,15.0,24.0,18.0,20.787597207677248,20.787597207677248,20.787597207677248,Planner D
SKU0028@LOC03,2025-10-13,2025-09-29,2,27.0,24.0,18.0,20.787597207677248,20.787597207677248,20.787597207677248,Planner D
SKU0028@LOC03,2025-10-20,2025-09-29,3,19.0,24.0,16.0,20.787597207677248,20.787597207677248,20.787597207677248,Planner D
SKU0028@LOC03,2025-10-27,2025-09-29,4,26.0,24.0,22.0,20.787597207677248,20.787597207677248,20.787597207677248,Planner D
SKU0028@LOC03,2025-11-03,2025-10-27,1,11.0,26.0,27.0,21.228295619797088,21.228295619797088,21.228295619797088,Planner D
SKU0028@LOC03,2025-11-10,2025-10-27,2,24.0,26.0,31.0,21.228295619797088,21.228295619797088,21.228295619797088,Planner D
SKU0028@LOC03,2025-11-17,2025-10-27,3,18.0,26.0,29.0,21.228295619797088,22.46218522560166,22.46218522560166,Planner D
SKU0028@LOC03,2025-11-24,2025-10-27,4,27.0,26.0,12.0,21.228295619797088,21.228295619797088,21.228295619797088,Planner D
SKU0028@LOC03,2025-12-01,2025-11-24,1,25.0,27.0,31.0,21.050135709172352,19.946053697559485,19.946053697559485,Planner D
SKU0028@LOC03,2025-12-08,2025-11-24,2,35.0,27.0,31.0,21.050135709172352,21.050135709172352,21.050135709172352,Planner D
SKU0028@LOC03,2025-12-15,2025-11-24,3,30.0,27.0,23.0,21.050135709172352,23.13105899035754,23.13105899035754,Planner D
SKU0028@LOC03,2025-12-22,2025-11-24,4,23.0,27.0,28.0,21.050135709172352,21.050135709172352,21.050135709172352,Planner D
SKU0029@LOC01,2025-05-19,2025-05-12,1,24.0,19.0,39.0,20.96715086162361,20.362210916470502,20.362210916470502,Planner A
SKU0029@LOC01,2025-05-26,2025-05-12,2,60.0,19.0,15.0,20.96715086162361,20.96715086162361,20.96715086162361,Planner A
SKU0029@LOC01,2025-06-02,2025-05-12,3,13.0,19.0,21.0,20.96715086162361,20.96715086162361,20.96715086162361,Planner A
SKU0029@LOC01,2025-06-09,2025-05-12,4,26.0,19.0,14.0,20.96715086162361,20.96715086162361,20.96715086162361,Planner A
SKU0029@LOC01,2025-06-16,2025-06-09,1,13.0,26.0,15.0,23.581012419778187,23.581012419778187,23.581012419778187,Planner A
SKU0029@LOC01,2025-06-23,2025-06-09,2,16.0,26.0,19.0,23.581012419778187,23.581012419778187,23.581012419778187,Planner A
SKU0029@LOC01,2025-06-30,2025-06-09,3,24.0,26.0,17.0,23.581012419778187,23.581012419778187,23.581012419778187,Planner A
SKU0029@LOC01,2025-07-07,2025-06-09,4,28.0,26.0,17.0,23.581012419778187,24.673186806493415,24.673186806493415,Planner A
SKU0029@LOC01,2025-07-14,2025-07-07,1,22.0,28.0,23.0,23.02617574723696,23.02617574723696,23.02617574723696,Planner A
SKU0029@LOC01,2025-07-21,2025-07-07,2,17.0,28.0,16.0,23.02617574723696,25.034106943116843,25.034106943116843,Planner A
SKU0029@LOC01,2025-07-28,2025-07-07,3,20.0,28.0,19.0,23.02617574723696,23.02617574723696,23.02617574723696,Planner A
SKU0029@LOC01,2025-08-04,2025-07-07,4,10.0,28.0,20.0,23.02617574723696,23.02617574723696,23.02617574723696,Planner A
SKU0029@LOC01,2025-08-11,2025-08-04,1,13.0,10.0,15.0,21.915201559722924,21.915201559722924,21.915201559722924,Planner A
SKU0029@LOC01,2025-08-18,2025-08-04,2,17.0,10.0,37.0,21.915201559722924,21.915201559722924,21.915201559722924,Planner A
SKU0029@LOC01,2025-08-25,2025-08-04,3,13.0,10.0,30.0,21.915201559722924,21.915201559722924,21.915201559722924,Planner A
SKU0029@LOC01,2025-09-01,2025-08-04,4,15.0,10.0,13.0,21.915201559722924,21.915201559722924,21.915201559722924,Planner A
SKU0029@LOC01,2025-09-08,2025-09-01,1,27.0,15.0,45.0,20.54198739040407,20.54198739040407,20.54198739040407,Planner A
SKU0029@LOC01,2025-09-15,2025-09-01,2,15.0,15.0,16.0,20.54198739040407,20.54198739040407,20.54198739040407,Planner A
SKU0029@LOC01,2025-09-22,2025-09-01,3,23.0,15.0,21.0,20.54198739040407,20.54198739040407,20.54198739040407,Planner A
SKU0029@LOC01,2025-09-29,2025-09-01,4,17.0,15.0,28.0,20.54198739040407,23.93233003010509,23.93233003010509,Planner A
SKU0029@LOC01,2025-10-06,2025-09-29,1,8.0,17.0,30.0,20.508408366905304,23.79688939627975,23.79688939627975,Planner A
SKU0029@LOC01,2025-10-13,2025-09-29,2,9.0,17.0,16.0,20.508408366905304,20.508408366905304,20.508408366905304,Planner A
SKU0029@LOC01,2025-10-20,2025-09-29,3,17.0,17.0,24.0,20.508408366905304,20.508408366905304,20.508408366905304,Planner A
SKU0029@LOC01,2025-10-27,2025-09-29,4,22.0,17.0,28.0,20.508408366905304,18.38212142389952,18.38212142389952,Planner A
SKU0029@LOC01,2025-11-03,2025-10-27,1,19.0,22.0,24.0,17.656235611395733,16.043994350887125,16.043994350887125,Planner A
SKU0029@LOC01,2025-11-10,2025-10-27,2,21.0,22.0,28.0,17.656235611395733,25.710816511763536,25.710816511763536,Planner A
SKU0029@LOC01,2025-11-17,2025-10-27,3,15.0,22.0,26.0,17.656235611395733,17.656235611395733,17.656235611395733,Planner A
SKU0029@LOC01,2025-11-24,2025-10-27,4,13.0,22.0,21.0,17.656235611395733,16.65771917154704,16.65771917154704,Planner A
SKU0029@LOC01,2025-12-01,2025-11-24,1,15.0,13.0,21.0,17.32035618463674,17.32035618463674,17.32035618463674,Planner A
SKU0029@LOC01,2025-12-08,2025-11-24,2,18.0,13.0,25.0,17.32035618463674,17.32035618463674,17.32035618463674,Planner A
SKU0029@LOC01,2025-12-15,2025-11-24,3,19.0,13.0,23.0,17.32035618463674,30.692884974026626,30.692884974026626,Planner A
SKU0029@LOC01,2025-12-22,2025-11-24,4,21.0,13.0,27.0,17.32035618463674,17.32035618463674,17.32035618463674,Planner A
SKU0029@LOC02,2025-05-19,2025-05-12,1,8.0,15.0,18.0,15.589469798654457,15.589469798654457,15.589469798654457,Planner B
SKU0029@LOC02,2025-05-26,2025-05-12,2,22.0,15.0,17.0,15.589469798654457,15.589469798654457,15.589469798654457,Planner B
SKU0029@LOC02,2025-06-02,2025-05-12,3,14.0,15.0,11.0,15.589469798654457,15.589469798654457,15.589469798654457,Planner B
SKU0029@LOC02,2025-06-09,2025-05-12,4,14.0,15.0,9.0,15.589469798654457,15.589469798654457,15.589469798654457,Planner B
SKU0029@LOC02,2025-06-16,2025-06-09,1,18.0,14.0,13.0,15.25345113489719,19.0888152916651,19.0888152916651,Planner B
SKU0029@LOC02,2025-06-23,2025-06-09,2,17.0,14.0,18.0,15.25345113489719,15.25345113489719,15.25345113489719,Planner B
SKU0029@LOC02,2025-06-30,2025-06-09,3,22.0,14.0,19.0,15.25345113489719,15.25345113489719,15.25345113489719,Planner B
SKU0029@LOC02,2025-07-07,2025-06-09,4,14.0,14.0,8.0,15.25345113489719,19.51087817421815,19.51087817421815,Planner B
SKU0029@LOC02,2025-07-14,2025-07-07,1,2.0,14.0,16.0,16.076989289606043,16.076989289606043,16.076989289606043,Planner B
SKU0029@LOC02,2025-07-21,2025-07-07,2,12.0,14.0,17.0,16.076989289606043,16.076989289606043,16.076989289606043,Planner B
SKU0029@LOC02,2025-07-28,2025-07-07,3,6.0,14.0,18.0,16.076989289606043,16.85904648977593,16.85904648977593,Planner B
SKU0029@LOC02,2025-08-04,2025-07-07,4,10.0,14.0,20.0,16.076989289606043,8.930726998138264,8.930726998138264,Planner B
SKU0029@LOC02,2025-08-11,2025-08-04,1,14.0,10.0,13.0,13.205912672910525,13.205912672910525,13.205912672910525,Planner B
SKU0029@LOC02,2025-08-18,2025-08-04,2,12.0,10.0,20.0,13.205912672910525,13.205912672910525,13.205912672910525,Planner B
SKU0029@LOC02,2025-08-25,2025-08-04,3,10.0,10.0,15.0,13.205912672910525,17.538282122526045,17.538282122526045,Planner B
SKU0029@LOC02,2025-09-01,2025-08-04,4,13.0,10.0,10.0,13.205912672910525,13.205912672910525,13.205912672910525,Planner B
SKU0029@LOC02,2025-09-08,2025-09-01,1,13.0,13.0,12.0,12.856999304696595,18.000872384992107,18.000872384992107,Planner B
SKU0029@LOC02,2025-09-15,2025-09-01,2,12.0,13.0,8.0,12.856999304696595,12.856999304696595,12.856999304696595,Planner B
SKU0029@LOC02,2025-09-22,2025-09-01,3,15.0,13.0,18.0,12.856999304696595,12.856999304696595,12.856999304696595,Planner B
SKU0029@LOC02,2025-09-29,2025-09-01,4,13.0,13.0,16.0,12.856999304696595,12.856999304696595,12.856999304696595,Planner B
SKU0029@LOC02,2025-10-06,2025-09-29,1,13.0,13.0,19.0,13.005177243811437,13.440550859684427,13.440550859684427,Planner B
SKU0029@LOC02,2025-10-13,2025-09-29,2,23.0,13.0,13.0,13.005177243811437,13.005177243811437,13.005177243811437,Planner B
SKU0029@LOC02,2025-10-20,2025-09-29,3,19.0,13.0,19.0,13.005177243811437,18.18275697754094,18.18275697754094,Planner B
SKU0029@LOC02,2025-10-27,2025-09-29,4,6.0,13.0,22.0,13.005177243811437,13.005177243811437,13.005177243811437,Planner B
SKU0029@LOC02,2025-11-03,2025-10-27,1,12.0,6.0,15.0,13.653396789664685,13.653396789664685,13.653396789664685,Planner B
SKU0029@LOC02,2025-11-10,2025-10-27,2,19.0,6.0,27.0,13.653396789664685,13.653396789664685,13.653396789664685,Planner B
SKU0029@LOC02,2025-11-17,2025-10-27,3,12.0,6.0,34.0,13.653396789664685,16.550910014991945,16.550910014991945,Planner B
SKU0029@LOC02,2025-11-24,2025-10-27,4,15.0,6.0,25.0,13.653396789664685,21.559716155430003,21.559716155430003,Planner B
SKU0029@LOC02,2025-12-01,2025-11-24,1,18.0,15.0,8.0,13.951793633699,13.951793633699,13.951793633699,Planner B
SKU0029@LOC02,2025-12-08,2025-11-24,2,15.0,15.0,17.0,13.951793633699,15.553854745439063,15.553854745439063,Planner B
SKU0029@LOC02,2025-12-15,2025-11-24,3,13.0,15.0,10.0,13.951793633699,15.002037502794433,15.002037502794433,Planner B
SKU0029@LOC02,2025-12-22,2025-11-24,4,10.0,15.0,15.0,13.951793633699,13.951793633699,13.951793633699,Planner B
SKU0029@LOC03,2025-05-19,2025-05-12,1,35.0,24.0,26.0,22.50930108725646,22.50930108725646,22.50930108725646,Planner C
SKU0029@LOC03,2025-05-26,2025-05-12,2,17.0,24.0,21.0,22.50930108725646,25.78914761569819,25.78914761569819,Planner C
SKU0029@LOC03,2025-06-02,2025-05-12,3,21.0,24.0,16.0,22.50930108725646,22.50930108725646,22.50930108725646,Planner C
SKU0029@LOC03,2025-06-09,2025-05-12,4,25.0,24.0,29.0,22.50930108725646,22.50930108725646,22.50930108725646,Planner C
SKU0029@LOC03,2025-06-16,2025-06-09,1,24.0,25.0,40.0,23.086852443348963,23.086852443348963,23.086852443348963,Planner C
SKU0029@LOC03,2025-06-23,2025-06-09,2,20.0,25.0,21.0,23.086852443348963,23.086852443348963,23.086852443348963,Planner C
SKU0029@LOC03,2025-06-30,2025-06-09,3,38.0,25.0,18.0,23.086852443348963,23.086852443348963,23.086852443348963,Planner C
SKU0029@LOC03,2025-07-07,2025-06-09,4,29.0,25.0,26.0,23.086852443348963,23.086852443348963,23.086852443348963,Planner C
SKU0029@LOC03,2025-07-14,2025-07-07,1,20.0,29.0,29.0,24.836883888081257,24.836883888081257,24.836883888081257,Planner C
SKU0029@LOC03,2025-07-21,2025-07-07,2,9.0,29.0,21.0,24.836883888081257,24.836883888081257,24.836883888081257,Planner C
SKU0029@LOC03,2025-07-28,2025-07-07,3,31.0,29.0,39.0,24.836883888081257,33.81525228329899,33.81525228329899,Planner C
SKU0029@LOC03,2025-08-04,2025-07-07,4,21.0,29.0,34.0,24.836883888081257,24.836883888081257,24.836883888081257,Planner C
SKU0029@LOC03,2025-08-11,2025-08-04,1,15.0,21.0,36.0,23.372479518970113,22.258183086980324,22.258183086980324,Planner C
SKU0029@LOC03,2025-08-18,2025-08-04,2,21.0,21.0,25.0,23.372479518970113,23.372479518970113,23.372479518970113,Planner C
SKU0029@LOC03,2025-08-25,2025-08-04,3,25.0,21.0,18.0,23.372479518970113,23.372479518970113,23.372479518970113,Planner C
SKU0029@LOC03,2025-09-01,2025-08-04,4,18.0,21.0,39.0,23.372479518970113,23.372479518970113,23.372479518970113,Planner C
SKU0029@LOC03,2025-09-08,2025-09-01,1,17.0,18.0,30.0,22.17918381239629,22.17918381239629,22.17918381239629,Planner C
SKU0029@LOC03,2025-09-15,2025-09-01,2,22.0,18.0,23.0,22.17918381239629,22.17918381239629,22.17918381239629,Planner C
SKU0029@LOC03,2025-09-22,2025-09-01,3,18.0,18.0,32.0,22.17918381239629,31.68459625510876,31.68459625510876,Planner C
SKU0029@LOC03,2025-09-29,2025-09-01,4,19.0,18.0,29.0,22.17918381239629,22.17918381239629,22.17918381239629,Planner C
SKU0029@LOC03,2025-10-06,2025-09-29,1,23.0,19.0,19.0,21.093062499313206,21.093062499313206,21.093062499313206,Planner C
SKU0029@LOC03,2025-10-13,2025-09-29,2,23.0,19.0,19.0,21.093062499313206,20.77144939973966,20.77144939973966,Planner C
SKU0029@LOC03,2025-10-20,2025-09-29,3,15.0,19.0,16.0,21.093062499313206,21.093062499313206,21.093062499313206,Planner C
SKU0029@LOC03,2025-10-27,2025-09-29,4,18.0,19.0,39.0,21.093062499313206,21.093062499313206,21.093062499313206,Planner C
SKU0029@LOC03,2025-11-03,2025-10-27,1,21.0,18.0,31.0,20.528858305799393,20.528858305799393,20.528858305799393,Planner C
SKU0029@LOC03,2025-11-10,2025-10-27,2,31.0,18.0,30.0,20.528858305799393,20.528858305799393,20.528858305799393,Planner C
SKU0029@LOC03,2025-11-17,2025-10-27,3,22.0,18.0,28.0,20.528858305799393,27.00324508953352,27.00324508953352,Planner C
SKU0029@LOC03,2025-11-24,2025-10-27,4,17.0,18.0,15.0,20.528858305799393,22.341712348241003,22.341712348241003,Planner C
SKU0029@LOC03,2025-12-01,2025-11-24,1,21.0,17.0,41.0,21.19088393443498,34.802114798486926,34.802114798486926,Planner C
SKU0029@LOC03,2025-12-08,2025-11-24,2,8.0,17.0,13.0,21.19088393443498,26.713027102698028,26.713027102698028,Planner C
SKU0029@LOC03,2025-12-15,2025-11-24,3,19.0,17.0,19.0,21.19088393443498,21.19088393443498,21.19088393443498,Planner C
SKU0029@LOC03,2025-12-22,2025-11-24,4,22.0,17.0,23.0,21.19088393443498,21.19088393443498,21.19088393443498,Planner C
SKU0030@LOC01,2025-05-19,2025-05-12,1,18.0,17.0,15.0,19.273048421181162,15.679064512683187,16.463017738317347,Planner D
SKU0030@LOC01,2025-05-26,2025-05-12,2,27.0,17.0,19.0,19.273048421181162,19.273048421181162,20.23670084224022,Planner D
SKU0030@LOC01,2025-06-02,2025-05-12,3,53.0,17.0,10.0,19.273048421181162,19.273048421181162,20.23670084224022,Planner D
SKU0030@LOC01,2025-06-09,2025-05-12,4,20.0,17.0,15.0,19.273048421181162,19.273048421181162,20.23670084224022,Planner D
SKU0030@LOC01,2025-06-16,2025-06-09,1,20.0,20.0,11.0,28.22062209973347,28.22062209973347,29.63165320472014,Planner D
SKU0030@LOC01,2025-06-23,2025-06-09,2,29.0,20.0,15.0,28.22062209973347,28.22062209973347,29.63165320472014,Planner D
SKU0030@LOC01,2025-06-30,2025-06-09,3,32.0,20.0,20.0,28.22062209973347,28.22062209973347,29.63165320472014,Planner D
SKU0030@LOC01,2025-07-07,2025-06-09,4,21.0,20.0,13.0,28.22062209973347,29.973972341696577,31.472670958781407,Planner D
SKU0030@LOC01,2025-07-14,2025-07-07,1,19.0,21.0,17.0,26.00012021217056,26.00012021217056,27.30012622277909,Planner D
SKU0030@LOC01,2025-07-21,2025-07-07,2,28.0,21.0,16.0,26.00012021217056,26.00012021217056,27.30012622277909,Planner D
SKU0030@LOC01,2025-07-28,2025-07-07,3,30.0,21.0,15.0,26.00012021217056,26.00012021217056,27.30012622277909,Planner D
SKU0030@LOC01,2025-08-04,2025-07-07,4,35.0,21.0,27.0,26.00012021217056,26.00012021217056,27.30012622277909,Planner D
SKU0030@LOC01,2025-08-11,2025-08-04,1,26.0,35.0,13.0,29.113728862942153,29.113728862942153,30.56941530608926,Planner D
SKU0030@LOC01,2025-08-18,2025-08-04,2,59.0,35.0,23.0,29.113728862942153,29.113728862942153,30.56941530608926,Planner D
SKU0030@LOC01,2025-08-25,2025-08-04,3,38.0,35.0,30.0,29.113728862942153,29.113728862942153,30.56941530608926,Planner D
SKU0030@LOC01,2025-09-01,2025-08-04,4,26.0,35.0,22.0,29.113728862942153,29.113728862942153,30.56941530608926,Planner D
SKU0030@LOC01,2025-09-08,2025-09-01,1,40.0,26.0,17.0,34.11860629999241,34.11860629999241,35.82453661499203,Planner D
SKU0030@LOC01,2025-09-15,2025-09-01,2,31.0,26.0,22.0,34.11860629999241,34.11860629999241,35.82453661499203,Planner D
SKU0030@LOC01,2025-09-22,2025-09-01,3,32.0,26.0,18.0,34.11860629999241,33.932114027320665,35.6287197286867,Planner D
SKU0030@LOC01,2025-09-29,2025-09-01,4,20.0,26.0,24.0,34.11860629999241,34.11860629999241,35.82453661499203,Planner D
SKU0030@LOC01,2025-10-06,2025-09-29,1,50.0,20.0,33.0,29.584877372628178,41.85522492348018,43.94798616965419,Planner D
SKU0030@LOC01,2025-10-13,2025-09-29,2,61.0,20.0,45.0,29.584877372628178,21.135198262355814,22.191958175473605,Planner D
SKU0030@LOC01,2025-10-20,2025-09-29,3,30.0,20.0,41.0,29.584877372628178,29.584877372628178,31.06412124125959,Planner D
SKU0030@LOC01,2025-10-27,2025-09-29,4,50.0,20.0,33.0,29.584877372628178,29.584877372628178,31.06412124125959,Planner D
SKU0030@LOC01,2025-11-03,2025-10-27,1,48.0,50.0,45.0,42.515329057168024,74.24957409399657,77.9620527986964,Planner D
SKU0030@LOC01,2025-11-10,2025-10-27,2,36.0,50.0,29.0,42.515329057168024,50.2527015606002,52.76533663863022,Planner D
SKU0030@LOC01,2025-11-17,2025-10-27,3,46.0,50.0,26.0,42.515329057168024,59.065255761435736,62.018518549507526,Planner D
SKU0030@LOC01,2025-11-24,2025-10-27,4,42.0,50.0,32.0,42.515329057168024,42.515329057168024,44.641095510026425,Planner D
SKU0030@LOC01,2025-12-01,2025-11-24,1,50.0,42.0,29.0,42.69913050662605,42.69913050662605,44.83408703195735,Planner D
SKU0030@LOC01,2025-12-08,2025-11-24,2,53.0,42.0,34.0,42.69913050662605,53.46081223170906,56.13385284329452,Planner D
SKU0030@LOC01,2025-12-15,2025-11-24,3,33.0,42.0,20.0,42.69913050662605,61.93865914385249,65.03559210104511,Planner D
SKU0030@LOC01,2025-12-22,2025-11-24,4,49.0,42.0,33.0,42.69913050662605,42.69913050662605,44.83408703195735,Planner D
SKU0030@LOC02,2025-05-19,2025-05-12,1,8.0,12.0,18.0,16.913409532215297,17.974203059741473,18.872913212728548,Planner A
SKU0030@LOC02,2025-05-26,2025-05-12,2,9.0,12.0,11.0,16.913409532215297,16.913409532215297,17.759080008826064,Planner A
SKU0030@LOC02,2025-06-02,2025-05-12,3,14.0,12.0,9.0,16.913409532215297,16.913409532215297,17.759080008826064,Planner A
SKU0030@LOC02,2025-06-09,2025-05-12,4,10.0,12.0,15.0,16.913409532215297,16.913409532215297,17.759080008826064,Planner A
SKU0030@LOC02,2025-06-16,2025-06-09,1,16.0,10.0,13.0,12.585883484802498,15.30719309800303,16.07255275290318,Planner A
SKU0030@LOC02,2025-06-23,2025-06-09,2,7.0,10.0,5.0,12.585883484802498,12.585883484802498,13.215177659042624,Planner A
SKU0030@LOC02,2025-06-30,2025-06-09,3,8.0,10.0,19.0,12.585883484802498,17.171344159708894,18.02991136769434,Planner A
SKU0030@LOC02,2025-07-07,2025-06-09,4,11.0,10.0,11.0,12.585883484802498,12.585883484802498,13.215177659042624,Planner A
SKU0030@LOC02,2025-07-14,2025-07-07,1,8.0,11.0,18.0,10.90412719636329,10.90412719636329,11.449333556181456,Planner A
SKU0030@LOC02,2025-07-21,2025-07-07,2,14.0,11.0,16.0,10.90412719636329,10.90412719636329,11.449333556181456,Planner A
SKU0030@LOC02,2025-07-28,2025-07-07,3,23.0,11.0,7.0,10.90412719636329,10.90412719636329,11.449333556181456,Planner A
SKU0030@LOC02,2025-08-04,2025-07-07,4,20.0,11.0,22.0,10.90412719636329,14.412943392886682,15.133590562531017,Planner A
SKU0030@LOC02,2025-08-11,2025-08-04,1,23.0,20.0,22.0,15.575133995724322,15.575133995724322,16.35389069551054,Planner A
SKU0030@LOC02,2025-08-18,2025-08-04,2,16.0,20.0,17.0,15.575133995724322,15.575133995724322,16.35389069551054,Planner A
SKU0030@LOC02,2025-08-25,2025-08-04,3,16.0,20.0,26.0,15.575133995724322,17.29344587641164,18.15811817023222,Planner A
SKU0030@LOC02,2025-09-01,2025-08-04,4,26.0,20.0,10.0,15.575133995724322,15.575133995724322,16.35389069551054,Planner A
SKU0030@LOC02,2025-09-08,2025-09-01,1,21.0,26.0,22.0,19.10385099083465,19.10385099083465,20.059043540376386,Planner A
SKU0030@LOC02,2025-09-15,2025-09-01,2,37.0,26.0,8.0,19.10385099083465,19.10385099083465,20.059043540376386,Planner A
SKU0030@LOC02,2025-09-22,2025-09-01,3,10.0,26.0,16.0,19.10385099083465,19.10385099083465,20.059043540376386,Planner A
SKU0030@LOC02,2025-09-29,2025-09-01,4,17.0,26.0,24.0,19.10385099083465,19.10385099083465,20.059043540376386,Planner A
SKU0030@LOC02,2025-10-06,2025-09-29,1,20.0,17.0,23.0,19.58754660256878,19.58754660256878,20.566923932697218,Planner A
SKU0030@LOC02,2025-10-13,2025-09-29,2,27.0,17.0,20.0,19.58754660256878,27.92993120384801,29.32642776404041,Planner A
SKU0030@LOC02,2025-10-20,2025-09-29,3,29.0,17.0,28.0,19.58754660256878,19.58754660256878,20.566923932697218,Planner A
SKU0030@LOC02,2025-10-27,2025-09-29,4,36.0,17.0,20.0,19.58754660256878,16.437322921456314,17.25918906752913,Planner A
SKU0030@LOC02,2025-11-03,2025-10-27,1,25.0,36.0,16.0,26.541372167219023,26.541372167219023,27.868440775579977,Planner A
SKU0030@LOC02,2025-11-10,2025-10-27,2,38.0,36.0,32.0,26.541372167219023,26.541372167219023,27.868440775579977,Planner A
SKU0030@LOC02,2025-11-17,2025-10-27,3,22.0,36.0,13.0,26.541372167219023,26.541372167219023,27.868440775579977,Planner A
SKU0030@LOC02,2025-11-24,2025-10-27,4,36.0,36.0,29.0,26.541372167219023,21.833779294428858,22.925468259150303,Planner A
SKU0030@LOC02,2025-12-01,2025-11-24,1,29.0,36.0,22.0,29.503324787284143,33.65314604080557,35.33580334284585,Planner A
SKU0030@LOC02,2025-12-08,2025-11-24,2,26.0,36.0,27.0,29.503324787284143,29.503324787284143,30.978491026648353,Planner A
SKU0030@LOC02,2025-12-15,2025-11-24,3,32.0,36.0,32.0,29.503324787284143,22.005592311658326,23.105871927241243,Planner A
SKU0030@LOC02,2025-12-22,2025-11-24,4,29.0,36.0,21.0,29.503324787284143,40.82909924801537,42.87055421041614,Planner A
SKU0030@LOC03,2025-05-19,2025-05-12,1,24.0,23.0,11.0,21.243445014595917,21.243445014595917,22.305617265325715,Planner B
SKU0030@LOC03,2025-05-26,2025-05-12,2,15.0,23.0,22.0,21.243445014595917,21.243445014595917,22.305617265325715,Planner B
SKU0030@LOC03,2025-06-02,2025-05-12,3,17.0,23.0,10.0,21.243445014595917,21.243445014595917,22.305617265325715,Planner B
SKU0030@LOC03,2025-06-09,2025-05-12,4,30.0,23.0,7.0,21.243445014595917,21.243445014595917,22.305617265325715,Planner B
SKU0030@LOC03,2025-06-16,2025-06-09,1,16.0,30.0,15.0,22.34515114800448,22.34515114800448,23.462408705404705,Planner B
SKU0030@LOC03,2025-06-23,2025-06-09,2,36.0,30.0,17.0,22.34515114800448,22.34515114800448,23.462408705404705,Planner B
SKU0030@LOC03,2025-06-30,2025-06-09,3,43.0,30.0,14.0,22.34515114800448,22.34515114800448,23.462408705404705,Planner B
SKU0030@LOC03,2025-07-07,2025-06-09,4,17.0,30.0,22.0,22.34515114800448,22.34515114800448,23.462408705404705,Planner B
SKU0030@LOC03,2025-07-14,2025-07-07,1,30.0,17.0,12.0,26.433470790635873,26.433470790635873,27.755144330167667,Planner B
SKU0030@LOC03,2025-07-21,2025-07-07,2,28.0,17.0,22.0,26.433470790635873,26.433470790635873,27.755144330167667,Planner B
SKU0030@LOC03,2025-07-28,2025-07-07,3,24.0,17.0,20.0,26.433470790635873,26.433470790635873,27.755144330167667,Planner B
SKU0030@LOC03,2025-08-04,2025-07-07,4,29.0,17.0,19.0,26.433470790635873,26.433470790635873,27.755144330167667,Planner B
SKU0030@LOC03,2025-08-11,2025-08-04,1,24.0,29.0,19.0,27.289676336831675,27.289676336831675,28.65416015367326,Planner B
SKU0030@LOC03,2025-08-18,2025-08-04,2,34.0,29.0,30.0,27.289676336831675,27.289676336831675,28.65416015367326,Planner B
SKU0030@LOC03,2025-08-25,2025-08-04,3,28.0,29.0,25.0,27.289676336831675,27.289676336831675,28.65416015367326,Planner B
SKU0030@LOC03,2025-09-01,2025-08-04,4,14.0,29.0,32.0,27.289676336831675,33.21782403681899,34.87871523865994,Planner B
SKU0030@LOC03,2025-09-08,2025-09-01,1,23.0,14.0,45.0,24.099851288473285,24.099851288473285,25.30484385289695,Planner B
SKU0030@LOC03,2025-09-15,2025-09-01,2,32.0,14.0,24.0,24.099851288473285,29.65685310363616,31.139695758817968,Planner B
SKU0030@LOC03,2025-09-22,2025-09-01,3,38.0,14.0,33.0,24.099851288473285,24.099851288473285,25.30484385289695,Planner B
SKU0030@LOC03,2025-09-29,2025-09-01,4,43.0,14.0,35.0,24.099851288473285,24.099851288473285,25.30484385289695,Planner B
SKU0030@LOC03,2025-10-06,2025-09-29,1,42.0,43.0,24.0,33.737074294362436,33.737074294362436,35.42392800908056,Planner B
SKU0030@LOC03,2025-10-13,2025-09-29,2,45.0,43.0,33.0,33.737074294362436,26.428085413564474,27.7494896842427,Planner B
SKU0030@LOC03,2025-10-20,2025-09-29,3,67.0,43.0,28.0,33.737074294362436,33.737074294362436,35.42392800908056,Planner B
SKU0030@LOC03,2025-10-27,2025-09-29,4,51.0,43.0,30.0,33.737074294362436,33.737074294362436,35.42392800908056,Planner B
SKU0030@LOC03,2025-11-03,2025-10-27,1,42.0,51.0,42.0,48.40707153807642,42.44454025084365,44.566767263385834,Planner B
SKU0030@LOC03,2025-11-10,2025-10-27,2,48.0,51.0,50.0,48.40707153807642,63.05051295531375,66.20303860307943,Planner B
SKU0030@LOC03,2025-11-17,2025-10-27,3,17.0,51.0,35.0,48.40707153807642,43.53617604527692,45.71298484754077,Planner B
SKU0030@LOC03,2025-11-24,2025-10-27,4,54.0,51.0,107.0,48.40707153807642,49.3396713457148,51.80665491300054,Planner B
SKU0030@LOC03,2025-12-01,2025-11-24,1,39.0,54.0,38.0,42.77033787629215,63.49101848255293,66.66556940668058,Planner B
SKU0030@LOC03,2025-12-08,2025-11-24,2,60.0,54.0,56.0,42.77033787629215,42.77033787629215,44.908854770106764,Planner B
SKU0030@LOC03,2025-12-15,2025-11-24,3,27.0,54.0,33.0,42.77033787629215,42.77033787629215,44.908854770106764,Planner B
SKU0030@LOC03,2025-12-22,2025-11-24,4,50.0,54.0,35.0,42.77033787629215,49.747419432944525,52.234790404591756,Planner B
SKU0031@LOC01,2025-05-19,2025-05-12,1,16.0,20.0,21.0,16.364902097086343,14.67186867727581,15.405462111139602,Planner C
SKU0031@LOC01,2025-05-26,2025-05-12,2,11.0,20.0,11.0,16.364902097086343,14.442235771516543,15.164347560092372,Planner C
SKU0031@LOC01,2025-06-02,2025-05-12,3,15.0,20.0,18.0,16.364902097086343,16.364902097086343,17.18314720194066,Planner C
SKU0031@LOC01,2025-06-09,2025-05-12,4,15.0,20.0,17.0,16.364902097086343,16.364902097086343,17.18314720194066,Planner C
SKU0031@LOC01,2025-06-16,2025-06-09,1,23.0,15.0,17.0,15.974090038714932,15.974090038714932,16.77279454065068,Planner C
SKU0031@LOC01,2025-06-23,2025-06-09,2,20.0,15.0,14.0,15.974090038714932,18.18765657241888,19.097039401039826,Planner C
SKU0031@LOC01,2025-06-30,2025-06-09,3,11.0,15.0,19.0,15.974090038714932,20.831575424697576,21.873154195932454,Planner C
SKU0031@LOC01,2025-07-07,2025-06-09,4,18.0,15.0,24.0,15.974090038714932,15.974090038714932,16.77279454065068,Planner C
SKU0031@LOC01,2025-07-14,2025-07-07,1,15.0,18.0,8.0,16.321977424596053,23.34947631403989,24.516950129741886,Planner C
SKU0031@LOC01,2025-07-21,2025-07-07,2,17.0,18.0,14.0,16.321977424596053,24.373198498130826,25.59185842303737,Planner C
SKU0031@LOC01,2025-07-28,2025-07-07,3,17.0,18.0,17.0,16.321977424596053,27.049635482473732,28.40211725659742,Planner C
SKU0031@LOC01,2025-08-04,2025-07-07,4,13.0,18.0,35.0,16.321977424596053,16.321977424596053,17.138076295825858,Planner C
SKU0031@LOC01,2025-08-11,2025-08-04,1,14.0,13.0,20.0,16.16200887469239,16.16200887469239,16.97010931842701,Planner C
SKU0031@LOC01,2025-08-18,2025-08-04,2,10.0,13.0,15.0,16.16200887469239,16.16200887469239,16.97010931842701,Planner C
SKU0031@LOC01,2025-08-25,2025-08-04,3,16.0,13.0,19.0,16.16200887469239,16.16200887469239,16.97010931842701,Planner C
SKU0031@LOC01,2025-09-01,2025-08-04,4,9.0,13.0,15.0,16.16200887469239,14.382714490820558,15.101850215361585,Planner C
SKU0031@LOC01,2025-09-08,2025-09-01,1,18.0,9.0,16.0,15.425469740992417,15.425469740992417,16.19674322804204,Planner C
SKU0031@LOC01,2025-09-15,2025-09-01,2,13.0,9.0,9.0,15.425469740992417,23.320683067007977,24.486717220358376,Planner C
SKU0031@LOC01,2025-09-22,2025-09-01,3,16.0,9.0,19.0,15.425469740992417,15.425469740992417,16.19674322804204,Planner C
SKU0031@LOC01,2025-09-29,2025-09-01,4,25.0,9.0,42.0,15.425469740992417,15.425469740992417,16.19674322804204,Planner C
SKU0031@LOC01,2025-10-06,2025-09-29,1,16.0,25.0,12.0,15.932404013224206,15.932404013224206,16.729024213885417,Planner C
SKU0031@LOC01,2025-10-13,2025-09-29,2,14.0,25.0,16.0,15.932404013224206,15.932404013224206,16.729024213885417,Planner C
SKU0031@LOC01,2025-10-20,2025-09-29,3,11.0,25.0,13.0,15.932404013224206,14.423247738131948,15.144410125038547,Planner C
SKU0031@LOC01,2025-10-27,2025-09-29,4,19.0,25.0,16.0,15.932404013224206,15.932404013224206,16.729024213885417,Planner C
SKU0031@LOC01,2025-11-03,2025-10-27,1,26.0,19.0,23.0,15.767192646296198,15.767192646296198,16.55555227861101,Planner C
SKU0031@LOC01,2025-11-10,2025-10-27,2,21.0,19.0,16.0,15.767192646296198,15.767192646296198,16.55555227861101,Planner C
SKU0031@LOC01,2025-11-17,2025-10-27,3,17.0,19.0,17.0,15.767192646296198,15.767192646296198,16.55555227861101,Planner C
SKU0031@LOC01,2025-11-24,2025-10-27,4,19.0,19.0,21.0,15.767192646296198,16.052359663869787,16.854977647063276,Planner C
SKU0031@LOC01,2025-12-01,2025-11-24,1,15.0,19.0,12.0,16.662189455362288,16.662189455362288,17.495298928130403,Planner C
SKU0031@LOC01,2025-12-08,2025-11-24,2,20.0,19.0,17.0,16.662189455362288,16.662189455362288,17.495298928130403,Planner C
SKU0031@LOC01,2025-12-15,2025-11-24,3,14.0,19.0,13.0,16.662189455362288,16.662189455362288,17.495298928130403,Planner C
SKU0031@LOC01,2025-12-22,2025-11-24,4,10.0,19.0,14.0,16.662189455362288,25.24538829547557,26.50765771024935,Planner C
SKU0031@LOC02,2025-05-19,2025-05-12,1,13.0,10.0,15.0,12.794979840196435,12.794979840196435,13.434728832206257,Planner D
SKU0031@LOC02,2025-05-26,2025-05-12,2,9.0,10.0,17.0,12.794979840196435,12.794979840196435,13.434728832206257,Planner D
SKU0031@LOC02,2025-06-02,2025-05-12,3,11.0,10.0,12.0,12.794979840196435,12.794979840196435,13.434728832206257,Planner D
SKU0031@LOC02,2025-06-09,2025-05-12,4,11.0,10.0,9.0,12.794979840196435,14.124674213701546,14.830907924386624,Planner D
SKU0031@LOC02,2025-06-16,2025-06-09,1,21.0,11.0,12.0,12.457509798463997,15.55556446771465,16.333342691100384,Planner D
SKU0031@LOC02,2025-06-23,2025-06-09,2,10.0,11.0,12.0,12.457509798463997,12.457509798463997,13.080385288387198,Planner D
SKU0031@LOC02,2025-06-30,2025-06-09,3,7.0,11.0,12.0,12.457509798463997,20.155874461840597,21.16366818493263,Planner D
SKU0031@LOC02,2025-07-07,2025-06-09,4,23.0,11.0,16.0,12.457509798463997,12.457509798463997,13.080385288387198,Planner D
SKU0031@LOC02,2025-07-14,2025-07-07,1,8.0,23.0,9.0,12.980713340285167,12.980713340285167,13.629749007299425,Planner D
SKU0031@LOC02,2025-07-21,2025-07-07,2,17.0,23.0,9.0,12.980713340285167,11.52321416169143,12.099374869776002,Planner D
SKU0031@LOC02,2025-07-28,2025-07-07,3,9.0,23.0,10.0,12.980713340285167,16.993478666817495,17.84315260015837,Planner D
SKU0031@LOC02,2025-08-04,2025-07-07,4,17.0,23.0,15.0,12.980713340285167,12.980713340285167,13.629749007299425,Planner D
SKU0031@LOC02,2025-08-11,2025-08-04,1,14.0,17.0,10.0,12.960447145120645,10.355517742400519,10.873293629520544,Planner D
SKU0031@LOC02,2025-08-18,2025-08-04,2,5.0,17.0,12.0,12.960447145120645,12.960447145120645,13.608469502376677,Planner D
SKU0031@LOC02,2025-08-25,2025-08-04,3,12.0,17.0,7.0,12.960447145120645,12.960447145120645,13.608469502376677,Planner D
SKU0031@LOC02,2025-09-01,2025-08-04,4,16.0,17.0,18.0,12.960447145120645,12.960447145120645,13.608469502376677,Planner D
SKU0031@LOC02,2025-09-08,2025-09-01,1,9.0,16.0,9.0,12.752152702495422,12.752152702495422,13.389760337620194,Planner D
SKU0031@LOC02,2025-09-15,2025-09-01,2,12.0,16.0,9.0,12.752152702495422,12.752152702495422,13.389760337620194,Planner D
SKU0031@LOC02,2025-09-22,2025-09-01,3,6.0,16.0,7.0,12.752152702495422,12.752152702495422,13.389760337620194,Planner D
SKU0031@LOC02,2025-09-29,2025-09-01,4,17.0,16.0,21.0,12.752152702495422,14.65604294815555,15.388845095563328,Planner D
SKU0031@LOC02,2025-10-06,2025-09-29,1,12.0,17.0,11.0,12.449026827136914,12.449026827136914,13.07147816849376,Planner D
SKU0031@LOC02,2025-10-13,2025-09-29,2,24.0,17.0,8.0,12.449026827136914,12.449026827136914,13.07147816849376,Planner D
SKU0031@LOC02,2025-10-20,2025-09-29,3,12.0,17.0,8.0,12.449026827136914,12.449026827136914,13.07147816849376,Planner D
SKU0031@LOC02,2025-10-27,2025-09-29,4,11.0,17.0,10.0,12.449026827136914,12.449026827136914,13.07147816849376,Planner D
SKU0031@LOC02,2025-11-03,2025-10-27,1,14.0,11.0,8.0,12.857235157120686,12.857235157120686,13.500096914976721,Planner D
SKU0031@LOC02,2025-11-10,2025-10-27,2,10.0,11.0,16.0,12.857235157120686,14.176445293207083,14.885267557867438,Planner D
SKU0031@LOC02,2025-11-17,2025-10-27,3,15.0,11.0,11.0,12.857235157120686,19.21345520508434,20.17412796533856,Planner D
SKU0031@LOC02,2025-11-24,2025-10-27,4,14.0,11.0,21.0,12.857235157120686,20.451556008307822,21.474133808723213,Planner D
SKU0031@LOC02,2025-12-01,2025-11-24,1,16.0,14.0,10.0,12.93621089319453,12.93621089319453,13.583021437854258,Planner D
SKU0031@LOC02,2025-12-08,2025-11-24,2,14.0,14.0,13.0,12.93621089319453,16.34065337579686,17.157686044586704,Planner D
SKU0031@LOC02,2025-12-15,2025-11-24,3,16.0,14.0,5.0,12.93621089319453,12.93621089319453,13.583021437854258,Planner D
SKU0031@LOC02,2025-12-22,2025-11-24,4,8.0,14.0,14.0,12.93621089319453,13.50087805160994,14.175921954190438,Planner D
SKU0031@LOC03,2025-05-19,2025-05-12,1,21.0,9.0,25.0,15.349285219484889,18.665443271184156,19.598715434743365,Planner A
SKU0031@LOC03,2025-05-26,2025-05-12,2,9.0,9.0,20.0,15.349285219484889,15.349285219484889,16.116749480459134,Planner A
SKU0031@LOC03,2025-06-02,2025-05-12,3,8.0,9.0,19.0,15.349285219484889,15.349285219484889,16.116749480459134,Planner A
SKU0031@LOC03,2025-06-09,2025-05-12,4,20.0,9.0,10.0,15.349285219484889,15.349285219484889,16.116749480459134,Planner A
SKU0031@LOC03,2025-06-16,2025-06-09,1,16.0,20.0,14.0,15.050566032504037,15.050566032504037,15.80309433412924,Planner A
SKU0031@LOC03,2025-06-23,2025-06-09,2,15.0,20.0,15.0,15.050566032504037,15.050566032504037,15.80309433412924,Planner A
SKU0031@LOC03,2025-06-30,2025-06-09,3,14.0,20.0,10.0,15.050566032504037,19.617559693453895,20.59843767812659,Planner A
SKU0031@LOC03,2025-07-07,2025-06-09,4,8.0,20.0,18.0,15.050566032504037,15.050566032504037,15.80309433412924,Planner A
SKU0031@LOC03,2025-07-14,2025-07-07,1,11.0,8.0,26.0,14.316076373925899,19.090519395258887,20.04504536502183,Planner A
SKU0031@LOC03,2025-07-21,2025-07-07,2,10.0,8.0,18.0,14.316076373925899,14.316076373925899,15.031880192622195,Planner A
SKU0031@LOC03,2025-07-28,2025-07-07,3,15.0,8.0,17.0,14.316076373925899,14.316076373925899,15.031880192622195,Planner A
SKU0031@LOC03,2025-08-04,2025-07-07,4,22.0,8.0,15.0,14.316076373925899,14.316076373925899,15.031880192622195,Planner A
SKU0031@LOC03,2025-08-11,2025-08-04,1,22.0,22.0,21.0,14.554677708932783,20.535517487816836,21.56229336220768,Planner A
SKU0031@LOC03,2025-08-18,2025-08-04,2,20.0,22.0,14.0,14.554677708932783,20.94647606285634,21.993799865999158,Planner A
SKU0031@LOC03,2025-08-25,2025-08-04,3,18.0,22.0,16.0,14.554677708932783,18.990417068254974,19.939937921667724,Planner A
SKU0031@LOC03,2025-09-01,2025-08-04,4,19.0,22.0,16.0,14.554677708932783,14.554677708932783,15.282411594379422,Planner A
SKU0031@LOC03,2025-09-08,2025-09-01,1,24.0,19.0,17.0,16.2931240448308,16.2931240448308,17.10778024707234,Planner A
SKU0031@LOC03,2025-09-15,2025-09-01,2,21.0,19.0,14.0,16.2931240448308,16.2931240448308,17.10778024707234,Planner A
SKU0031@LOC03,2025-09-22,2025-09-01,3,14.0,19.0,24.0,16.2931240448308,18.61487153098775,19.545615107537138,Planner A
SKU0031@LOC03,2025-09-29,2025-09-01,4,11.0,19.0,27.0,16.2931240448308,16.2931240448308,17.10778024707234,Planner A
SKU0031@LOC03,2025-10-06,2025-09-29,1,17.0,11.0,14.0,16.50051868581349,18.697336726683123,19.632203563017278,Planner A
SKU0031@LOC03,2025-10-13,2025-09-29,2,7.0,11.0,17.0,16.50051868581349,16.50051868581349,17.325544620104164,Planner A
SKU0031@LOC03,2025-10-20,2025-09-29,3,25.0,11.0,18.0,16.50051868581349,16.50051868581349,17.325544620104164,Planner A
SKU0031@LOC03,2025-10-27,2025-09-29,4,21.0,11.0,30.0,16.50051868581349,18.952326780496655,19.899943119521488,Planner A
SKU0031@LOC03,2025-11-03,2025-10-27,1,13.0,21.0,28.0,16.98229030976223,16.98229030976223,17.831404825250342,Planner A
SKU0031@LOC03,2025-11-10,2025-10-27,2,18.0,21.0,21.0,16.98229030976223,16.32839220164042,17.14481181172244,Planner A
SKU0031@LOC03,2025-11-17,2025-10-27,3,17.0,21.0,14.0,16.98229030976223,16.98229030976223,17.831404825250342,Planner A
SKU0031@LOC03,2025-11-24,2025-10-27,4,16.0,21.0,17.0,16.98229030976223,16.98229030976223,17.831404825250342,Planner A
SKU0031@LOC03,2025-12-01,2025-11-24,1,12.0,16.0,20.0,16.677780672235002,13.201145588448362,13.861202867870782,Planner A
SKU0031@LOC03,2025-12-08,2025-11-24,2,16.0,16.0,24.0,16.677780672235002,16.677780672235002,17.511669705846753,Planner A
SKU0031@LOC03,2025-12-15,2025-11-24,3,9.0,16.0,20.0,16.677780672235002,16.677780672235002,17.511669705846753,Planner A
SKU0031@LOC03,2025-12-22,2025-11-24,4,13.0,16.0,10.0,16.677780672235002,16.677780672235002,17.511669705846753,Planner A
SKU0032@LOC01,2025-05-19,2025-05-12,1,4.0,4.0,1.0,3.3454425711797025,3.3454425711797025,3.3454425711797025,Planner B
SKU0032@LOC01,2025-05-26,2025-05-12,2,5.0,4.0,1.0,3.3454425711797025,3.3454425711797025,3.3454425711797025,Planner B
SKU0032@LOC01,2025-06-02,2025-05-12,3,3.0,4.0,2.0,3.3454425711797025,3.3454425711797025,3.3454425711797025,Planner B
SKU0032@LOC01,2025-06-09,2025-05-12,4,3.0,4.0,5.0,3.3454425711797025,3.3454425711797025,3.3454425711797025,Planner B
SKU0032@LOC01,2025-06-16,2025-06-09,1,16.0,3.0,3.0,3.4535324079716467,3.4535324079716467,3.4535324079716467,Planner B
SKU0032@LOC01,2025-06-23,2025-06-09,2,2.0,3.0,6.0,3.4535324079716467,3.909935984074983,3.909935984074983,Planner B
SKU0032@LOC01,2025-06-30,2025-06-09,3,12.0,3.0,3.0,3.4535324079716467,5.395142011475409,5.395142011475409,Planner B
SKU0032@LOC01,2025-07-07,2025-06-09,4,3.0,3.0,3.0,3.4535324079716467,3.4535324079716467,3.4535324079716467,Planner B
SKU0032@LOC01,2025-07-14,2025-07-07,1,3.0,3.0,2.0,6.198382148904439,6.940658888701313,6.940658888701313,Planner B
SKU0032@LOC01,2025-07-21,2025-07-07,2,4.0,3.0,3.0,6.198382148904439,9.23834943669162,9.23834943669162,Planner B
SKU0032@LOC01,2025-07-28,2025-07-07,3,2.0,3.0,1.0,6.198382148904439,7.172394324858999,7.172394324858999,Planner B
SKU0032@LOC01,2025-08-04,2025-07-07,4,1.0,3.0,3.0,6.198382148904439,6.198382148904439,6.198382148904439,Planner B
SKU0032@LOC01,2025-08-11,2025-08-04,1,3.0,1.0,4.0,3.1049315539519555,3.8911119451700227,3.8911119451700227,Planner B
SKU0032@LOC01,2025-08-18,2025-08-04,2,14.0,1.0,7.0,3.1049315539519555,3.1049315539519555,3.1049315539519555,Planner B
SKU0032@LOC01,2025-08-25,2025-08-04,3,3.0,1.0,3.0,3.1049315539519555,3.1049315539519555,3.1049315539519555,Planner B
SKU0032@LOC01,2025-09-01,2025-08-04,4,1.0,1.0,3.0,3.1049315539519555,3.1049315539519555,3.1049315539519555,Planner B
SKU0032@LOC01,2025-09-08,2025-09-01,1,4.0,1.0,0.0,4.042194066103864,4.042194066103864,4.042194066103864,Planner B
SKU0032@LOC01,2025-09-15,2025-09-01,2,3.0,1.0,3.0,4.042194066103864,4.042194066103864,4.042194066103864,Planner B
SKU0032@LOC01,2025-09-22,2025-09-01,3,9.0,1.0,6.0,4.042194066103864,4.042194066103864,4.042194066103864,Planner B
SKU0032@LOC01,2025-09-29,2025-09-01,4,6.0,1.0,3.0,4.042194066103864,4.042194066103864,4.042194066103864,Planner B
SKU0032@LOC01,2025-10-06,2025-09-29,1,5.0,6.0,6.0,5.513130795271538,5.513130795271538,5.513130795271538,Planner B
SKU0032@LOC01,2025-10-13,2025-09-29,2,1.0,6.0,5.0,5.513130795271538,6.128297499328443,6.128297499328443,Planner B
SKU0032@LOC01,2025-10-20,2025-09-29,3,7.0,6.0,4.0,5.513130795271538,5.513130795271538,5.513130795271538,Planner B
SKU0032@LOC01,2025-10-27,2025-09-29,4,7.0,6.0,8.0,5.513130795271538,10.285647100483162,10.285647100483162,Planner B
SKU0032@LOC01,2025-11-03,2025-10-27,1,4.0,7.0,5.0,5.555202703944696,5.555202703944696,5.555202703944696,Planner B
SKU0032@LOC01,2025-11-10,2025-10-27,2,5.0,7.0,1.0,5.555202703944696,5.555202703944696,5.555202703944696,Planner B
SKU0032@LOC01,2025-11-17,2025-10-27,3,8.0,7.0,6.0,5.555202703944696,9.44555853290732,9.44555853290732,Planner B
SKU0032@LOC01,2025-11-24,2025-10-27,4,14.0,7.0,10.0,5.555202703944696,5.555202703944696,5.555202703944696,Planner B
SKU0032@LOC01,2025-12-01,2025-11-24,1,1.0,14.0,2.0,8.360404169217121,12.975276018190556,12.975276018190556,Planner B
SKU0032@LOC01,2025-12-08,2025-11-24,2,4.0,14.0,10.0,8.360404169217121,8.360404169217121,8.360404169217121,Planner B
SKU0032@LOC01,2025-12-15,2025-11-24,3,2.0,14.0,13.0,8.360404169217121,8.360404169217121,8.360404169217121,Planner B
SKU0032@LOC01,2025-12-22,2025-11-24,4,13.0,14.0,12.0,8.360404169217121,11.474040541049275,11.474040541049275,Planner B
SKU0032@LOC02,2025-05-19,2025-05-12,1,1.0,2.0,2.0,3.441294993241583,2.625981760669622,2.625981760669622,Planner C
SKU0032@LOC02,2025-05-26,2025-05-12,2,0.0,2.0,3.0,3.441294993241583,3.441294993241583,3.441294993241583,Planner C
SKU0032@LOC02,2025-06-02,2025-05-12,3,1.0,2.0,0.0,3.441294993241583,1.9522057211692156,1.9522057211692156,Planner C
SKU0032@LOC02,2025-06-09,2025-05-12,4,2.0,2.0,0.0,3.441294993241583,3.441294993241583,3.441294993241583,Planner C
SKU0032@LOC02,2025-06-16,2025-06-09,1,0.0,2.0,4.0,2.993325030088977,2.993325030088977,2.993325030088977,Planner C
SKU0032@LOC02,2025-06-23,2025-06-09,2,3.0,2.0,2.0,2.993325030088977,2.993325030088977,2.993325030088977,Planner C
SKU0032@LOC02,2025-06-30,2025-06-09,3,4.0,2.0,1.0,2.993325030088977,3.4327697093218137,3.4327697093218137,Planner C
SKU0032@LOC02,2025-07-07,2025-06-09,4,1.0,2.0,4.0,2.993325030088977,2.993325030088977,2.993325030088977,Planner C
SKU0032@LOC02,2025-07-14,2025-07-07,1,2.0,1.0,1.0,2.81345694528891,2.81345694528891,2.81345694528891,Planner C
SKU0032@LOC02,2025-07-21,2025-07-07,2,5.0,1.0,5.0,2.81345694528891,3.003084346711858,3.003084346711858,Planner C
SKU0032@LOC02,2025-07-28,2025-07-07,3,3.0,1.0,1.0,2.81345694528891,2.81345694528891,2.81345694528891,Planner C
SKU0032@LOC02,2025-08-04,2025-07-07,4,4.0,1.0,3.0,2.81345694528891,4.3079334428558465,4.3079334428558465,Planner C
SKU0032@LOC02,2025-08-11,2025-08-04,1,3.0,4.0,5.0,2.9454407660437254,2.9454407660437254,2.9454407660437254,Planner C
SKU0032@LOC02,2025-08-18,2025-08-04,2,2.0,4.0,2.0,2.9454407660437254,2.9454407660437254,2.9454407660437254,Planner C
SKU0032@LOC02,2025-08-25,2025-08-04,3,2.0,4.0,3.0,2.9454407660437254,2.9454407660437254,2.9454407660437254,Planner C
SKU0032@LOC02,2025-09-01,2025-08-04,4,8.0,4.0,2.0,2.9454407660437254,2.9454407660437254,2.9454407660437254,Planner C
SKU0032@LOC02,2025-09-08,2025-09-01,1,2.0,8.0,2.0,3.112936162947402,3.112936162947402,3.112936162947402,Planner C
SKU0032@LOC02,2025-09-15,2025-09-01,2,7.0,8.0,4.0,3.112936162947402,4.3443045870480645,4.3443045870480645,Planner C
SKU0032@LOC02,2025-09-22,2025-09-01,3,5.0,8.0,2.0,3.112936162947402,3.913549697993046,3.913549697993046,Planner C
SKU0032@LOC02,2025-09-29,2025-09-01,4,2.0,8.0,3.0,3.112936162947402,3.112936162947402,3.112936162947402,Planner C
SKU0032@LOC02,2025-10-06,2025-09-29,1,3.0,2.0,2.0,3.2746184605716775,3.2746184605716775,3.2746184605716775,Planner C
SKU0032@LOC02,2025-10-13,2025-09-29,2,8.0,2.0,2.0,3.2746184605716775,3.2746184605716775,3.2746184605716775,Planner C
SKU0032@LOC02,2025-10-20,2025-09-29,3,6.0,2.0,2.0,3.2746184605716775,3.2746184605716775,3.2746184605716775,Planner C
SKU0032@LOC02,2025-10-27,2025-09-29,4,0.0,2.0,7.0,3.2746184605716775,4.273089494545571,4.273089494545571,Planner C
SKU0032@LOC02,2025-11-03,2025-10-27,1,5.0,0.0,6.0,3.4418034525010097,5.189700837448196,5.189700837448196,Planner C
SKU0032@LOC02,2025-11-10,2025-10-27,2,7.0,0.0,4.0,3.4418034525010097,4.435592836150199,4.435592836150199,Planner C
SKU0032@LOC02,2025-11-17,2025-10-27,3,11.0,0.0,5.0,3.4418034525010097,3.4418034525010097,3.4418034525010097,Planner C
SKU0032@LOC02,2025-11-24,2025-10-27,4,8.0,0.0,2.0,3.4418034525010097,3.4418034525010097,3.4418034525010097,Planner C
SKU0032@LOC02,2025-12-01,2025-11-24,1,7.0,8.0,3.0,5.817234735660919,5.817234735660919,5.817234735660919,Planner C
SKU0032@LOC02,2025-12-08,2025-11-24,2,6.0,8.0,3.0,5.817234735660919,8.280502958680055,8.280502958680055,Planner C
SKU0032@LOC02,2025-12-15,2025-11-24,3,6.0,8.0,1.0,5.817234735660919,6.5692762314970725,6.5692762314970725,Planner C
SKU0032@LOC02,2025-12-22,2025-11-24,4,5.0,8.0,4.0,5.817234735660919,5.817234735660919,5.817234735660919,Planner C
SKU0032@LOC03,2025-05-19,2025-05-12,1,2.0,5.0,0.0,4.031896379322473,4.031896379322473,4.031896379322473,Planner D
SKU0032@LOC03,2025-05-26,2025-05-12,2,2.0,5.0,4.0,4.031896379322473,4.031896379322473,4.031896379322473,Planner D
SKU0032@LOC03,2025-06-02,2025-05-12,3,7.0,5.0,3.0,4.031896379322473,4.031896379322473,4.031896379322473,Planner D
SKU0032@LOC03,2025-06-09,2025-05-12,4,8.0,5.0,1.0,4.031896379322473,4.031896379322473,4.031896379322473,Planner D
SKU0032@LOC03,2025-06-16,2025-06-09,1,3.0,8.0,8.0,4.832264756970485,4.832264756970485,4.832264756970485,Planner D
SKU0032@LOC03,2025-06-23,2025-06-09,2,4.0,8.0,5.0,4.832264756970485,4.832264756970485,4.832264756970485,Planner D
SKU0032@LOC03,2025-06-30,2025-06-09,3,3.0,8.0,3.0,4.832264756970485,4.832264756970485,4.832264756970485,Planner D
SKU0032@LOC03,2025-07-07,2025-06-09,4,4.0,8.0,4.0,4.832264756970485,4.832264756970485,4.832264756970485,Planner D
SKU0032@LOC03,2025-07-14,2025-07-07,1,0.0,4.0,0.0,4.078495644455111,4.078495644455111,4.078495644455111,Planner D
SKU0032@LOC03,2025-07-21,2025-07-07,2,1.0,4.0,2.0,4.078495644455111,3.891211284960034,3.891211284960034,Planner D
SKU0032@LOC03,2025-07-28,2025-07-07,3,4.0,4.0,3.0,4.078495644455111,4.078495644455111,4.078495644455111,Planner D
SKU0032@LOC03,2025-08-04,2025-07-07,4,5.0,4.0,1.0,4.078495644455111,2.498448233785253,2.498448233785253,Planner D
SKU0032@LOC03,2025-08-11,2025-08-04,1,1.0,5.0,5.0,3.4385518159688133,3.4385518159688133,3.4385518159688133,Planner D
SKU0032@LOC03,2025-08-18,2025-08-04,2,6.0,5.0,3.0,3.4385518159688133,3.4385518159688133,3.4385518159688133,Planner D
SKU0032@LOC03,2025-08-25,2025-08-04,3,3.0,5.0,8.0,3.4385518159688133,3.4385518159688133,3.4385518159688133,Planner D
SKU0032@LOC03,2025-09-01,2025-08-04,4,7.0,5.0,3.0,3.4385518159688133,3.4385518159688133,3.4385518159688133,Planner D
SKU0032@LOC03,2025-09-08,2025-09-01,1,4.0,7.0,2.0,4.158830823820826,4.158830823820826,4.158830823820826,Planner D
SKU0032@LOC03,2025-09-15,2025-09-01,2,5.0,7.0,4.0,4.158830823820826,3.921604578627693,3.921604578627693,Planner D
SKU0032@LOC03,2025-09-22,2025-09-01,3,5.0,7.0,2.0,4.158830823820826,4.430788056208019,4.430788056208019,Planner D
SKU0032@LOC03,2025-09-29,2025-09-01,4,7.0,7.0,8.0,4.158830823820826,6.241903920443489,6.241903920443489,Planner D
SKU0032@LOC03,2025-10-06,2025-09-29,1,8.0,7.0,6.0,4.95305710543701,4.95305710543701,4.95305710543701,Planner D
SKU0032@LOC03,2025-10-13,2025-09-29,2,4.0,7.0,5.0,4.95305710543701,4.95305710543701,4.95305710543701,Planner D
SKU0032@LOC03,2025-10-20,2025-09-29,3,4.0,7.0,3.0,4.95305710543701,6.422151297259439,6.422151297259439,Planner D
SKU0032@LOC03,2025-10-27,2025-09-29,4,2.0,7.0,4.0,4.95305710543701,4.95305710543701,4.95305710543701,Planner D
SKU0032@LOC03,2025-11-03,2025-10-27,1,3.0,2.0,7.0,4.399972190386999,4.399972190386999,4.399972190386999,Planner D
SKU0032@LOC03,2025-11-10,2025-10-27,2,5.0,2.0,8.0,4.399972190386999,4.399972190386999,4.399972190386999,Planner D
SKU0032@LOC03,2025-11-17,2025-10-27,3,8.0,2.0,9.0,4.399972190386999,4.399972190386999,4.399972190386999,Planner D
SKU0032@LOC03,2025-11-24,2025-10-27,4,2.0,2.0,4.0,4.399972190386999,6.432604951472657,6.432604951472657,Planner D
SKU0032@LOC03,2025-12-01,2025-11-24,1,3.0,2.0,6.0,4.429428609182515,4.429428609182515,4.429428609182515,Planner D
SKU0032@LOC03,2025-12-08,2025-11-24,2,10.0,2.0,8.0,4.429428609182515,4.429428609182515,4.429428609182515,Planner D
SKU0032@LOC03,2025-12-15,2025-11-24,3,2.0,2.0,7.0,4.429428609182515,6.056494959007434,6.056494959007434,Planner D
SKU0032@LOC03,2025-12-22,2025-11-24,4,14.0,2.0,8.0,4.429428609182515,4.429428609182515,4.429428609182515,Planner D
SKU0033@LOC01,2025-05-19,2025-05-12,1,4.0,0.0,6.0,1.2910077827292072,1.2910077827292072,1.2910077827292072,Planner A
SKU0033@LOC01,2025-05-26,2025-05-12,2,0.0,0.0,0.0,1.2910077827292072,1.2910077827292072,1.2910077827292072,Planner A
SKU0033@LOC01,2025-06-02,2025-05-12,3,0.0,0.0,0.0,1.2910077827292072,1.2910077827292072,1.2910077827292072,Planner A
SKU0033@LOC01,2025-06-09,2025-05-12,4,0.0,0.0,0.0,1.2910077827292072,1.2910077827292072,1.2910077827292072,Planner A
SKU0033@LOC01,2025-06-16,2025-06-09,1,0.0,0.0,0.0,1.1975126383898398,1.1975126383898398,1.1975126383898398,Planner A
SKU0033@LOC01,2025-06-23,2025-06-09,2,0.0,0.0,0.0,1.1975126383898398,1.1975126383898398,1.1975126383898398,Planner A
SKU0033@LOC01,2025-06-30,2025-06-09,3,0.0,0.0,0.0,1.1975126383898398,1.1975126383898398,1.1975126383898398,Planner A
SKU0033@LOC01,2025-07-07,2025-06-09,4,0.0,0.0,5.0,1.1975126383898398,1.2435295433271432,1.2435295433271432,Planner A
SKU0033@LOC01,2025-07-14,2025-07-07,1,9.0,0.0,0.0,1.1975126383898398,4.171557858354985,4.171557858354985,Planner A
SKU0033@LOC01,2025-07-21,2025-07-07,2,0.0,0.0,0.0,1.1975126383898398,1.0161132841338019,1.0161132841338019,Planner A
SKU0033@LOC01,2025-07-28,2025-07-07,3,8.0,0.0,0.0,1.1975126383898398,1.1975126383898398,1.1975126383898398,Planner A
SKU0033@LOC01,2025-08-04,2025-07-07,4,0.0,0.0,0.0,1.1975126383898398,1.1975126383898398,1.1975126383898398,Planner A
SKU0033@LOC01,2025-08-11,2025-08-04,1,0.0,0.0,0.0,1.2961114244523948,1.2961114244523948,1.2961114244523948,Planner A
SKU0033@LOC01,2025-08-18,2025-08-04,2,0.0,0.0,0.0,1.2961114244523948,1.2961114244523948,1.2961114244523948,Planner A
SKU0033@LOC01,2025-08-25,2025-08-04,3,0.0,0.0,7.0,1.2961114244523948,1.2743437274569904,1.2743437274569904,Planner A
SKU0033@LOC01,2025-09-01,2025-08-04,4,0.0,0.0,0.0,1.2961114244523948,1.2961114244523948,1.2961114244523948,Planner A
SKU0033@LOC01,2025-09-08,2025-09-01,1,0.0,0.0,5.0,1.2961114244523948,1.2961114244523948,1.2961114244523948,Planner A
SKU0033@LOC01,2025-09-15,2025-09-01,2,6.0,0.0,0.0,1.2961114244523948,1.2961114244523948,1.2961114244523948,Planner A
SKU0033@LOC01,2025-09-22,2025-09-01,3,9.0,0.0,0.0,1.2961114244523948,1.2961114244523948,1.2961114244523948,Planner A
SKU0033@LOC01,2025-09-29,2025-09-01,4,9.0,0.0,7.0,1.2961114244523948,1.2961114244523948,1.2961114244523948,Planner A
SKU0033@LOC01,2025-10-06,2025-09-29,1,0.0,9.0,0.0,1.5780177814698115,1.5780177814698115,1.5780177814698115,Planner A
SKU0033@LOC01,2025-10-13,2025-09-29,2,2.0,9.0,0.0,1.5780177814698115,1.5780177814698115,1.5780177814698115,Planner A
SKU0033@LOC01,2025-10-20,2025-09-29,3,7.0,9.0,3.0,1.5780177814698115,1.5780177814698115,1.5780177814698115,Planner A
SKU0033@LOC01,2025-10-27,2025-09-29,4,0.0,9.0,4.0,1.5780177814698115,1.872692272520105,1.872692272520105,Planner A
SKU0033@LOC01,2025-11-03,2025-10-27,1,0.0,0.0,0.0,1.6920964497499056,1.865298386387464,1.865298386387464,Planner A
SKU0033@LOC01,2025-11-10,2025-10-27,2,0.0,0.0,3.0,1.6920964497499056,1.6920964497499056,1.6920964497499056,Planner A
SKU0033@LOC01,2025-11-17,2025-10-27,3,3.0,0.0,0.0,1.6920964497499056,1.9472870503857023,1.9472870503857023,Planner A
SKU0033@LOC01,2025-11-24,2025-10-27,4,11.0,0.0,0.0,1.6920964497499056,4.535576421178217,4.535576421178217,Planner A
SKU0033@LOC01,2025-12-01,2025-11-24,1,8.0,11.0,0.0,1.8526342844744978,1.8526342844744978,1.8526342844744978,Planner A
SKU0033@LOC01,2025-12-08,2025-11-24,2,5.0,11.0,0.0,1.8526342844744978,2.4181514119066843,2.4181514119066843,Planner A
SKU0033@LOC01,2025-12-15,2025-11-24,3,6.0,11.0,0.0,1.8526342844744978,1.8526342844744978,1.8526342844744978,Planner A
SKU0033@LOC01,2025-12-22,2025-11-24,4,0.0,11.0,0.0,1.8526342844744978,1.8526342844744978,1.8526342844744978,Planner A
SKU0033@LOC02,2025-05-19,2025-05-12,1,0.0,0.0,0.0,1.1091450446373836,1.1091450446373836,1.1091450446373836,Planner B
SKU0033@LOC02,2025-05-26,2025-05-12,2,0.0,0.0,0.0,1.1091450446373836,1.1091450446373836,1.1091450446373836,Planner B
SKU0033@LOC02,2025-06-02,2025-05-12,3,0.0,0.0,0.0,1.1091450446373836,1.1091450446373836,1.1091450446373836,Planner B
SKU0033@LOC02,2025-06-09,2025-05-12,4,0.0,0.0,0.0,1.1091450446373836,1.1091450446373836,1.1091450446373836,Planner B
SKU0033@LOC02,2025-06-16,2025-06-09,1,9.0,0.0,5.0,1.1091450446373836,1.331256333172139,1.331256333172139,Planner B
SKU0033@LOC02,2025-06-23,2025-06-09,2,0.0,0.0,5.0,1.1091450446373836,1.1091450446373836,1.1091450446373836,Planner B
SKU0033@LOC02,2025-06-30,2025-06-09,3,10.0,0.0,0.0,1.1091450446373836,1.1091450446373836,1.1091450446373836,Planner B
SKU0033@LOC02,2025-07-07,2025-06-09,4,10.0,0.0,0.0,1.1091450446373836,2.1392681192514136,2.1392681192514136,Planner B
SKU0033@LOC02,2025-07-14,2025-07-07,1,0.0,10.0,0.0,1.326145628425749,1.326145628425749,1.326145628425749,Planner B
SKU0033@LOC02,2025-07-21,2025-07-07,2,0.0,10.0,0.0,1.326145628425749,1.326145628425749,1.326145628425749,Planner B
SKU0033@LOC02,2025-07-28,2025-07-07,3,0.0,10.0,0.0,1.326145628425749,1.326145628425749,1.326145628425749,Planner B
SKU0033@LOC02,2025-08-04,2025-07-07,4,0.0,10.0,8.0,1.326145628425749,1.326145628425749,1.326145628425749,Planner B
SKU0033@LOC02,2025-08-11,2025-08-04,1,0.0,0.0,0.0,1.326145628425749,2.3220858581396326,2.3220858581396326,Planner B
SKU0033@LOC02,2025-08-18,2025-08-04,2,0.0,0.0,8.0,1.326145628425749,1.326145628425749,1.326145628425749,Planner B
SKU0033@LOC02,2025-08-25,2025-08-04,3,0.0,0.0,0.0,1.326145628425749,0.8259597776042196,0.8259597776042196,Planner B
SKU0033@LOC02,2025-09-01,2025-08-04,4,0.0,0.0,0.0,1.326145628425749,1.4257817000864652,1.4257817000864652,Planner B
SKU0033@LOC02,2025-09-08,2025-09-01,1,0.0,0.0,0.0,1.326145628425749,1.7572424296589335,1.7572424296589335,Planner B
SKU0033@LOC02,2025-09-15,2025-09-01,2,0.0,0.0,0.0,1.326145628425749,1.326145628425749,1.326145628425749,Planner B
SKU0033@LOC02,2025-09-22,2025-09-01,3,0.0,0.0,0.0,1.326145628425749,1.326145628425749,1.326145628425749,Planner B
SKU0033@LOC02,2025-09-29,2025-09-01,4,0.0,0.0,0.0,1.326145628425749,1.326145628425749,1.326145628425749,Planner B
SKU0033@LOC02,2025-10-06,2025-09-29,1,0.0,0.0,0.0,1.326145628425749,1.572348507664819,1.572348507664819,Planner B
SKU0033@LOC02,2025-10-13,2025-09-29,2,0.0,0.0,0.0,1.326145628425749,1.4192787370273463,1.4192787370273463,Planner B
SKU0033@LOC02,2025-10-20,2025-09-29,3,0.0,0.0,0.0,1.326145628425749,1.326145628425749,1.326145628425749,Planner B
SKU0033@LOC02,2025-10-27,2025-09-29,4,0.0,0.0,0.0,1.326145628425749,1.5064615537655963,1.5064615537655963,Planner B
SKU0033@LOC02,2025-11-03,2025-10-27,1,0.0,0.0,0.0,1.326145628425749,1.326145628425749,1.326145628425749,Planner B
SKU0033@LOC02,2025-11-10,2025-10-27,2,0.0,0.0,0.0,1.326145628425749,1.326145628425749,1.326145628425749,Planner B
SKU0033@LOC02,2025-11-17,2025-10-27,3,7.0,0.0,5.0,1.326145628425749,1.326145628425749,1.326145628425749,Planner B
SKU0033@LOC02,2025-11-24,2025-10-27,4,0.0,0.0,0.0,1.326145628425749,1.326145628425749,1.326145628425749,Planner B
SKU0033@LOC02,2025-12-01,2025-11-24,1,0.0,0.0,0.0,1.04077184180336,0.8837853531246475,0.8837853531246475,Planner B
SKU0033@LOC02,2025-12-08,2025-11-24,2,5.0,0.0,0.0,1.04077184180336,2.746146325704776,2.746146325704776,Planner B
SKU0033@LOC02,2025-12-15,2025-11-24,3,0.0,0.0,5.0,1.04077184180336,1.04077184180336,1.04077184180336,Planner B
SKU0033@LOC02,2025-12-22,2025-11-24,4,0.0,0.0,0.0,1.04077184180336,1.04077184180336,1.04077184180336,Planner B
SKU0033@LOC03,2025-05-19,2025-05-12,1,4.0,2.0,5.0,1.894395784996112,1.894395784996112,1.894395784996112,Planner C
SKU0033@LOC03,2025-05-26,2025-05-12,2,5.0,2.0,0.0,1.894395784996112,3.5544838668587824,3.5544838668587824,Planner C
SKU0033@LOC03,2025-06-02,2025-05-12,3,6.0,2.0,3.0,1.894395784996112,1.894395784996112,1.894395784996112,Planner C
SKU0033@LOC03,2025-06-09,2025-05-12,4,2.0,2.0,0.0,1.894395784996112,1.894395784996112,1.894395784996112,Planner C
SKU0033@LOC03,2025-06-16,2025-06-09,1,7.0,2.0,0.0,2.4090105167082903,2.4090105167082903,2.4090105167082903,Planner C
SKU0033@LOC03,2025-06-23,2025-06-09,2,0.0,2.0,0.0,2.4090105167082903,3.1804501456950143,3.1804501456950143,Planner C
SKU0033@LOC03,2025-06-30,2025-06-09,3,0.0,2.0,1.0,2.4090105167082903,2.4090105167082903,2.4090105167082903,Planner C
SKU0033@LOC03,2025-07-07,2025-06-09,4,0.0,2.0,0.0,2.4090105167082903,1.78511990247097,1.78511990247097,Planner C
SKU0033@LOC03,2025-07-14,2025-07-07,1,0.0,0.0,1.0,2.72375130279624,2.72375130279624,2.72375130279624,Planner C
SKU0033@LOC03,2025-07-21,2025-07-07,2,2.0,0.0,5.0,2.72375130279624,2.72375130279624,2.72375130279624,Planner C
SKU0033@LOC03,2025-07-28,2025-07-07,3,0.0,0.0,0.0,2.72375130279624,2.72375130279624,2.72375130279624,Planner C
SKU0033@LOC03,2025-08-04,2025-07-07,4,3.0,0.0,2.0,2.72375130279624,2.72375130279624,2.72375130279624,Planner C
SKU0033@LOC03,2025-08-11,2025-08-04,1,5.0,3.0,1.0,1.96895089000793,1.96895089000793,1.96895089000793,Planner C
SKU0033@LOC03,2025-08-18,2025-08-04,2,0.0,3.0,4.0,1.96895089000793,2.70206414855604,2.70206414855604,Planner C
SKU0033@LOC03,2025-08-25,2025-08-04,3,4.0,3.0,0.0,1.96895089000793,2.5191499025145734,2.5191499025145734,Planner C
SKU0033@LOC03,2025-09-01,2025-08-04,4,0.0,3.0,0.0,1.96895089000793,1.96895089000793,1.96895089000793,Planner C
SKU0033@LOC03,2025-09-08,2025-09-01,1,0.0,0.0,2.0,2.1080248088693185,2.1080248088693185,2.1080248088693185,Planner C
SKU0033@LOC03,2025-09-15,2025-09-01,2,0.0,0.0,5.0,2.1080248088693185,1.5836372115629596,1.5836372115629596,Planner C
SKU0033@LOC03,2025-09-22,2025-09-01,3,0.0,0.0,2.0,2.1080248088693185,2.898662566541391,2.898662566541391,Planner C
SKU0033@LOC03,2025-09-29,2025-09-01,4,2.0,0.0,0.0,2.1080248088693185,2.1080248088693185,2.1080248088693185,Planner C
SKU0033@LOC03,2025-10-06,2025-09-29,1,0.0,2.0,6.0,1.6825095273607011,2.320720828062841,2.320720828062841,Planner C
SKU0033@LOC03,2025-10-13,2025-09-29,2,4.0,2.0,2.0,1.6825095273607011,2.8447359613966685,2.8447359613966685,Planner C
SKU0033@LOC03,2025-10-20,2025-09-29,3,2.0,2.0,0.0,1.6825095273607011,1.6825095273607011,1.6825095273607011,Planner C
SKU0033@LOC03,2025-10-27,2025-09-29,4,0.0,2.0,2.0,1.6825095273607011,1.6825095273607011,1.6825095273607011,Planner C
SKU0033@LOC03,2025-11-03,2025-10-27,1,0.0,0.0,0.0,1.714149240454685,1.714149240454685,1.714149240454685,Planner C
SKU0033@LOC03,2025-11-10,2025-10-27,2,0.0,0.0,0.0,1.714149240454685,1.714149240454685,1.714149240454685,Planner C
SKU0033@LOC03,2025-11-17,2025-10-27,3,3.0,0.0,0.0,1.714149240454685,3.0340608397806625,3.0340608397806625,Planner C
SKU0033@LOC03,2025-11-24,2025-10-27,4,0.0,0.0,4.0,1.714149240454685,1.714149240454685,1.714149240454685,Planner C
SKU0033@LOC03,2025-12-01,2025-11-24,1,0.0,0.0,2.0,1.5262437689388257,1.5262437689388257,1.5262437689388257,Planner C
SKU0033@LOC03,2025-12-08,2025-11-24,2,5.0,0.0,3.0,1.5262437689388257,1.5262437689388257,1.5262437689388257,Planner C
SKU0033@LOC03,2025-12-15,2025-11-24,3,3.0,0.0,1.0,1.5262437689388257,2.2477584810266724,2.2477584810266724,Planner C
SKU0033@LOC03,2025-12-22,2025-11-24,4,5.0,0.0,0.0,1.5262437689388257,2.4381846426660907,2.4381846426660907,Planner C
SKU0034@LOC01,2025-05-19,2025-05-12,1,2.0,0.0,0.0,0.4994320887167912,0.43337090106546877,0.43337090106546877,Planner D
SKU0034@LOC01,2025-05-26,2025-05-12,2,0.0,0.0,0.0,0.4994320887167912,0.4994320887167912,0.4994320887167912,Planner D
SKU0034@LOC01,2025-06-02,2025-05-12,3,1.0,0.0,0.0,0.4994320887167912,0.4994320887167912,0.4994320887167912,Planner D
SKU0034@LOC01,2025-06-09,2025-05-12,4,0.0,0.0,0.0,0.4994320887167912,0.4994320887167912,0.4994320887167912,Planner D
SKU0034@LOC01,2025-06-16,2025-06-09,1,0.0,0.0,0.0,0.5102373769350923,0.5102373769350923,0.5102373769350923,Planner D
SKU0034@LOC01,2025-06-23,2025-06-09,2,1.0,0.0,0.0,0.5102373769350923,0.5102373769350923,0.5102373769350923,Planner D
SKU0034@LOC01,2025-06-30,2025-06-09,3,0.0,0.0,3.0,0.5102373769350923,0.5102373769350923,0.5102373769350923,Planner D
SKU0034@LOC01,2025-07-07,2025-06-09,4,1.0,0.0,0.0,0.5102373769350923,0.49419107595271655,0.49419107595271655,Planner D
SKU0034@LOC01,2025-07-14,2025-07-07,1,1.0,1.0,0.0,0.4891590961552956,0.4891590961552956,0.4891590961552956,Planner D
SKU0034@LOC01,2025-07-21,2025-07-07,2,0.0,1.0,0.0,0.4891590961552956,0.4891590961552956,0.4891590961552956,Planner D
SKU0034@LOC01,2025-07-28,2025-07-07,3,1.0,1.0,2.0,0.4891590961552956,0.9067488936346717,0.9067488936346717,Planner D
SKU0034@LOC01,2025-08-04,2025-07-07,4,0.0,1.0,2.0,0.4891590961552956,0.4891590961552956,0.4891590961552956,Planner D
SKU0034@LOC01,2025-08-11,2025-08-04,1,0.0,0.0,0.0,0.5042000916458595,0.5042000916458595,0.5042000916458595,Planner D
SKU0034@LOC01,2025-08-18,2025-08-04,2,1.0,0.0,0.0,0.5042000916458595,1.142712634994364,1.142712634994364,Planner D
SKU0034@LOC01,2025-08-25,2025-08-04,3,1.0,0.0,2.0,0.5042000916458595,0.5042000916458595,0.5042000916458595,Planner D
SKU0034@LOC01,2025-09-01,2025-08-04,4,0.0,0.0,3.0,0.5042000916458595,0.6512446552948581,0.6512446552948581,Planner D
SKU0034@LOC01,2025-09-08,2025-09-01,1,0.0,0.0,0.0,0.5017301470885195,0.776210618637569,0.776210618637569,Planner D
SKU0034@LOC01,2025-09-15,2025-09-01,2,1.0,0.0,1.0,0.5017301470885195,0.9834700322960189,0.9834700322960189,Planner D
SKU0034@LOC01,2025-09-22,2025-09-01,3,1.0,0.0,1.0,0.5017301470885195,0.5017301470885195,0.5017301470885195,Planner D
SKU0034@LOC01,2025-09-29,2025-09-01,4,0.0,0.0,0.0,0.5017301470885195,0.5017301470885195,0.5017301470885195,Planner D
SKU0034@LOC01,2025-10-06,2025-09-29,1,0.0,0.0,0.0,0.49954783926818125,0.9493696352977359,0.9493696352977359,Planner D
SKU0034@LOC01,2025-10-13,2025-09-29,2,0.0,0.0,0.0,0.49954783926818125,0.8582136674731501,0.8582136674731501,Planner D
SKU0034@LOC01,2025-10-20,2025-09-29,3,0.0,0.0,2.0,0.49954783926818125,0.25690531368185404,0.25690531368185404,Planner D
SKU0034@LOC01,2025-10-27,2025-09-29,4,1.0,0.0,1.0,0.49954783926818125,0.41896020573487364,0.41896020573487364,Planner D
SKU0034@LOC01,2025-11-03,2025-10-27,1,0.0,1.0,1.0,0.4404701705773767,0.4404701705773767,0.4404701705773767,Planner D
SKU0034@LOC01,2025-11-10,2025-10-27,2,1.0,1.0,0.0,0.4404701705773767,0.4404701705773767,0.4404701705773767,Planner D
SKU0034@LOC01,2025-11-17,2025-10-27,3,1.0,1.0,1.0,0.4404701705773767,0.4404701705773767,0.4404701705773767,Planner D
SKU0034@LOC01,2025-11-24,2025-10-27,4,0.0,1.0,0.0,0.4404701705773767,0.4404701705773767,0.4404701705773767,Planner D
SKU0034@LOC01,2025-12-01,2025-11-24,1,1.0,0.0,1.0,0.4642698024973743,0.4642698024973743,0.4642698024973743,Planner D
SKU0034@LOC01,2025-12-08,2025-11-24,2,1.0,0.0,0.0,0.4642698024973743,0.40537701800234943,0.40537701800234943,Planner D
SKU0034@LOC01,2025-12-15,2025-11-24,3,0.0,0.0,1.0,0.4642698024973743,0.3654114837032226,0.3654114837032226,Planner D
SKU0034@LOC01,2025-12-22,2025-11-24,4,1.0,0.0,0.0,0.4642698024973743,0.4642698024973743,0.4642698024973743,Planner D
SKU0034@LOC02,2025-05-19,2025-05-12,1,0.0,1.0,0.0,0.5193732760539321,0.5193732760539321,0.5193732760539321,Planner A
SKU0034@LOC02,2025-05-26,2025-05-12,2,0.0,1.0,0.0,0.5193732760539321,0.5193732760539321,0.5193732760539321,Planner A
SKU0034@LOC02,2025-06-02,2025-05-12,3,0.0,1.0,0.0,0.5193732760539321,0.5193732760539321,0.5193732760539321,Planner A
SKU0034@LOC02,2025-06-09,2025-05-12,4,2.0,1.0,0.0,0.5193732760539321,0.5193732760539321,0.5193732760539321,Planner A
SKU0034@LOC02,2025-06-16,2025-06-09,1,1.0,2.0,0.0,0.5109099701018451,0.5109099701018451,0.5109099701018451,Planner A
SKU0034@LOC02,2025-06-23,2025-06-09,2,1.0,2.0,1.0,0.5109099701018451,0.5109099701018451,0.5109099701018451,Planner A
SKU0034@LOC02,2025-06-30,2025-06-09,3,0.0,2.0,1.0,0.5109099701018451,0.7268022876614573,0.7268022876614573,Planner A
SKU0034@LOC02,2025-07-07,2025-06-09,4,0.0,2.0,1.0,0.5109099701018451,0.8226920950955756,0.8226920950955756,Planner A
SKU0034@LOC02,2025-07-14,2025-07-07,1,1.0,0.0,1.0,0.5550807842454553,0.5538042351131383,0.5538042351131383,Planner A
SKU0034@LOC02,2025-07-21,2025-07-07,2,0.0,0.0,0.0,0.5550807842454553,0.6798540916923376,0.6798540916923376,Planner A
SKU0034@LOC02,2025-07-28,2025-07-07,3,1.0,0.0,2.0,0.5550807842454553,0.5550807842454553,0.5550807842454553,Planner A
SKU0034@LOC02,2025-08-04,2025-07-07,4,0.0,0.0,1.0,0.5550807842454553,0.5550807842454553,0.5550807842454553,Planner A
SKU0034@LOC02,2025-08-11,2025-08-04,1,0.0,0.0,1.0,0.5148843474195356,0.5148843474195356,0.5148843474195356,Planner A
SKU0034@LOC02,2025-08-18,2025-08-04,2,1.0,0.0,1.0,0.5148843474195356,0.5148843474195356,0.5148843474195356,Planner A
SKU0034@LOC02,2025-08-25,2025-08-04,3,0.0,0.0,0.0,0.5148843474195356,0.17001165288429088,0.17001165288429088,Planner A
SKU0034@LOC02,2025-09-01,2025-08-04,4,0.0,0.0,1.0,0.5148843474195356,0.5148843474195356,0.5148843474195356,Planner A
SKU0034@LOC02,2025-09-08,2025-09-01,1,2.0,0.0,1.0,0.4865660549118024,0.4865660549118024,0.4865660549118024,Planner A
SKU0034@LOC02,2025-09-15,2025-09-01,2,1.0,0.0,1.0,0.4865660549118024,0.7538654304770209,0.7538654304770209,Planner A
SKU0034@LOC02,2025-09-22,2025-09-01,3,0.0,0.0,0.0,0.4865660549118024,0.6940799349820949,0.6940799349820949,Planner A
SKU0034@LOC02,2025-09-29,2025-09-01,4,0.0,0.0,1.0,0.4865660549118024,0.4865660549118024,0.4865660549118024,Planner A
SKU0034@LOC02,2025-10-06,2025-09-29,1,0.0,0.0,0.0,0.528079455502333,0.42108919403227996,0.42108919403227996,Planner A
SKU0034@LOC02,2025-10-13,2025-09-29,2,1.0,0.0,0.0,0.528079455502333,0.528079455502333,0.528079455502333,Planner A
SKU0034@LOC02,2025-10-20,2025-09-29,3,1.0,0.0,1.0,0.528079455502333,0.528079455502333,0.528079455502333,Planner A
SKU0034@LOC02,2025-10-27,2025-09-29,4,1.0,0.0,0.0,0.528079455502333,0.528079455502333,0.528079455502333,Planner A
SKU0034@LOC02,2025-11-03,2025-10-27,1,1.0,1.0,1.0,0.5211698935362726,0.7323495522148673,0.7323495522148673,Planner A
SKU0034@LOC02,2025-11-10,2025-10-27,2,0.0,1.0,1.0,0.5211698935362726,0.5211698935362726,0.5211698935362726,Planner A
SKU0034@LOC02,2025-11-17,2025-10-27,3,0.0,1.0,1.0,0.5211698935362726,0.5211698935362726,0.5211698935362726,Planner A
SKU0034@LOC02,2025-11-24,2025-10-27,4,0.0,1.0,0.0,0.5211698935362726,1.0097010455862199,1.0097010455862199,Planner A
SKU0034@LOC02,2025-12-01,2025-11-24,1,1.0,0.0,0.0,0.5434893952164326,0.5434893952164326,0.5434893952164326,Planner A
SKU0034@LOC02,2025-12-08,2025-11-24,2,0.0,0.0,1.0,0.5434893952164326,0.5434893952164326,0.5434893952164326,Planner A
SKU0034@LOC02,2025-12-15,2025-11-24,3,1.0,0.0,1.0,0.5434893952164326,0.5434893952164326,0.5434893952164326,Planner A
SKU0034@LOC02,2025-12-22,2025-11-24,4,1.0,0.0,0.0,0.5434893952164326,0.4937435143878454,0.4937435143878454,Planner A
SKU0034@LOC03,2025-05-19,2025-05-12,1,0.0,0.0,0.0,0.42115725121826436,0.42115725121826436,0.42115725121826436,Planner B
SKU0034@LOC03,2025-05-26,2025-05-12,2,0.0,0.0,0.0,0.42115725121826436,0.40249597853750185,0.40249597853750185,Planner B
SKU0034@LOC03,2025-06-02,2025-05-12,3,1.0,0.0,1.0,0.42115725121826436,0.8466905407035872,0.8466905407035872,Planner B
SKU0034@LOC03,2025-06-09,2025-05-12,4,0.0,0.0,3.0,0.42115725121826436,1.3338762009405298,1.3338762009405298,Planner B
SKU0034@LOC03,2025-06-16,2025-06-09,1,0.0,0.0,0.0,0.3808756252450972,0.3808756252450972,0.3808756252450972,Planner B
SKU0034@LOC03,2025-06-23,2025-06-09,2,1.0,0.0,0.0,0.3808756252450972,1.3569760358216931,1.3569760358216931,Planner B
SKU0034@LOC03,2025-06-30,2025-06-09,3,2.0,0.0,2.0,0.3808756252450972,0.3808756252450972,0.3808756252450972,Planner B
SKU0034@LOC03,2025-07-07,2025-06-09,4,2.0,0.0,1.0,0.3808756252450972,0.3808756252450972,0.3808756252450972,Planner B
SKU0034@LOC03,2025-07-14,2025-07-07,1,0.0,2.0,3.0,0.463942341560511,0.463942341560511,0.463942341560511,Planner B
SKU0034@LOC03,2025-07-21,2025-07-07,2,0.0,2.0,0.0,0.463942341560511,0.463942341560511,0.463942341560511,Planner B
SKU0034@LOC03,2025-07-28,2025-07-07,3,0.0,2.0,1.0,0.463942341560511,0.463942341560511,0.463942341560511,Planner B
SKU0034@LOC03,2025-08-04,2025-07-07,4,1.0,2.0,0.0,0.463942341560511,0.5641213848153026,0.5641213848153026,Planner B
SKU0034@LOC03,2025-08-11,2025-08-04,1,0.0,1.0,1.0,0.4369704522269914,0.2822590098553999,0.2822590098553999,Planner B
SKU0034@LOC03,2025-08-18,2025-08-04,2,0.0,1.0,0.0,0.4369704522269914,0.4369704522269914,0.4369704522269914,Planner B
SKU0034@LOC03,2025-08-25,2025-08-04,3,0.0,1.0,0.0,0.4369704522269914,0.4369704522269914,0.4369704522269914,Planner B
SKU0034@LOC03,2025-09-01,2025-08-04,4,0.0,1.0,0.0,0.4369704522269914,0.4369704522269914,0.4369704522269914,Planner B
SKU0034@LOC03,2025-09-08,2025-09-01,1,0.0,0.0,0.0,0.4369704522269914,0.4369704522269914,0.4369704522269914,Planner B
SKU0034@LOC03,2025-09-15,2025-09-01,2,0.0,0.0,0.0,0.4369704522269914,0.4369704522269914,0.4369704522269914,Planner B
SKU0034@LOC03,2025-09-22,2025-09-01,3,0.0,0.0,0.0,0.4369704522269914,0.4369704522269914,0.4369704522269914,Planner B
SKU0034@LOC03,2025-09-29,2025-09-01,4,0.0,0.0,0.0,0.4369704522269914,0.4369704522269914,0.4369704522269914,Planner B
SKU0034@LOC03,2025-10-06,2025-09-29,1,1.0,0.0,0.0,0.4369704522269914,0.4512131117610873,0.4512131117610873,Planner B
SKU0034@LOC03,2025-10-13,2025-09-29,2,0.0,0.0,0.0,0.4369704522269914,0.4369704522269914,0.4369704522269914,Planner B
SKU0034@LOC03,2025-10-20,2025-09-29,3,1.0,0.0,1.0,0.4369704522269914,0.30069757432914607,0.30069757432914607,Planner B
SKU0034@LOC03,2025-10-27,2025-09-29,4,0.0,0.0,0.0,0.4369704522269914,0.4369704522269914,0.4369704522269914,Planner B
SKU0034@LOC03,2025-11-03,2025-10-27,1,0.0,0.0,0.0,0.367042742441368,0.5878328070674074,0.5878328070674074,Planner B
SKU0034@LOC03,2025-11-10,2025-10-27,2,0.0,0.0,1.0,0.367042742441368,0.367042742441368,0.367042742441368,Planner B
SKU0034@LOC03,2025-11-17,2025-10-27,3,2.0,0.0,0.0,0.367042742441368,0.367042742441368,0.367042742441368,Planner B
SKU0034@LOC03,2025-11-24,2025-10-27,4,1.0,0.0,0.0,0.367042742441368,0.0,0.0,Planner B
SKU0034@LOC03,2025-12-01,2025-11-24,1,0.0,1.0,0.0,0.39495104412368515,0.872975724063838,0.872975724063838,Planner B
SKU0034@LOC03,2025-12-08,2025-11-24,2,0.0,1.0,0.0,0.39495104412368515,0.39495104412368515,0.39495104412368515,Planner B
SKU0034@LOC03,2025-12-15,2025-11-24,3,0.0,1.0,2.0,0.39495104412368515,0.5176796249103928,0.5176796249103928,Planner B
SKU0034@LOC03,2025-12-22,2025-11-24,4,0.0,1.0,0.0,0.39495104412368515,0.39495104412368515,0.39495104412368515,Planner B
SKU0035@LOC01,2025-05-19,2025-05-12,1,15.0,6.0,6.0,7.062347073044471,7.062347073044471,7.415464426696695,Planner C
SKU0035@LOC01,2025-05-26,2025-05-12,2,4.0,6.0,27.0,7.062347073044471,10.729737682511615,11.266224566637197,Planner C
SKU0035@LOC01,2025-06-02,2025-05-12,3,5.0,6.0,4.0,7.062347073044471,6.334764938065812,6.651503184969103,Planner C
SKU0035@LOC01,2025-06-09,2025-05-12,4,9.0,6.0,7.0,7.062347073044471,7.062347073044471,7.415464426696695,Planner C
SKU0035@LOC01,2025-06-16,2025-06-09,1,10.0,9.0,13.0,7.401105914624478,7.401105914624478,7.771161210355702,Planner C
SKU0035@LOC01,2025-06-23,2025-06-09,2,3.0,9.0,10.0,7.401105914624478,7.618754296982661,7.999692011831794,Planner C
SKU0035@LOC01,2025-06-30,2025-06-09,3,7.0,9.0,10.0,7.401105914624478,7.401105914624478,7.771161210355702,Planner C
SKU0035@LOC01,2025-07-07,2025-06-09,4,5.0,9.0,6.0,7.401105914624478,7.401105914624478,7.771161210355702,Planner C
SKU0035@LOC01,2025-07-14,2025-07-07,1,5.0,5.0,6.0,6.957865590585119,6.957865590585119,7.305758870114376,Planner C
SKU0035@LOC01,2025-07-21,2025-07-07,2,2.0,5.0,4.0,6.957865590585119,6.957865590585119,7.305758870114376,Planner C
SKU0035@LOC01,2025-07-28,2025-07-07,3,8.0,5.0,0.0,6.957865590585119,6.957865590585119,7.305758870114376,Planner C
SKU0035@LOC01,2025-08-04,2025-07-07,4,4.0,5.0,8.0,6.957865590585119,6.957865590585119,7.305758870114376,Planner C
SKU0035@LOC01,2025-08-11,2025-08-04,1,6.0,4.0,3.0,6.211555613982897,6.211555613982897,6.522133394682042,Planner C
SKU0035@LOC01,2025-08-18,2025-08-04,2,7.0,4.0,8.0,6.211555613982897,6.211555613982897,6.522133394682042,Planner C
SKU0035@LOC01,2025-08-25,2025-08-04,3,8.0,4.0,2.0,6.211555613982897,6.211555613982897,6.522133394682042,Planner C
SKU0035@LOC01,2025-09-01,2025-08-04,4,6.0,4.0,6.0,6.211555613982897,5.415039912228994,5.685791907840444,Planner C
SKU0035@LOC01,2025-09-08,2025-09-01,1,10.0,6.0,12.0,6.3998016383341785,6.3998016383341785,6.719791720250888,Planner C
SKU0035@LOC01,2025-09-15,2025-09-01,2,3.0,6.0,6.0,6.3998016383341785,5.863980741957972,6.157179779055871,Planner C
SKU0035@LOC01,2025-09-22,2025-09-01,3,3.0,6.0,13.0,6.3998016383341785,5.870667315462418,6.164200681235539,Planner C
SKU0035@LOC01,2025-09-29,2025-09-01,4,4.0,6.0,9.0,6.3998016383341785,5.16617143531017,5.42448000707568,Planner C
SKU0035@LOC01,2025-10-06,2025-09-29,1,6.0,4.0,10.0,5.840909854911056,4.849211579039225,5.091672157991186,Planner C
SKU0035@LOC01,2025-10-13,2025-09-29,2,8.0,4.0,7.0,5.840909854911056,5.840909854911056,6.132955347656608,Planner C
SKU0035@LOC01,2025-10-20,2025-09-29,3,5.0,4.0,6.0,5.840909854911056,5.840909854911056,6.132955347656608,Planner C
SKU0035@LOC01,2025-10-27,2025-09-29,4,4.0,4.0,7.0,5.840909854911056,5.840909854911056,6.132955347656608,Planner C
SKU0035@LOC01,2025-11-03,2025-10-27,1,10.0,4.0,4.0,5.767620955807144,4.252087807781315,4.464692198170381,Planner C
SKU0035@LOC01,2025-11-10,2025-10-27,2,6.0,4.0,3.0,5.767620955807144,5.767620955807144,6.056002003597501,Planner C
SKU0035@LOC01,2025-11-17,2025-10-27,3,9.0,4.0,9.0,5.767620955807144,5.767620955807144,6.056002003597501,Planner C
SKU0035@LOC01,2025-11-24,2025-10-27,4,12.0,4.0,14.0,5.767620955807144,5.767620955807144,6.056002003597501,Planner C
SKU0035@LOC01,2025-12-01,2025-11-24,1,10.0,12.0,8.0,7.009136109105067,7.009136109105067,7.359592914560321,Planner C
SKU0035@LOC01,2025-12-08,2025-11-24,2,5.0,12.0,11.0,7.009136109105067,7.009136109105067,7.359592914560321,Planner C
SKU0035@LOC01,2025-12-15,2025-11-24,3,2.0,12.0,10.0,7.009136109105067,7.009136109105067,7.359592914560321,Planner C
SKU0035@LOC01,2025-12-22,2025-11-24,4,4.0,12.0,7.0,7.009136109105067,7.009136109105067,7.359592914560321,Planner C
SKU0035@LOC02,2025-05-19,2025-05-12,1,8.0,4.0,18.0,5.616627265414846,5.616627265414846,5.616627265414846,Planner D
SKU0035@LOC02,2025-05-26,2025-05-12,2,9.0,4.0,12.0,5.616627265414846,5.616627265414846,5.616627265414846,Planner D
SKU0035@LOC02,2025-06-02,2025-05-12,3,9.0,4.0,5.0,5.616627265414846,5.616627265414846,5.616627265414846,Planner D
SKU0035@LOC02,2025-06-09,2025-05-12,4,4.0,4.0,6.0,5.616627265414846,5.5368778419735865,5.5368778419735865,Planner D
SKU0035@LOC02,2025-06-16,2025-06-09,1,5.0,4.0,1.0,6.391739536466959,6.391739536466959,6.391739536466959,Planner D
SKU0035@LOC02,2025-06-23,2025-06-09,2,7.0,4.0,7.0,6.391739536466959,6.391739536466959,6.391739536466959,Planner D
SKU0035@LOC02,2025-06-30,2025-06-09,3,8.0,4.0,2.0,6.391739536466959,8.130764633495755,8.130764633495755,Planner D
SKU0035@LOC02,2025-07-07,2025-06-09,4,5.0,4.0,8.0,6.391739536466959,6.391739536466959,6.391739536466959,Planner D
SKU0035@LOC02,2025-07-14,2025-07-07,1,3.0,5.0,7.0,6.325746736407856,6.325746736407856,6.325746736407856,Planner D
SKU0035@LOC02,2025-07-21,2025-07-07,2,2.0,5.0,1.0,6.325746736407856,8.439565714206685,8.439565714206685,Planner D
SKU0035@LOC02,2025-07-28,2025-07-07,3,5.0,5.0,2.0,6.325746736407856,10.145383863063909,10.145383863063909,Planner D
SKU0035@LOC02,2025-08-04,2025-07-07,4,6.0,5.0,1.0,6.325746736407856,7.321254127701862,7.321254127701862,Planner D
SKU0035@LOC02,2025-08-11,2025-08-04,1,6.0,6.0,4.0,5.332685582322004,5.332685582322004,5.332685582322004,Planner D
SKU0035@LOC02,2025-08-18,2025-08-04,2,8.0,6.0,6.0,5.332685582322004,10.86557466558006,10.86557466558006,Planner D
SKU0035@LOC02,2025-08-25,2025-08-04,3,4.0,6.0,4.0,5.332685582322004,5.332685582322004,5.332685582322004,Planner D
SKU0035@LOC02,2025-09-01,2025-08-04,4,6.0,6.0,6.0,5.332685582322004,5.332685582322004,5.332685582322004,Planner D
SKU0035@LOC02,2025-09-08,2025-09-01,1,6.0,6.0,7.0,5.613407703256975,5.613407703256975,5.613407703256975,Planner D
SKU0035@LOC02,2025-09-15,2025-09-01,2,3.0,6.0,8.0,5.613407703256975,5.613407703256975,5.613407703256975,Planner D
SKU0035@LOC02,2025-09-22,2025-09-01,3,4.0,6.0,3.0,5.613407703256975,6.384774583453984,6.384774583453984,Planner D
SKU0035@LOC02,2025-09-29,2025-09-01,4,9.0,6.0,6.0,5.613407703256975,9.446633628807339,9.446633628807339,Planner D
SKU0035@LOC02,2025-10-06,2025-09-29,1,9.0,9.0,13.0,5.668071404898286,5.668071404898286,5.668071404898286,Planner D
SKU0035@LOC02,2025-10-13,2025-09-29,2,5.0,9.0,4.0,5.668071404898286,6.553018210047713,6.553018210047713,Planner D
SKU0035@LOC02,2025-10-20,2025-09-29,3,4.0,9.0,4.0,5.668071404898286,5.304299722401599,5.304299722401599,Planner D
SKU0035@LOC02,2025-10-27,2025-09-29,4,6.0,9.0,5.0,5.668071404898286,5.668071404898286,5.668071404898286,Planner D
SKU0035@LOC02,2025-11-03,2025-10-27,1,7.0,6.0,11.0,5.739712448803186,6.200621969861045,6.200621969861045,Planner D
SKU0035@LOC02,2025-11-10,2025-10-27,2,5.0,6.0,5.0,5.739712448803186,5.739712448803186,5.739712448803186,Planner D
SKU0035@LOC02,2025-11-17,2025-10-27,3,6.0,6.0,4.0,5.739712448803186,5.739712448803186,5.739712448803186,Planner D
SKU0035@LOC02,2025-11-24,2025-10-27,4,2.0,6.0,5.0,5.739712448803186,5.739712448803186,5.739712448803186,Planner D
SKU0035@LOC02,2025-12-01,2025-11-24,1,4.0,2.0,6.0,5.247872021478068,5.247872021478068,5.247872021478068,Planner D
SKU0035@LOC02,2025-12-08,2025-11-24,2,1.0,2.0,4.0,5.247872021478068,5.247872021478068,5.247872021478068,Planner D
SKU0035@LOC02,2025-12-15,2025-11-24,3,6.0,2.0,5.0,5.247872021478068,5.247872021478068,5.247872021478068,Planner D
SKU0035@LOC02,2025-12-22,2025-11-24,4,3.0,2.0,6.0,5.247872021478068,5.247872021478068,5.247872021478068,Planner D
SKU0035@LOC03,2025-05-19,2025-05-12,1,22.0,9.0,6.0,8.366191844867526,8.366191844867526,8.784501437110903,Planner A
SKU0035@LOC03,2025-05-26,2025-05-12,2,15.0,9.0,10.0,8.366191844867526,6.339528593369773,6.656505023038262,Planner A
SKU0035@LOC03,2025-06-02,2025-05-12,3,13.0,9.0,10.0,8.366191844867526,8.366191844867526,8.784501437110903,Planner A
SKU0035@LOC03,2025-06-09,2025-05-12,4,7.0,9.0,5.0,8.366191844867526,6.970359601778673,7.318877581867607,Planner A
SKU0035@LOC03,2025-06-16,2025-06-09,1,8.0,7.0,12.0,10.177858469417583,10.714719931592182,11.25045592817179,Planner A
SKU0035@LOC03,2025-06-23,2025-06-09,2,5.0,7.0,13.0,10.177858469417583,10.687569518773627,11.221947994712309,Planner A
SKU0035@LOC03,2025-06-30,2025-06-09,3,4.0,7.0,10.0,10.177858469417583,10.177858469417583,10.686751392888462,Planner A
SKU0035@LOC03,2025-07-07,2025-06-09,4,5.0,7.0,6.0,10.177858469417583,10.177858469417583,10.686751392888462,Planner A
SKU0035@LOC03,2025-07-14,2025-07-07,1,8.0,5.0,12.0,8.525892941784877,8.525892941784877,8.952187588874121,Planner A
SKU0035@LOC03,2025-07-21,2025-07-07,2,8.0,5.0,10.0,8.525892941784877,8.525892941784877,8.952187588874121,Planner A
SKU0035@LOC03,2025-07-28,2025-07-07,3,5.0,5.0,3.0,8.525892941784877,8.338575568859358,8.755504347302328,Planner A
SKU0035@LOC03,2025-08-04,2025-07-07,4,3.0,5.0,10.0,8.525892941784877,8.525892941784877,8.952187588874121,Planner A
SKU0035@LOC03,2025-08-11,2025-08-04,1,10.0,3.0,3.0,7.57503835910506,7.57503835910506,7.953790277060313,Planner A
SKU0035@LOC03,2025-08-18,2025-08-04,2,12.0,3.0,9.0,7.57503835910506,7.57503835910506,7.953790277060313,Planner A
SKU0035@LOC03,2025-08-25,2025-08-04,3,7.0,3.0,8.0,7.57503835910506,8.823505075665137,9.264680329448394,Planner A
SKU0035@LOC03,2025-09-01,2025-08-04,4,6.0,3.0,5.0,7.57503835910506,7.211175036672627,7.5717337885062586,Planner A
SKU0035@LOC03,2025-09-08,2025-09-01,1,6.0,6.0,9.0,7.9009826674088295,7.9009826674088295,8.296031800779271,Planner A
SKU0035@LOC03,2025-09-15,2025-09-01,2,6.0,6.0,6.0,7.9009826674088295,7.9009826674088295,8.296031800779271,Planner A
SKU0035@LOC03,2025-09-22,2025-09-01,3,5.0,6.0,4.0,7.9009826674088295,7.9009826674088295,8.296031800779271,Planner A
SKU0035@LOC03,2025-09-29,2025-09-01,4,8.0,6.0,5.0,7.9009826674088295,7.9009826674088295,8.296031800779271,Planner A
SKU0035@LOC03,2025-10-06,2025-09-29,1,9.0,8.0,7.0,7.357234728086933,7.357234728086933,7.72509646449128,Planner A
SKU0035@LOC03,2025-10-13,2025-09-29,2,7.0,8.0,9.0,7.357234728086933,7.357234728086933,7.72509646449128,Planner A
SKU0035@LOC03,2025-10-20,2025-09-29,3,7.0,8.0,9.0,7.357234728086933,7.516489810317314,7.8923143008331795,Planner A
SKU0035@LOC03,2025-10-27,2025-09-29,4,8.0,8.0,7.0,7.357234728086933,11.253037349250398,11.815689216712919,Planner A
SKU0035@LOC03,2025-11-03,2025-10-27,1,7.0,8.0,3.0,7.480181705097837,8.017426936097811,8.418298282902702,Planner A
SKU0035@LOC03,2025-11-10,2025-10-27,2,4.0,8.0,5.0,7.480181705097837,7.480181705097837,7.854190790352729,Planner A
SKU0035@LOC03,2025-11-17,2025-10-27,3,10.0,8.0,7.0,7.480181705097837,7.480181705097837,7.854190790352729,Planner A
SKU0035@LOC03,2025-11-24,2025-10-27,4,5.0,8.0,9.0,7.480181705097837,7.480181705097837,7.854190790352729,Planner A
SKU0035@LOC03,2025-12-01,2025-11-24,1,9.0,5.0,4.0,7.1420472167146904,7.1420472167146904,7.499149577550425,Planner A
SKU0035@LOC03,2025-12-08,2025-11-24,2,8.0,5.0,7.0,7.1420472167146904,7.1420472167146904,7.499149577550425,Planner A
SKU0035@LOC03,2025-12-15,2025-11-24,3,3.0,5.0,3.0,7.1420472167146904,7.1420472167146904,7.499149577550425,Planner A
SKU0035@LOC03,2025-12-22,2025-11-24,4,10.0,5.0,13.0,7.1420472167146904,7.1420472167146904,7.499149577550425,Planner A
SKU0036@LOC01,2025-05-19,2025-05-12,1,12.0,48.0,22.0,25.84418607774938,25.84418607774938,25.84418607774938,Planner B
SKU0036@LOC01,2025-05-26,2025-05-12,2,1.0,48.0,63.0,25.84418607774938,25.84418607774938,25.84418607774938,Planner B
SKU0036@LOC01,2025-06-02,2025-05-12,3,79.0,48.0,21.0,25.84418607774938,25.84418607774938,25.84418607774938,Planner B
SKU0036@LOC01,2025-06-09,2025-05-12,4,7.0,48.0,49.0,25.84418607774938,25.84418607774938,25.84418607774938,Planner B
SKU0036@LOC01,2025-06-16,2025-06-09,1,93.0,7.0,27.0,25.827126658748163,25.827126658748163,25.827126658748163,Planner B
SKU0036@LOC01,2025-06-23,2025-06-09,2,40.0,7.0,24.0,25.827126658748163,25.827126658748163,25.827126658748163,Planner B
SKU0036@LOC01,2025-06-30,2025-06-09,3,1.0,7.0,148.0,25.827126658748163,25.827126658748163,25.827126658748163,Planner B
SKU0036@LOC01,2025-07-07,2025-06-09,4,9.0,7.0,49.0,25.827126658748163,25.827126658748163,25.827126658748163,Planner B
SKU0036@LOC01,2025-07-14,2025-07-07,1,14.0,9.0,53.0,27.86146528540816,19.5222844020242,19.5222844020242,Planner B
SKU0036@LOC01,2025-07-21,2025-07-07,2,36.0,9.0,22.0,27.86146528540816,27.86146528540816,27.86146528540816,Planner B
SKU0036@LOC01,2025-07-28,2025-07-07,3,60.0,9.0,41.0,27.86146528540816,27.86146528540816,27.86146528540816,Planner B
SKU0036@LOC01,2025-08-04,2025-07-07,4,24.0,9.0,82.0,27.86146528540816,24.72182533475196,24.72182533475196,Planner B
SKU0036@LOC01,2025-08-11,2025-08-04,1,12.0,24.0,66.0,30.985021513141096,30.985021513141096,30.985021513141096,Planner B
SKU0036@LOC01,2025-08-18,2025-08-04,2,70.0,24.0,13.0,30.985021513141096,51.46289187689222,51.46289187689222,Planner B
SKU0036@LOC01,2025-08-25,2025-08-04,3,5.0,24.0,25.0,30.985021513141096,30.985021513141096,30.985021513141096,Planner B
SKU0036@LOC01,2025-09-01,2025-08-04,4,54.0,24.0,2.0,30.985021513141096,30.985021513141096,30.985021513141096,Planner B
SKU0036@LOC01,2025-09-08,2025-09-01,1,70.0,54.0,13.0,33.60354988624411,37.31837143314638,37.31837143314638,Planner B
SKU0036@LOC01,2025-09-15,2025-09-01,2,36.0,54.0,5.0,33.60354988624411,33.60354988624411,33.60354988624411,Planner B
SKU0036@LOC01,2025-09-22,2025-09-01,3,0.0,54.0,6.0,33.60354988624411,33.60354988624411,33.60354988624411,Planner B
SKU0036@LOC01,2025-09-29,2025-09-01,4,28.0,54.0,36.0,33.60354988624411,33.60354988624411,33.60354988624411,Planner B
SKU0036@LOC01,2025-10-06,2025-09-29,1,23.0,28.0,10.0,32.09107556280621,46.13852662125161,46.13852662125161,Planner B
SKU0036@LOC01,2025-10-13,2025-09-29,2,16.0,28.0,31.0,32.09107556280621,32.09107556280621,32.09107556280621,Planner B
SKU0036@LOC01,2025-10-20,2025-09-29,3,1.0,28.0,6.0,32.09107556280621,32.09107556280621,32.09107556280621,Planner B
SKU0036@LOC01,2025-10-27,2025-09-29,4,1.0,28.0,65.0,32.09107556280621,32.09107556280621,32.09107556280621,Planner B
SKU0036@LOC01,2025-11-03,2025-10-27,1,13.0,1.0,4.0,20.881973263007104,20.689474566257857,20.689474566257857,Planner B
SKU0036@LOC01,2025-11-10,2025-10-27,2,30.0,1.0,12.0,20.881973263007104,20.881973263007104,20.881973263007104,Planner B
SKU0036@LOC01,2025-11-17,2025-10-27,3,21.0,1.0,10.0,20.881973263007104,20.881973263007104,20.881973263007104,Planner B
SKU0036@LOC01,2025-11-24,2025-10-27,4,17.0,1.0,0.0,20.881973263007104,20.881973263007104,20.881973263007104,Planner B
SKU0036@LOC01,2025-12-01,2025-11-24,1,2.0,17.0,2.0,20.576814305622598,20.576814305622598,20.576814305622598,Planner B
SKU0036@LOC01,2025-12-08,2025-11-24,2,1.0,17.0,17.0,20.576814305622598,16.33469511057397,16.33469511057397,Planner B
SKU0036@LOC01,2025-12-15,2025-11-24,3,90.0,17.0,7.0,20.576814305622598,49.22808170275847,49.22808170275847,Planner B
SKU0036@LOC01,2025-12-22,2025-11-24,4,4.0,17.0,1.0,20.576814305622598,20.576814305622598,20.576814305622598,Planner B
SKU0036@LOC02,2025-05-19,2025-05-12,1,27.0,2.0,14.0,10.640740705585793,10.640740705585793,10.640740705585793,Planner C
SKU0036@LOC02,2025-05-26,2025-05-12,2,0.0,2.0,2.0,10.640740705585793,16.417400337816495,16.417400337816495,Planner C
SKU0036@LOC02,2025-06-02,2025-05-12,3,35.0,2.0,8.0,10.640740705585793,10.640740705585793,10.640740705585793,Planner C
SKU0036@LOC02,2025-06-09,2025-05-12,4,44.0,2.0,25.0,10.640740705585793,10.640740705585793,10.640740705585793,Planner C
SKU0036@LOC02,2025-06-16,2025-06-09,1,41.0,44.0,5.0,13.686906059329038,19.00696690968103,19.00696690968103,Planner C
SKU0036@LOC02,2025-06-23,2025-06-09,2,15.0,44.0,18.0,13.686906059329038,13.712381538229282,13.712381538229282,Planner C
SKU0036@LOC02,2025-06-30,2025-06-09,3,6.0,44.0,24.0,13.686906059329038,13.686906059329038,13.686906059329038,Planner C
SKU0036@LOC02,2025-07-07,2025-06-09,4,47.0,44.0,5.0,13.686906059329038,13.686906059329038,13.686906059329038,Planner C
SKU0036@LOC02,2025-07-14,2025-07-07,1,54.0,47.0,0.0,16.217564278486375,21.355241826719087,21.355241826719087,Planner C
SKU0036@LOC02,2025-07-21,2025-07-07,2,15.0,47.0,41.0,16.217564278486375,16.217564278486375,16.217564278486375,Planner C
SKU0036@LOC02,2025-07-28,2025-07-07,3,7.0,47.0,10.0,16.217564278486375,16.217564278486375,16.217564278486375,Planner C
SKU0036@LOC02,2025-08-04,2025-07-07,4,26.0,47.0,2.0,16.217564278486375,16.217564278486375,16.217564278486375,Planner C
SKU0036@LOC02,2025-08-11,2025-08-04,1,75.0,26.0,6.0,17.833594964603893,17.833594964603893,17.833594964603893,Planner C
SKU0036@LOC02,2025-08-18,2025-08-04,2,25.0,26.0,15.0,17.833594964603893,17.833594964603893,17.833594964603893,Planner C
SKU0036@LOC02,2025-08-25,2025-08-04,3,23.0,26.0,9.0,17.833594964603893,17.833594964603893,17.833594964603893,Planner C
SKU0036@LOC02,2025-09-01,2025-08-04,4,57.0,26.0,24.0,17.833594964603893,30.88067331125483,30.88067331125483,Planner C
SKU0036@LOC02,2025-09-08,2025-09-01,1,18.0,57.0,17.0,29.101493525513394,29.101493525513394,29.101493525513394,Planner C
SKU0036@LOC02,2025-09-15,2025-09-01,2,61.0,57.0,56.0,29.101493525513394,47.66638883035675,47.66638883035675,Planner C
SKU0036@LOC02,2025-09-22,2025-09-01,3,24.0,57.0,8.0,29.101493525513394,29.101493525513394,29.101493525513394,Planner C
SKU0036@LOC02,2025-09-29,2025-09-01,4,5.0,57.0,11.0,29.101493525513394,29.467068609752914,29.467068609752914,Planner C
SKU0036@LOC02,2025-10-06,2025-09-29,1,7.0,5.0,4.0,28.00668990208934,28.00668990208934,28.00668990208934,Planner C
SKU0036@LOC02,2025-10-13,2025-09-29,2,21.0,5.0,20.0,28.00668990208934,22.001168223562225,22.001168223562225,Planner C
SKU0036@LOC02,2025-10-20,2025-09-29,3,9.0,5.0,8.0,28.00668990208934,34.05654833819395,34.05654833819395,Planner C
SKU0036@LOC02,2025-10-27,2025-09-29,4,13.0,5.0,4.0,28.00668990208934,29.61557532250089,29.61557532250089,Planner C
SKU0036@LOC02,2025-11-03,2025-10-27,1,11.0,13.0,13.0,22.696489244760816,22.696489244760816,22.696489244760816,Planner C
SKU0036@LOC02,2025-11-10,2025-10-27,2,10.0,13.0,67.0,22.696489244760816,22.696489244760816,22.696489244760816,Planner C
SKU0036@LOC02,2025-11-17,2025-10-27,3,5.0,13.0,0.0,22.696489244760816,20.19546619761408,20.19546619761408,Planner C
SKU0036@LOC02,2025-11-24,2025-10-27,4,39.0,13.0,1.0,22.696489244760816,22.696489244760816,22.696489244760816,Planner C
SKU0036@LOC02,2025-12-01,2025-11-24,1,16.0,39.0,7.0,20.85306659348757,20.85306659348757,20.85306659348757,Planner C
SKU0036@LOC02,2025-12-08,2025-11-24,2,7.0,39.0,9.0,20.85306659348757,20.85306659348757,20.85306659348757,Planner C
SKU0036@LOC02,2025-12-15,2025-11-24,3,66.0,39.0,28.0,20.85306659348757,20.85306659348757,20.85306659348757,Planner C
SKU0036@LOC02,2025-12-22,2025-11-24,4,3.0,39.0,19.0,20.85306659348757,20.85306659348757,20.85306659348757,Planner C
SKU0036@LOC03,2025-05-19,2025-05-12,1,10.0,9.0,10.0,17.007569587644497,14.86633307881501,14.86633307881501,Planner D
SKU0036@LOC03,2025-05-26,2025-05-12,2,43.0,9.0,11.0,17.007569587644497,17.007569587644497,17.007569587644497,Planner D
SKU0036@LOC03,2025-06-02,2025-05-12,3,1.0,9.0,29.0,17.007569587644497,16.987920453420703,16.987920453420703,Planner D
SKU0036@LOC03,2025-06-09,2025-05-12,4,27.0,9.0,103.0,17.007569587644497,17.007569587644497,17.007569587644497,Planner D
SKU0036@LOC03,2025-06-16,2025-06-09,1,65.0,27.0,46.0,18.160666406453554,18.160666406453554,18.160666406453554,Planner D
SKU0036@LOC03,2025-06-23,2025-06-09,2,29.0,27.0,32.0,18.160666406453554,18.160666406453554,18.160666406453554,Planner D
SKU0036@LOC03,2025-06-30,2025-06-09,3,111.0,27.0,23.0,18.160666406453554,18.160666406453554,18.160666406453554,Planner D
SKU0036@LOC03,2025-07-07,2025-06-09,4,27.0,27.0,33.0,18.160666406453554,18.160666406453554,18.160666406453554,Planner D
SKU0036@LOC03,2025-07-14,2025-07-07,1,45.0,27.0,2.0,31.692713229274172,31.692713229274172,31.692713229274172,Planner D
SKU0036@LOC03,2025-07-21,2025-07-07,2,175.0,27.0,55.0,31.692713229274172,83.66879367096826,83.66879367096826,Planner D
SKU0036@LOC03,2025-07-28,2025-07-07,3,9.0,27.0,15.0,31.692713229274172,30.125228255715257,30.125228255715257,Planner D
SKU0036@LOC03,2025-08-04,2025-07-07,4,60.0,27.0,60.0,31.692713229274172,31.692713229274172,31.692713229274172,Planner D
SKU0036@LOC03,2025-08-11,2025-08-04,1,39.0,60.0,22.0,52.459595132176176,52.459595132176176,52.459595132176176,Planner D
SKU0036@LOC03,2025-08-18,2025-08-04,2,24.0,60.0,95.0,52.459595132176176,52.459595132176176,52.459595132176176,Planner D
SKU0036@LOC03,2025-08-25,2025-08-04,3,33.0,60.0,8.0,52.459595132176176,58.099550633488676,58.099550633488676,Planner D
SKU0036@LOC03,2025-09-01,2025-08-04,4,29.0,60.0,1.0,52.459595132176176,52.459595132176176,52.459595132176176,Planner D
SKU0036@LOC03,2025-09-08,2025-09-01,1,188.0,29.0,7.0,40.220368391135736,86.52984061582961,86.52984061582961,Planner D
SKU0036@LOC03,2025-09-15,2025-09-01,2,2.0,29.0,11.0,40.220368391135736,21.285043294878623,21.285043294878623,Planner D
SKU0036@LOC03,2025-09-22,2025-09-01,3,21.0,29.0,59.0,40.220368391135736,32.790738439472776,32.790738439472776,Planner D
SKU0036@LOC03,2025-09-29,2025-09-01,4,4.0,29.0,54.0,40.220368391135736,40.220368391135736,40.220368391135736,Planner D
SKU0036@LOC03,2025-10-06,2025-09-29,1,41.0,4.0,99.0,42.545783701424156,42.545783701424156,42.545783701424156,Planner D
SKU0036@LOC03,2025-10-13,2025-09-29,2,9.0,4.0,3.0,42.545783701424156,42.545783701424156,42.545783701424156,Planner D
SKU0036@LOC03,2025-10-20,2025-09-29,3,9.0,4.0,26.0,42.545783701424156,42.545783701424156,42.545783701424156,Planner D
SKU0036@LOC03,2025-10-27,2025-09-29,4,5.0,4.0,26.0,42.545783701424156,42.545783701424156,42.545783701424156,Planner D
SKU0036@LOC03,2025-11-03,2025-10-27,1,39.0,5.0,0.0,32.94218868650439,32.94218868650439,32.94218868650439,Planner D
SKU0036@LOC03,2025-11-10,2025-10-27,2,26.0,5.0,7.0,32.94218868650439,32.94218868650439,32.94218868650439,Planner D
SKU0036@LOC03,2025-11-17,2025-10-27,3,18.0,5.0,15.0,32.94218868650439,32.94218868650439,32.94218868650439,Planner D
SKU0036@LOC03,2025-11-24,2025-10-27,4,17.0,5.0,2.0,32.94218868650439,32.94218868650439,32.94218868650439,Planner D
SKU0036@LOC03,2025-12-01,2025-11-24,1,21.0,17.0,29.0,29.882469997215527,26.134410312806573,26.134410312806573,Planner D
SKU0036@LOC03,2025-12-08,2025-11-24,2,6.0,17.0,60.0,29.882469997215527,24.907399800254193,24.907399800254193,Planner D
SKU0036@LOC03,2025-12-15,2025-11-24,3,6.0,17.0,54.0,29.882469997215527,29.882469997215527,29.882469997215527,Planner D
SKU0036@LOC03,2025-12-22,2025-11-24,4,47.0,17.0,13.0,29.882469997215527,29.882469997215527,29.882469997215527,Planner D
SKU0037@LOC01,2025-05-19,2025-05-12,1,1.0,2.0,8.0,3.836952499407162,3.836952499407162,3.836952499407162,Planner A
SKU0037@LOC01,2025-05-26,2025-05-12,2,2.0,2.0,2.0,3.836952499407162,3.836952499407162,3.836952499407162,Planner A
SKU0037@LOC01,2025-06-02,2025-05-12,3,5.0,2.0,1.0,3.836952499407162,4.840520604024695,4.840520604024695,Planner A
SKU0037@LOC01,2025-06-09,2025-05-12,4,6.0,2.0,4.0,3.836952499407162,3.836952499407162,3.836952499407162,Planner A
SKU0037@LOC01,2025-06-16,2025-06-09,1,3.0,6.0,9.0,3.7958405417202545,3.7958405417202545,3.7958405417202545,Planner A
SKU0037@LOC01,2025-06-23,2025-06-09,2,1.0,6.0,5.0,3.7958405417202545,3.7958405417202545,3.7958405417202545,Planner A
SKU0037@LOC01,2025-06-30,2025-06-09,3,4.0,6.0,3.0,3.7958405417202545,5.780240636065925,5.780240636065925,Planner A
SKU0037@LOC01,2025-07-07,2025-06-09,4,5.0,6.0,2.0,3.7958405417202545,4.590333545231676,4.590333545231676,Planner A
SKU0037@LOC01,2025-07-14,2025-07-07,1,18.0,5.0,3.0,3.705467095234533,3.705467095234533,3.705467095234533,Planner A
SKU0037@LOC01,2025-07-21,2025-07-07,2,2.0,5.0,7.0,3.705467095234533,3.705467095234533,3.705467095234533,Planner A
SKU0037@LOC01,2025-07-28,2025-07-07,3,3.0,5.0,6.0,3.705467095234533,3.705467095234533,3.705467095234533,Planner A
SKU0037@LOC01,2025-08-04,2025-07-07,4,7.0,5.0,7.0,3.705467095234533,3.705467095234533,3.705467095234533,Planner A
SKU0037@LOC01,2025-08-11,2025-08-04,1,5.0,7.0,3.0,4.372513608237872,4.372513608237872,4.372513608237872,Planner A
SKU0037@LOC01,2025-08-18,2025-08-04,2,3.0,7.0,3.0,4.372513608237872,4.372513608237872,4.372513608237872,Planner A
SKU0037@LOC01,2025-08-25,2025-08-04,3,7.0,7.0,4.0,4.372513608237872,4.372513608237872,4.372513608237872,Planner A
SKU0037@LOC01,2025-09-01,2025-08-04,4,2.0,7.0,16.0,4.372513608237872,4.372513608237872,4.372513608237872,Planner A
SKU0037@LOC01,2025-09-08,2025-09-01,1,0.0,2.0,3.0,4.343658412119798,4.343658412119798,4.343658412119798,Planner A
SKU0037@LOC01,2025-09-15,2025-09-01,2,1.0,2.0,3.0,4.343658412119798,4.343658412119798,4.343658412119798,Planner A
SKU0037@LOC01,2025-09-22,2025-09-01,3,4.0,2.0,5.0,4.343658412119798,4.343658412119798,4.343658412119798,Planner A
SKU0037@LOC01,2025-09-29,2025-09-01,4,4.0,2.0,3.0,4.343658412119798,4.343658412119798,4.343658412119798,Planner A
SKU0037@LOC01,2025-10-06,2025-09-29,1,6.0,4.0,1.0,3.9730619245366516,3.9730619245366516,3.9730619245366516,Planner A
SKU0037@LOC01,2025-10-13,2025-09-29,2,4.0,4.0,5.0,3.9730619245366516,3.9730619245366516,3.9730619245366516,Planner A
SKU0037@LOC01,2025-10-20,2025-09-29,3,4.0,4.0,10.0,3.9730619245366516,3.9730619245366516,3.9730619245366516,Planner A
SKU0037@LOC01,2025-10-27,2025-09-29,4,5.0,4.0,2.0,3.9730619245366516,3.9730619245366516,3.9730619245366516,Planner A
SKU0037@LOC01,2025-11-03,2025-10-27,1,7.0,5.0,6.0,4.113796269172131,4.113796269172131,4.113796269172131,Planner A
SKU0037@LOC01,2025-11-10,2025-10-27,2,3.0,5.0,6.0,4.113796269172131,4.113796269172131,4.113796269172131,Planner A
SKU0037@LOC01,2025-11-17,2025-10-27,3,4.0,5.0,4.0,4.113796269172131,4.113796269172131,4.113796269172131,Planner A
SKU0037@LOC01,2025-11-24,2025-10-27,4,5.0,5.0,7.0,4.113796269172131,4.113796269172131,4.113796269172131,Planner A
SKU0037@LOC01,2025-12-01,2025-11-24,1,3.0,5.0,6.0,4.226169022467383,4.226169022467383,4.226169022467383,Planner A
SKU0037@LOC01,2025-12-08,2025-11-24,2,5.0,5.0,10.0,4.226169022467383,4.226169022467383,4.226169022467383,Planner A
SKU0037@LOC01,2025-12-15,2025-11-24,3,3.0,5.0,6.0,4.226169022467383,4.226169022467383,4.226169022467383,Planner A
SKU0037@LOC01,2025-12-22,2025-11-24,4,8.0,5.0,3.0,4.226169022467383,4.226169022467383,4.226169022467383,Planner A
SKU0037@LOC02,2025-05-19,2025-05-12,1,5.0,2.0,6.0,2.968393193762255,3.3394768892220092,3.3394768892220092,Planner B
SKU0037@LOC02,2025-05-26,2025-05-12,2,3.0,2.0,7.0,2.968393193762255,2.968393193762255,2.968393193762255,Planner B
SKU0037@LOC02,2025-06-02,2025-05-12,3,3.0,2.0,7.0,2.968393193762255,2.968393193762255,2.968393193762255,Planner B
SKU0037@LOC02,2025-06-09,2025-05-12,4,3.0,2.0,1.0,2.968393193762255,3.2408183517745166,3.2408183517745166,Planner B
SKU0037@LOC02,2025-06-16,2025-06-09,1,6.0,3.0,4.0,3.0599935587768177,3.0599935587768177,3.0599935587768177,Planner B
SKU0037@LOC02,2025-06-23,2025-06-09,2,3.0,3.0,4.0,3.0599935587768177,3.0599935587768177,3.0599935587768177,Planner B
SKU0037@LOC02,2025-06-30,2025-06-09,3,4.0,3.0,4.0,3.0599935587768177,3.7819760081575104,3.7819760081575104,Planner B
SKU0037@LOC02,2025-07-07,2025-06-09,4,3.0,3.0,8.0,3.0599935587768177,3.0599935587768177,3.0599935587768177,Planner B
SKU0037@LOC02,2025-07-14,2025-07-07,1,1.0,3.0,3.0,3.2249713785834606,3.2249713785834606,3.2249713785834606,Planner B
SKU0037@LOC02,2025-07-21,2025-07-07,2,11.0,3.0,3.0,3.2249713785834606,3.2249713785834606,3.2249713785834606,Planner B
SKU0037@LOC02,2025-07-28,2025-07-07,3,5.0,3.0,3.0,3.2249713785834606,3.2249713785834606,3.2249713785834606,Planner B
SKU0037@LOC02,2025-08-04,2025-07-07,4,3.0,3.0,3.0,3.2249713785834606,3.2249713785834606,3.2249713785834606,Planner B
SKU0037@LOC02,2025-08-11,2025-08-04,1,1.0,3.0,2.0,3.553503093927345,3.553503093927345,3.553503093927345,Planner B
SKU0037@LOC02,2025-08-18,2025-08-04,2,1.0,3.0,7.0,3.553503093927345,3.553503093927345,3.553503093927345,Planner B
SKU0037@LOC02,2025-08-25,2025-08-04,3,2.0,3.0,2.0,3.553503093927345,5.123984478779244,5.123984478779244,Planner B
SKU0037@LOC02,2025-09-01,2025-08-04,4,3.0,3.0,10.0,3.553503093927345,3.553503093927345,3.553503093927345,Planner B
SKU0037@LOC02,2025-09-08,2025-09-01,1,3.0,3.0,4.0,3.2273442293981596,3.2273442293981596,3.2273442293981596,Planner B
SKU0037@LOC02,2025-09-15,2025-09-01,2,5.0,3.0,1.0,3.2273442293981596,3.2273442293981596,3.2273442293981596,Planner B
SKU0037@LOC02,2025-09-22,2025-09-01,3,3.0,3.0,2.0,3.2273442293981596,3.2273442293981596,3.2273442293981596,Planner B
SKU0037@LOC02,2025-09-29,2025-09-01,4,3.0,3.0,7.0,3.2273442293981596,3.2273442293981596,3.2273442293981596,Planner B
SKU0037@LOC02,2025-10-06,2025-09-29,1,5.0,3.0,3.0,3.2754232957462346,3.2754232957462346,3.2754232957462346,Planner B
SKU0037@LOC02,2025-10-13,2025-09-29,2,3.0,3.0,3.0,3.2754232957462346,2.694737056932822,2.694737056932822,Planner B
SKU0037@LOC02,2025-10-20,2025-09-29,3,7.0,3.0,5.0,3.2754232957462346,3.2754232957462346,3.2754232957462346,Planner B
SKU0037@LOC02,2025-10-27,2025-09-29,4,4.0,3.0,1.0,3.2754232957462346,3.2754232957462346,3.2754232957462346,Planner B
SKU0037@LOC02,2025-11-03,2025-10-27,1,3.0,4.0,3.0,3.550071495780906,3.550071495780906,3.550071495780906,Planner B
SKU0037@LOC02,2025-11-10,2025-10-27,2,4.0,4.0,2.0,3.550071495780906,3.550071495780906,3.550071495780906,Planner B
SKU0037@LOC02,2025-11-17,2025-10-27,3,5.0,4.0,1.0,3.550071495780906,3.550071495780906,3.550071495780906,Planner B
SKU0037@LOC02,2025-11-24,2025-10-27,4,5.0,4.0,5.0,3.550071495780906,3.550071495780906,3.550071495780906,Planner B
SKU0037@LOC02,2025-12-01,2025-11-24,1,2.0,5.0,3.0,3.6881616712603966,3.6881616712603966,3.6881616712603966,Planner B
SKU0037@LOC02,2025-12-08,2025-11-24,2,6.0,5.0,0.0,3.6881616712603966,4.135351112561944,4.135351112561944,Planner B
SKU0037@LOC02,2025-12-15,2025-11-24,3,1.0,5.0,2.0,3.6881616712603966,3.6881616712603966,3.6881616712603966,Planner B
SKU0037@LOC02,2025-12-22,2025-11-24,4,5.0,5.0,3.0,3.6881616712603966,3.6881616712603966,3.6881616712603966,Planner B
SKU0037@LOC03,2025-05-19,2025-05-12,1,2.0,7.0,2.0,3.999056871686772,3.999056871686772,3.999056871686772,Planner C
SKU0037@LOC03,2025-05-26,2025-05-12,2,2.0,7.0,11.0,3.999056871686772,3.999056871686772,3.999056871686772,Planner C
SKU0037@LOC03,2025-06-02,2025-05-12,3,9.0,7.0,6.0,3.999056871686772,3.164218312368975,3.164218312368975,Planner C
SKU0037@LOC03,2025-06-09,2025-05-12,4,2.0,7.0,3.0,3.999056871686772,3.999056871686772,3.999056871686772,Planner C
SKU0037@LOC03,2025-06-16,2025-06-09,1,2.0,2.0,6.0,3.9415812135136914,3.9415812135136914,3.9415812135136914,Planner C
SKU0037@LOC03,2025-06-23,2025-06-09,2,4.0,2.0,5.0,3.9415812135136914,3.9415812135136914,3.9415812135136914,Planner C
SKU0037@LOC03,2025-06-30,2025-06-09,3,1.0,2.0,6.0,3.9415812135136914,5.804108383435606,5.804108383435606,Planner C
SKU0037@LOC03,2025-07-07,2025-06-09,4,3.0,2.0,8.0,3.9415812135136914,4.939571190300009,4.939571190300009,Planner C
SKU0037@LOC03,2025-07-14,2025-07-07,1,6.0,3.0,5.0,3.445871434186333,3.445871434186333,3.445871434186333,Planner C
SKU0037@LOC03,2025-07-21,2025-07-07,2,4.0,3.0,3.0,3.445871434186333,3.445871434186333,3.445871434186333,Planner C
SKU0037@LOC03,2025-07-28,2025-07-07,3,5.0,3.0,4.0,3.445871434186333,5.490852776772254,5.490852776772254,Planner C
SKU0037@LOC03,2025-08-04,2025-07-07,4,5.0,3.0,5.0,3.445871434186333,4.986613798164252,4.986613798164252,Planner C
SKU0037@LOC03,2025-08-11,2025-08-04,1,4.0,5.0,11.0,3.9722362479696534,3.9722362479696534,3.9722362479696534,Planner C
SKU0037@LOC03,2025-08-18,2025-08-04,2,5.0,5.0,4.0,3.9722362479696534,4.861616807052786,4.861616807052786,Planner C
SKU0037@LOC03,2025-08-25,2025-08-04,3,7.0,5.0,7.0,3.9722362479696534,3.9722362479696534,3.9722362479696534,Planner C
SKU0037@LOC03,2025-09-01,2025-08-04,4,2.0,5.0,5.0,3.9722362479696534,3.9722362479696534,3.9722362479696534,Planner C
SKU0037@LOC03,2025-09-08,2025-09-01,1,7.0,2.0,8.0,4.13278420229289,5.892689442357965,5.892689442357965,Planner C
SKU0037@LOC03,2025-09-15,2025-09-01,2,3.0,2.0,7.0,4.13278420229289,4.13278420229289,4.13278420229289,Planner C
SKU0037@LOC03,2025-09-22,2025-09-01,3,6.0,2.0,8.0,4.13278420229289,4.321334417571566,4.321334417571566,Planner C
SKU0037@LOC03,2025-09-29,2025-09-01,4,6.0,2.0,6.0,4.13278420229289,4.13278420229289,4.13278420229289,Planner C
SKU0037@LOC03,2025-10-06,2025-09-29,1,1.0,6.0,8.0,4.604819715124365,4.604819715124365,4.604819715124365,Planner C
SKU0037@LOC03,2025-10-13,2025-09-29,2,4.0,6.0,7.0,4.604819715124365,4.604819715124365,4.604819715124365,Planner C
SKU0037@LOC03,2025-10-20,2025-09-29,3,6.0,6.0,12.0,4.604819715124365,4.604819715124365,4.604819715124365,Planner C
SKU0037@LOC03,2025-10-27,2025-09-29,4,1.0,6.0,2.0,4.604819715124365,2.6520246048948692,2.6520246048948692,Planner C
SKU0037@LOC03,2025-11-03,2025-10-27,1,4.0,1.0,2.0,4.058122215093095,4.058122215093095,4.058122215093095,Planner C
SKU0037@LOC03,2025-11-10,2025-10-27,2,6.0,1.0,10.0,4.058122215093095,4.058122215093095,4.058122215093095,Planner C
SKU0037@LOC03,2025-11-17,2025-10-27,3,3.0,1.0,4.0,4.058122215093095,4.058122215093095,4.058122215093095,Planner C
SKU0037@LOC03,2025-11-24,2025-10-27,4,1.0,1.0,8.0,4.058122215093095,4.058122215093095,4.058122215093095,Planner C
SKU0037@LOC03,2025-12-01,2025-11-24,1,4.0,1.0,3.0,3.8101339853225804,4.333786723634319,4.333786723634319,Planner C
SKU0037@LOC03,2025-12-08,2025-11-24,2,5.0,1.0,9.0,3.8101339853225804,3.8101339853225804,3.8101339853225804,Planner C
SKU0037@LOC03,2025-12-15,2025-11-24,3,7.0,1.0,3.0,3.8101339853225804,3.8101339853225804,3.8101339853225804,Planner C
SKU0037@LOC03,2025-12-22,2025-11-24,4,3.0,1.0,6.0,3.8101339853225804,3.8101339853225804,3.8101339853225804,Planner C
SKU0038@LOC01,2025-05-19,2025-05-12,1,10.0,6.0,6.0,8.180347632520938,8.180347632520938,8.589365014146985,Planner D
SKU0038@LOC01,2025-05-26,2025-05-12,2,11.0,6.0,10.0,8.180347632520938,8.180347632520938,8.589365014146985,Planner D
SKU0038@LOC01,2025-06-02,2025-05-12,3,10.0,6.0,10.0,8.180347632520938,9.262667674011142,9.7258010577117,Planner D
SKU0038@LOC01,2025-06-09,2025-05-12,4,8.0,6.0,10.0,8.180347632520938,8.180347632520938,8.589365014146985,Planner D
SKU0038@LOC01,2025-06-16,2025-06-09,1,10.0,8.0,8.0,9.181867813880228,9.181867813880228,9.64096120457424,Planner D
SKU0038@LOC01,2025-06-23,2025-06-09,2,9.0,8.0,14.0,9.181867813880228,9.181867813880228,9.64096120457424,Planner D
SKU0038@LOC01,2025-06-30,2025-06-09,3,13.0,8.0,14.0,9.181867813880228,9.181867813880228,9.64096120457424,Planner D
SKU0038@LOC01,2025-07-07,2025-06-09,4,6.0,8.0,10.0,9.181867813880228,9.181867813880228,9.64096120457424,Planner D
SKU0038@LOC01,2025-07-14,2025-07-07,1,8.0,6.0,15.0,9.231001221079282,9.231001221079282,9.692551282133246,Planner D
SKU0038@LOC01,2025-07-21,2025-07-07,2,7.0,6.0,15.0,9.231001221079282,9.231001221079282,9.692551282133246,Planner D
SKU0038@LOC01,2025-07-28,2025-07-07,3,9.0,6.0,14.0,9.231001221079282,9.231001221079282,9.692551282133246,Planner D
SKU0038@LOC01,2025-08-04,2025-07-07,4,13.0,6.0,11.0,9.231001221079282,7.2781971053703876,7.642106960638907,Planner D
SKU0038@LOC01,2025-08-11,2025-08-04,1,4.0,13.0,15.0,9.255033188326706,9.255033188326706,9.717784847743042,Planner D
SKU0038@LOC01,2025-08-18,2025-08-04,2,11.0,13.0,15.0,9.255033188326706,9.255033188326706,9.717784847743042,Planner D
SKU0038@LOC01,2025-08-25,2025-08-04,3,9.0,13.0,8.0,9.255033188326706,9.255033188326706,9.717784847743042,Planner D
SKU0038@LOC01,2025-09-01,2025-08-04,4,14.0,13.0,16.0,9.255033188326706,9.255033188326706,9.717784847743042,Planner D
SKU0038@LOC01,2025-09-08,2025-09-01,1,4.0,14.0,6.0,9.33363237584953,9.33363237584953,9.800313994642007,Planner D
SKU0038@LOC01,2025-09-15,2025-09-01,2,7.0,14.0,13.0,9.33363237584953,9.33363237584953,9.800313994642007,Planner D
SKU0038@LOC01,2025-09-22,2025-09-01,3,27.0,14.0,8.0,9.33363237584953,9.33363237584953,9.800313994642007,Planner D
SKU0038@LOC01,2025-09-29,2025-09-01,4,11.0,14.0,13.0,9.33363237584953,10.238013556481384,10.749914234305454,Planner D
SKU0038@LOC01,2025-10-06,2025-09-29,1,4.0,11.0,9.0,9.922151905331791,9.922151905331791,10.418259500598381,Planner D
SKU0038@LOC01,2025-10-13,2025-09-29,2,9.0,11.0,7.0,9.922151905331791,9.922151905331791,10.418259500598381,Planner D
SKU0038@LOC01,2025-10-20,2025-09-29,3,7.0,11.0,11.0,9.922151905331791,9.922151905331791,10.418259500598381,Planner D
SKU0038@LOC01,2025-10-27,2025-09-29,4,9.0,11.0,10.0,9.922151905331791,9.922151905331791,10.418259500598381,Planner D
SKU0038@LOC01,2025-11-03,2025-10-27,1,10.0,9.0,13.0,9.441754740342153,9.441754740342153,9.913842477359262,Planner D
SKU0038@LOC01,2025-11-10,2025-10-27,2,10.0,9.0,15.0,9.441754740342153,7.58879076664503,7.968230304977282,Planner D
SKU0038@LOC01,2025-11-17,2025-10-27,3,10.0,9.0,8.0,9.441754740342153,9.441754740342153,9.913842477359262,Planner D
SKU0038@LOC01,2025-11-24,2025-10-27,4,7.0,9.0,12.0,9.441754740342153,9.046413185613197,9.498733844893858,Planner D
SKU0038@LOC01,2025-12-01,2025-11-24,1,10.0,7.0,5.0,9.395305746975813,9.395305746975813,9.865071034324604,Planner D
SKU0038@LOC01,2025-12-08,2025-11-24,2,9.0,7.0,10.0,9.395305746975813,9.395305746975813,9.865071034324604,Planner D
SKU0038@LOC01,2025-12-15,2025-11-24,3,6.0,7.0,10.0,9.395305746975813,9.395305746975813,9.865071034324604,Planner D
SKU0038@LOC01,2025-12-22,2025-11-24,4,10.0,7.0,10.0,9.395305746975813,9.395305746975813,9.865071034324604,Planner D
SKU0038@LOC02,2025-05-19,2025-05-12,1,3.0,4.0,9.0,4.831168345153302,4.831168345153302,4.831168345153302,Planner A
SKU0038@LOC02,2025-05-26,2025-05-12,2,6.0,4.0,5.0,4.831168345153302,4.831168345153302,4.831168345153302,Planner A
SKU0038@LOC02,2025-06-02,2025-05-12,3,3.0,4.0,6.0,4.831168345153302,4.831168345153302,4.831168345153302,Planner A
SKU0038@LOC02,2025-06-09,2025-05-12,4,2.0,4.0,11.0,4.831168345153302,4.831168345153302,4.831168345153302,Planner A
SKU0038@LOC02,2025-06-16,2025-06-09,1,6.0,2.0,10.0,4.131006320972181,4.131006320972181,4.131006320972181,Planner A
SKU0038@LOC02,2025-06-23,2025-06-09,2,7.0,2.0,8.0,4.131006320972181,6.305191639687083,6.305191639687083,Planner A
SKU0038@LOC02,2025-06-30,2025-06-09,3,6.0,2.0,10.0,4.131006320972181,4.131006320972181,4.131006320972181,Planner A
SKU0038@LOC02,2025-07-07,2025-06-09,4,6.0,2.0,8.0,4.131006320972181,4.131006320972181,4.131006320972181,Planner A
SKU0038@LOC02,2025-07-14,2025-07-07,1,5.0,6.0,7.0,5.132748618336985,5.132748618336985,5.132748618336985,Planner A
SKU0038@LOC02,2025-07-21,2025-07-07,2,9.0,6.0,4.0,5.132748618336985,8.19773241059292,8.19773241059292,Planner A
SKU0038@LOC02,2025-07-28,2025-07-07,3,8.0,6.0,10.0,5.132748618336985,5.236291919165204,5.236291919165204,Planner A
SKU0038@LOC02,2025-08-04,2025-07-07,4,5.0,6.0,16.0,5.132748618336985,5.132748618336985,5.132748618336985,Planner A
SKU0038@LOC02,2025-08-11,2025-08-04,1,11.0,5.0,13.0,5.88529560845077,5.88529560845077,5.88529560845077,Planner A
SKU0038@LOC02,2025-08-18,2025-08-04,2,5.0,5.0,11.0,5.88529560845077,5.88529560845077,5.88529560845077,Planner A
SKU0038@LOC02,2025-08-25,2025-08-04,3,10.0,5.0,6.0,5.88529560845077,5.88529560845077,5.88529560845077,Planner A
SKU0038@LOC02,2025-09-01,2025-08-04,4,11.0,5.0,5.0,5.88529560845077,5.88529560845077,5.88529560845077,Planner A
SKU0038@LOC02,2025-09-08,2025-09-01,1,5.0,11.0,12.0,8.060362843517794,9.81442013454725,9.81442013454725,Planner A
SKU0038@LOC02,2025-09-15,2025-09-01,2,12.0,11.0,18.0,8.060362843517794,6.951621405195569,6.951621405195569,Planner A
SKU0038@LOC02,2025-09-22,2025-09-01,3,10.0,11.0,8.0,8.060362843517794,8.060362843517794,8.060362843517794,Planner A
SKU0038@LOC02,2025-09-29,2025-09-01,4,2.0,11.0,7.0,8.060362843517794,10.136616393619558,10.136616393619558,Planner A
SKU0038@LOC02,2025-10-06,2025-09-29,1,8.0,2.0,9.0,7.27846365398965,7.27846365398965,7.27846365398965,Planner A
SKU0038@LOC02,2025-10-13,2025-09-29,2,7.0,2.0,8.0,7.27846365398965,9.161478476214057,9.161478476214057,Planner A
SKU0038@LOC02,2025-10-20,2025-09-29,3,11.0,2.0,12.0,7.27846365398965,8.288625030889136,8.288625030889136,Planner A
SKU0038@LOC02,2025-10-27,2025-09-29,4,4.0,2.0,12.0,7.27846365398965,10.204339721430983,10.204339721430983,Planner A
SKU0038@LOC02,2025-11-03,2025-10-27,1,12.0,4.0,9.0,7.297478517780435,7.866330652247525,7.866330652247525,Planner A
SKU0038@LOC02,2025-11-10,2025-10-27,2,13.0,4.0,7.0,7.297478517780435,12.74983804333015,12.74983804333015,Planner A
SKU0038@LOC02,2025-11-17,2025-10-27,3,6.0,4.0,14.0,7.297478517780435,7.297478517780435,7.297478517780435,Planner A
SKU0038@LOC02,2025-11-24,2025-10-27,4,13.0,4.0,16.0,7.297478517780435,7.297478517780435,7.297478517780435,Planner A
SKU0038@LOC02,2025-12-01,2025-11-24,1,2.0,13.0,4.0,9.038629395522124,9.038629395522124,9.038629395522124,Planner A
SKU0038@LOC02,2025-12-08,2025-11-24,2,5.0,13.0,3.0,9.038629395522124,9.038629395522124,9.038629395522124,Planner A
SKU0038@LOC02,2025-12-15,2025-11-24,3,3.0,13.0,3.0,9.038629395522124,9.038629395522124,9.038629395522124,Planner A
SKU0038@LOC02,2025-12-22,2025-11-24,4,4.0,13.0,9.0,9.038629395522124,9.038629395522124,9.038629395522124,Planner A
SKU0038@LOC03,2025-05-19,2025-05-12,1,4.0,8.0,8.0,6.54790691118995,6.54790691118995,6.875302256749448,Planner B
SKU0038@LOC03,2025-05-26,2025-05-12,2,4.0,8.0,3.0,6.54790691118995,3.0949320152813478,3.2496786160454154,Planner B
SKU0038@LOC03,2025-06-02,2025-05-12,3,8.0,8.0,8.0,6.54790691118995,6.54790691118995,6.875302256749448,Planner B
SKU0038@LOC03,2025-06-09,2025-05-12,4,7.0,8.0,6.0,6.54790691118995,6.54790691118995,6.875302256749448,Planner B
SKU0038@LOC03,2025-06-16,2025-06-09,1,8.0,7.0,2.0,6.351752449376708,6.351752449376708,6.669340071845544,Planner B
SKU0038@LOC03,2025-06-23,2025-06-09,2,16.0,7.0,6.0,6.351752449376708,11.012721187283894,11.563357246648089,Planner B
SKU0038@LOC03,2025-06-30,2025-06-09,3,13.0,7.0,6.0,6.351752449376708,6.351752449376708,6.669340071845544,Planner B
SKU0038@LOC03,2025-07-07,2025-06-09,4,4.0,7.0,13.0,6.351752449376708,6.351752449376708,6.669340071845544,Planner B
SKU0038@LOC03,2025-07-14,2025-07-07,1,12.0,4.0,9.0,8.630255763095347,8.630255763095347,9.061768551250115,Planner B
SKU0038@LOC03,2025-07-21,2025-07-07,2,11.0,4.0,13.0,8.630255763095347,8.630255763095347,9.061768551250115,Planner B
SKU0038@LOC03,2025-07-28,2025-07-07,3,9.0,4.0,9.0,8.630255763095347,8.630255763095347,9.061768551250115,Planner B
SKU0038@LOC03,2025-08-04,2025-07-07,4,13.0,4.0,13.0,8.630255763095347,8.630255763095347,9.061768551250115,Planner B
SKU0038@LOC03,2025-08-11,2025-08-04,1,19.0,13.0,14.0,10.713924408719192,10.713924408719192,11.249620629155153,Planner B
SKU0038@LOC03,2025-08-18,2025-08-04,2,11.0,13.0,8.0,10.713924408719192,6.78813337772208,7.127540046608184,Planner B
SKU0038@LOC03,2025-08-25,2025-08-04,3,6.0,13.0,8.0,10.713924408719192,11.30801829335092,11.873419208018465,Planner B
SKU0038@LOC03,2025-09-01,2025-08-04,4,17.0,13.0,10.0,10.713924408719192,10.713924408719192,11.249620629155153,Planner B
SKU0038@LOC03,2025-09-08,2025-09-01,1,14.0,17.0,8.0,12.504513250533478,12.504513250533478,13.129738913060152,Planner B
SKU0038@LOC03,2025-09-15,2025-09-01,2,14.0,17.0,20.0,12.504513250533478,12.504513250533478,13.129738913060152,Planner B
SKU0038@LOC03,2025-09-22,2025-09-01,3,12.0,17.0,11.0,12.504513250533478,12.504513250533478,13.129738913060152,Planner B
SKU0038@LOC03,2025-09-29,2025-09-01,4,15.0,17.0,15.0,12.504513250533478,8.788342422859161,9.227759544002119,Planner B
SKU0038@LOC03,2025-10-06,2025-09-29,1,11.0,15.0,14.0,13.520933631453087,13.520933631453087,14.196980313025742,Planner B
SKU0038@LOC03,2025-10-13,2025-09-29,2,9.0,15.0,22.0,13.520933631453087,13.188170338133407,13.847578855040078,Planner B
SKU0038@LOC03,2025-10-20,2025-09-29,3,20.0,15.0,15.0,13.520933631453087,13.520933631453087,14.196980313025742,Planner B
SKU0038@LOC03,2025-10-27,2025-09-29,4,12.0,15.0,13.0,13.520933631453087,13.520933631453087,14.196980313025742,Planner B
SKU0038@LOC03,2025-11-03,2025-10-27,1,14.0,12.0,13.0,13.501276164911888,17.213924074106252,18.074620277811565,Planner B
SKU0038@LOC03,2025-11-10,2025-10-27,2,14.0,12.0,17.0,13.501276164911888,15.258589160800582,16.021518618840613,Planner B
SKU0038@LOC03,2025-11-17,2025-10-27,3,11.0,12.0,12.0,13.501276164911888,13.501276164911888,14.176339973157482,Planner B
SKU0038@LOC03,2025-11-24,2025-10-27,4,19.0,12.0,16.0,13.501276164911888,11.079398819831841,11.633368760823434,Planner B
SKU0038@LOC03,2025-12-01,2025-11-24,1,12.0,19.0,12.0,14.750256407195344,16.10364408246464,16.908826286587875,Planner B
SKU0038@LOC03,2025-12-08,2025-11-24,2,4.0,19.0,20.0,14.750256407195344,14.750256407195344,15.487769227555113,Planner B
SKU0038@LOC03,2025-12-15,2025-11-24,3,3.0,19.0,8.0,14.750256407195344,14.750256407195344,15.487769227555113,Planner B
SKU0038@LOC03,2025-12-22,2025-11-24,4,8.0,19.0,16.0,14.750256407195344,14.750256407195344,15.487769227555113,Planner B
SKU0039@LOC01,2025-05-19,2025-05-12,1,0.0,1.0,5.0,2.277559864046988,2.2619837429573706,2.2619837429573706,Planner C
SKU0039@LOC01,2025-05-26,2025-05-12,2,3.0,1.0,6.0,2.277559864046988,2.277559864046988,2.277559864046988,Planner C
SKU0039@LOC01,2025-06-02,2025-05-12,3,0.0,1.0,0.0,2.277559864046988,2.068164357074802,2.068164357074802,Planner C
SKU0039@LOC01,2025-06-09,2025-05-12,4,0.0,1.0,0.0,2.277559864046988,1.7402081275674712,1.7402081275674712,Planner C
SKU0039@LOC01,2025-06-16,2025-06-09,1,0.0,0.0,0.0,2.1937454103990843,2.1937454103990843,2.1937454103990843,Planner C
SKU0039@LOC01,2025-06-23,2025-06-09,2,0.0,0.0,0.0,2.1937454103990843,3.0292563972975732,3.0292563972975732,Planner C
SKU0039@LOC01,2025-06-30,2025-06-09,3,7.0,0.0,6.0,2.1937454103990843,2.1937454103990843,2.1937454103990843,Planner C
SKU0039@LOC01,2025-07-07,2025-06-09,4,5.0,0.0,0.0,2.1937454103990843,2.476852938244257,2.476852938244257,Planner C
SKU0039@LOC01,2025-07-14,2025-07-07,1,3.0,5.0,0.0,2.1332047834672387,1.151935672970212,1.151935672970212,Planner C
SKU0039@LOC01,2025-07-21,2025-07-07,2,5.0,5.0,0.0,2.1332047834672387,2.1332047834672387,2.1332047834672387,Planner C
SKU0039@LOC01,2025-07-28,2025-07-07,3,0.0,5.0,4.0,2.1332047834672387,2.1332047834672387,2.1332047834672387,Planner C
SKU0039@LOC01,2025-08-04,2025-07-07,4,6.0,5.0,4.0,2.1332047834672387,2.616501097814555,2.616501097814555,Planner C
SKU0039@LOC01,2025-08-11,2025-08-04,1,4.0,6.0,8.0,2.35463280518556,3.3686437845461894,3.3686437845461894,Planner C
SKU0039@LOC01,2025-08-18,2025-08-04,2,8.0,6.0,5.0,2.35463280518556,2.35463280518556,2.35463280518556,Planner C
SKU0039@LOC01,2025-08-25,2025-08-04,3,0.0,6.0,6.0,2.35463280518556,2.35463280518556,2.35463280518556,Planner C
SKU0039@LOC01,2025-09-01,2025-08-04,4,0.0,6.0,8.0,2.35463280518556,2.35463280518556,2.35463280518556,Planner C
SKU0039@LOC01,2025-09-08,2025-09-01,1,0.0,0.0,10.0,2.7206845333155596,2.7070908106885487,2.7070908106885487,Planner C
SKU0039@LOC01,2025-09-15,2025-09-01,2,0.0,0.0,0.0,2.7206845333155596,2.7206845333155596,2.7206845333155596,Planner C
SKU0039@LOC01,2025-09-22,2025-09-01,3,0.0,0.0,8.0,2.7206845333155596,1.9616220897147143,1.9616220897147143,Planner C
SKU0039@LOC01,2025-09-29,2025-09-01,4,0.0,0.0,0.0,2.7206845333155596,3.7974542450211994,3.7974542450211994,Planner C
SKU0039@LOC01,2025-10-06,2025-09-29,1,2.0,0.0,0.0,2.7206845333155596,2.7206845333155596,2.7206845333155596,Planner C
SKU0039@LOC01,2025-10-13,2025-09-29,2,2.0,0.0,4.0,2.7206845333155596,2.7206845333155596,2.7206845333155596,Planner C
SKU0039@LOC01,2025-10-20,2025-09-29,3,4.0,0.0,8.0,2.7206845333155596,2.7206845333155596,2.7206845333155596,Planner C
SKU0039@LOC01,2025-10-27,2025-09-29,4,0.0,0.0,3.0,2.7206845333155596,2.7206845333155596,2.7206845333155596,Planner C
SKU0039@LOC01,2025-11-03,2025-10-27,1,8.0,0.0,7.0,2.0633035142614964,2.437023531121147,2.437023531121147,Planner C
SKU0039@LOC01,2025-11-10,2025-10-27,2,0.0,0.0,0.0,2.0633035142614964,2.0633035142614964,2.0633035142614964,Planner C
SKU0039@LOC01,2025-11-17,2025-10-27,3,0.0,0.0,8.0,2.0633035142614964,2.0633035142614964,2.0633035142614964,Planner C
SKU0039@LOC01,2025-11-24,2025-10-27,4,0.0,0.0,0.0,2.0633035142614964,2.0633035142614964,2.0633035142614964,Planner C
SKU0039@LOC01,2025-12-01,2025-11-24,1,6.0,0.0,0.0,2.23235628198935,2.23235628198935,2.23235628198935,Planner C
SKU0039@LOC01,2025-12-08,2025-11-24,2,0.0,0.0,0.0,2.23235628198935,2.23235628198935,2.23235628198935,Planner C
SKU0039@LOC01,2025-12-15,2025-11-24,3,0.0,0.0,4.0,2.23235628198935,1.541250478958245,1.541250478958245,Planner C
SKU0039@LOC01,2025-12-22,2025-11-24,4,0.0,0.0,5.0,2.23235628198935,1.9049909252990804,1.9049909252990804,Planner C
SKU0039@LOC02,2025-05-19,2025-05-12,1,3.0,0.0,0.0,1.3833070061535673,1.3833070061535673,1.3833070061535673,Planner D
SKU0039@LOC02,2025-05-26,2025-05-12,2,0.0,0.0,0.0,1.3833070061535673,1.090426913142102,1.090426913142102,Planner D
SKU0039@LOC02,2025-06-02,2025-05-12,3,0.0,0.0,4.0,1.3833070061535673,1.3833070061535673,1.3833070061535673,Planner D
SKU0039@LOC02,2025-06-09,2025-05-12,4,7.0,0.0,0.0,1.3833070061535673,1.3833070061535673,1.3833070061535673,Planner D
SKU0039@LOC02,2025-06-16,2025-06-09,1,0.0,7.0,4.0,1.424828612468985,1.1893052435800104,1.1893052435800104,Planner D
SKU0039@LOC02,2025-06-23,2025-06-09,2,0.0,7.0,0.0,1.424828612468985,0.8953744101409891,0.8953744101409891,Planner D
SKU0039@LOC02,2025-06-30,2025-06-09,3,0.0,7.0,3.0,1.424828612468985,1.424828612468985,1.424828612468985,Planner D
SKU0039@LOC02,2025-07-07,2025-06-09,4,0.0,7.0,0.0,1.424828612468985,1.424828612468985,1.424828612468985,Planner D
SKU0039@LOC02,2025-07-14,2025-07-07,1,0.0,0.0,9.0,1.424828612468985,1.424828612468985,1.424828612468985,Planner D
SKU0039@LOC02,2025-07-21,2025-07-07,2,0.0,0.0,0.0,1.424828612468985,1.424828612468985,1.424828612468985,Planner D
SKU0039@LOC02,2025-07-28,2025-07-07,3,2.0,0.0,7.0,1.424828612468985,1.4063906133189998,1.4063906133189998,Planner D
SKU0039@LOC02,2025-08-04,2025-07-07,4,5.0,0.0,0.0,1.424828612468985,1.424828612468985,1.424828612468985,Planner D
SKU0039@LOC02,2025-08-11,2025-08-04,1,0.0,5.0,9.0,1.3062893054512947,1.305748520572389,1.305748520572389,Planner D
SKU0039@LOC02,2025-08-18,2025-08-04,2,0.0,5.0,0.0,1.3062893054512947,1.3062893054512947,1.3062893054512947,Planner D
SKU0039@LOC02,2025-08-25,2025-08-04,3,0.0,5.0,0.0,1.3062893054512947,1.3062893054512947,1.3062893054512947,Planner D
SKU0039@LOC02,2025-09-01,2025-08-04,4,0.0,5.0,0.0,1.3062893054512947,1.3062893054512947,1.3062893054512947,Planner D
SKU0039@LOC02,2025-09-08,2025-09-01,1,0.0,0.0,0.0,1.3062893054512947,0.4832657737632373,0.4832657737632373,Planner D
SKU0039@LOC02,2025-09-15,2025-09-01,2,0.0,0.0,0.0,1.3062893054512947,1.2717880063844769,1.2717880063844769,Planner D
SKU0039@LOC02,2025-09-22,2025-09-01,3,6.0,0.0,0.0,1.3062893054512947,1.5179151572639522,1.5179151572639522,Planner D
SKU0039@LOC02,2025-09-29,2025-09-01,4,5.0,0.0,3.0,1.3062893054512947,1.3062893054512947,1.3062893054512947,Planner D
SKU0039@LOC02,2025-10-06,2025-09-29,1,7.0,5.0,8.0,1.3163411756266519,1.3163411756266519,1.3163411756266519,Planner D
SKU0039@LOC02,2025-10-13,2025-09-29,2,0.0,5.0,0.0,1.3163411756266519,1.1049630854987957,1.1049630854987957,Planner D
SKU0039@LOC02,2025-10-20,2025-09-29,3,0.0,5.0,0.0,1.3163411756266519,1.3163411756266519,1.3163411756266519,Planner D
SKU0039@LOC02,2025-10-27,2025-09-29,4,0.0,5.0,0.0,1.3163411756266519,1.3163411756266519,1.3163411756266519,Planner D
SKU0039@LOC02,2025-11-03,2025-10-27,1,0.0,0.0,0.0,1.484023457607693,0.9802914363084959,0.9802914363084959,Planner D
SKU0039@LOC02,2025-11-10,2025-10-27,2,8.0,0.0,0.0,1.484023457607693,3.6169651087292856,3.6169651087292856,Planner D
SKU0039@LOC02,2025-11-17,2025-10-27,3,0.0,0.0,3.0,1.484023457607693,1.484023457607693,1.484023457607693,Planner D
SKU0039@LOC02,2025-11-24,2025-10-27,4,0.0,0.0,0.0,1.484023457607693,1.484023457607693,1.484023457607693,Planner D
SKU0039@LOC02,2025-12-01,2025-11-24,1,0.0,0.0,0.0,1.489372761587569,1.489372761587569,1.489372761587569,Planner D
SKU0039@LOC02,2025-12-08,2025-11-24,2,6.0,0.0,6.0,1.489372761587569,1.489372761587569,1.489372761587569,Planner D
SKU0039@LOC02,2025-12-15,2025-11-24,3,0.0,0.0,2.0,1.489372761587569,1.489372761587569,1.489372761587569,Planner D
SKU0039@LOC02,2025-12-22,2025-11-24,4,0.0,0.0,0.0,1.489372761587569,1.489372761587569,1.489372761587569,Planner D
SKU0039@LOC03,2025-05-19,2025-05-12,1,7.0,0.0,11.0,2.4057388687272083,2.4057388687272083,2.4057388687272083,Planner A
SKU0039@LOC03,2025-05-26,2025-05-12,2,0.0,0.0,0.0,2.4057388687272083,2.4057388687272083,2.4057388687272083,Planner A
SKU0039@LOC03,2025-06-02,2025-05-12,3,8.0,0.0,9.0,2.4057388687272083,2.4057388687272083,2.4057388687272083,Planner A
SKU0039@LOC03,2025-06-09,2025-05-12,4,0.0,0.0,14.0,2.4057388687272083,2.4057388687272083,2.4057388687272083,Planner A
SKU0039@LOC03,2025-06-16,2025-06-09,1,0.0,0.0,0.0,2.5691355433623575,2.5691355433623575,2.5691355433623575,Planner A
SKU0039@LOC03,2025-06-23,2025-06-09,2,0.0,0.0,0.0,2.5691355433623575,2.5691355433623575,2.5691355433623575,Planner A
SKU0039@LOC03,2025-06-30,2025-06-09,3,0.0,0.0,0.0,2.5691355433623575,2.5691355433623575,2.5691355433623575,Planner A
SKU0039@LOC03,2025-07-07,2025-06-09,4,0.0,0.0,9.0,2.5691355433623575,2.5691355433623575,2.5691355433623575,Planner A
SKU0039@LOC03,2025-07-14,2025-07-07,1,10.0,0.0,0.0,2.5691355433623575,2.5691355433623575,2.5691355433623575,Planner A
SKU0039@LOC03,2025-07-21,2025-07-07,2,0.0,0.0,7.0,2.5691355433623575,2.5691355433623575,2.5691355433623575,Planner A
SKU0039@LOC03,2025-07-28,2025-07-07,3,0.0,0.0,12.0,2.5691355433623575,2.5691355433623575,2.5691355433623575,Planner A
SKU0039@LOC03,2025-08-04,2025-07-07,4,0.0,0.0,0.0,2.5691355433623575,2.5691355433623575,2.5691355433623575,Planner A
SKU0039@LOC03,2025-08-11,2025-08-04,1,4.0,0.0,5.0,2.375037995971862,2.375037995971862,2.375037995971862,Planner A
SKU0039@LOC03,2025-08-18,2025-08-04,2,7.0,0.0,0.0,2.375037995971862,2.375037995971862,2.375037995971862,Planner A
SKU0039@LOC03,2025-08-25,2025-08-04,3,0.0,0.0,9.0,2.375037995971862,2.375037995971862,2.375037995971862,Planner A
SKU0039@LOC03,2025-09-01,2025-08-04,4,0.0,0.0,0.0,2.375037995971862,1.6213244836947487,1.6213244836947487,Planner A
SKU0039@LOC03,2025-09-08,2025-09-01,1,8.0,0.0,8.0,2.345834656353998,2.345834656353998,2.345834656353998,Planner A
SKU0039@LOC03,2025-09-15,2025-09-01,2,10.0,0.0,13.0,2.345834656353998,2.345834656353998,2.345834656353998,Planner A
SKU0039@LOC03,2025-09-22,2025-09-01,3,0.0,0.0,0.0,2.345834656353998,2.345834656353998,2.345834656353998,Planner A
SKU0039@LOC03,2025-09-29,2025-09-01,4,0.0,0.0,0.0,2.345834656353998,2.345834656353998,2.345834656353998,Planner A
SKU0039@LOC03,2025-10-06,2025-09-29,1,0.0,0.0,0.0,2.6252118683593606,2.6252118683593606,2.6252118683593606,Planner A
SKU0039@LOC03,2025-10-13,2025-09-29,2,0.0,0.0,0.0,2.6252118683593606,2.6252118683593606,2.6252118683593606,Planner A
SKU0039@LOC03,2025-10-20,2025-09-29,3,0.0,0.0,0.0,2.6252118683593606,2.2575982641597605,2.2575982641597605,Planner A
SKU0039@LOC03,2025-10-27,2025-09-29,4,8.0,0.0,0.0,2.6252118683593606,2.6252118683593606,2.6252118683593606,Planner A
SKU0039@LOC03,2025-11-03,2025-10-27,1,0.0,8.0,0.0,2.3595046335738625,1.6761097830235498,1.6761097830235498,Planner A
SKU0039@LOC03,2025-11-10,2025-10-27,2,0.0,8.0,0.0,2.3595046335738625,2.3595046335738625,2.3595046335738625,Planner A
SKU0039@LOC03,2025-11-17,2025-10-27,3,7.0,8.0,0.0,2.3595046335738625,2.3595046335738625,2.3595046335738625,Planner A
SKU0039@LOC03,2025-11-24,2025-10-27,4,0.0,8.0,0.0,2.3595046335738625,2.3595046335738625,2.3595046335738625,Planner A
SKU0039@LOC03,2025-12-01,2025-11-24,1,0.0,0.0,0.0,2.3455054299920843,2.036312863922123,2.036312863922123,Planner A
SKU0039@LOC03,2025-12-08,2025-11-24,2,0.0,0.0,0.0,2.3455054299920843,2.2167175619542725,2.2167175619542725,Planner A
SKU0039@LOC03,2025-12-15,2025-11-24,3,5.0,0.0,0.0,2.3455054299920843,2.3455054299920843,2.3455054299920843,Planner A
SKU0039@LOC03,2025-12-22,2025-11-24,4,4.0,0.0,0.0,2.3455054299920843,2.3455054299920843,2.3455054299920843,Planner A
SKU0040@LOC01,2025-05-19,2025-05-12,1,0.0,3.0,3.0,4.641581789222796,2.835902353935125,2.9776974716318816,Planner B
SKU0040@LOC01,2025-05-26,2025-05-12,2,2.0,3.0,0.0,4.641581789222796,4.641581789222796,4.873660878683936,Planner B
SKU0040@LOC01,2025-06-02,2025-05-12,3,1.0,3.0,3.0,4.641581789222796,4.035179295662915,4.236938260446061,Planner B
SKU0040@LOC01,2025-06-09,2025-05-12,4,6.0,3.0,5.0,4.641581789222796,4.641581789222796,4.873660878683936,Planner B
SKU0040@LOC01,2025-06-16,2025-06-09,1,5.0,6.0,9.0,4.218347377208151,4.218347377208151,4.429264746068558,Planner B
SKU0040@LOC01,2025-06-23,2025-06-09,2,6.0,6.0,7.0,4.218347377208151,4.713388158995068,4.949057566944822,Planner B
SKU0040@LOC01,2025-06-30,2025-06-09,3,3.0,6.0,4.0,4.218347377208151,4.17405537554223,4.382758144319342,Planner B
SKU0040@LOC01,2025-07-07,2025-06-09,4,0.0,6.0,19.0,4.218347377208151,4.218347377208151,4.429264746068558,Planner B
SKU0040@LOC01,2025-07-14,2025-07-07,1,1.0,0.0,1.0,4.063464053407146,4.063464053407146,4.266637256077503,Planner B
SKU0040@LOC01,2025-07-21,2025-07-07,2,1.0,0.0,1.0,4.063464053407146,4.063464053407146,4.266637256077503,Planner B
SKU0040@LOC01,2025-07-28,2025-07-07,3,4.0,0.0,2.0,4.063464053407146,4.063464053407146,4.266637256077503,Planner B
SKU0040@LOC01,2025-08-04,2025-07-07,4,4.0,0.0,2.0,4.063464053407146,4.063464053407146,4.266637256077503,Planner B
SKU0040@LOC01,2025-08-11,2025-08-04,1,23.0,4.0,22.0,3.7877106181504545,4.353169811271332,4.570828301834899,Planner B
SKU0040@LOC01,2025-08-18,2025-08-04,2,3.0,4.0,4.0,3.7877106181504545,4.0820920183601865,4.286196619278196,Planner B
SKU0040@LOC01,2025-08-25,2025-08-04,3,8.0,4.0,22.0,3.7877106181504545,3.7877106181504545,3.9770961490579775,Planner B
SKU0040@LOC01,2025-09-01,2025-08-04,4,10.0,4.0,10.0,3.7877106181504545,7.574410898761876,7.95313144369997,Planner B
SKU0040@LOC01,2025-09-08,2025-09-01,1,7.0,10.0,0.0,5.086470221674909,5.086470221674909,5.340793732758654,Planner B
SKU0040@LOC01,2025-09-15,2025-09-01,2,8.0,10.0,3.0,5.086470221674909,5.086470221674909,5.340793732758654,Planner B
SKU0040@LOC01,2025-09-22,2025-09-01,3,18.0,10.0,8.0,5.086470221674909,10.836561609658427,11.378389690141349,Planner B
SKU0040@LOC01,2025-09-29,2025-09-01,4,2.0,10.0,4.0,5.086470221674909,5.564056127672888,5.842258934056533,Planner B
SKU0040@LOC01,2025-10-06,2025-09-29,1,0.0,2.0,2.0,5.759043035993099,3.1934526557287057,3.353125288515141,Planner B
SKU0040@LOC01,2025-10-13,2025-09-29,2,4.0,2.0,11.0,5.759043035993099,5.759043035993099,6.046995187792755,Planner B
SKU0040@LOC01,2025-10-20,2025-09-29,3,1.0,2.0,0.0,5.759043035993099,5.759043035993099,6.046995187792755,Planner B
SKU0040@LOC01,2025-10-27,2025-09-29,4,8.0,2.0,24.0,5.759043035993099,5.759043035993099,6.046995187792755,Planner B
SKU0040@LOC01,2025-11-03,2025-10-27,1,1.0,8.0,10.0,5.318776546835354,5.318776546835354,5.584715374177121,Planner B
SKU0040@LOC01,2025-11-10,2025-10-27,2,3.0,8.0,7.0,5.318776546835354,5.318776546835354,5.584715374177121,Planner B
SKU0040@LOC01,2025-11-17,2025-10-27,3,0.0,8.0,9.0,5.318776546835354,5.318776546835354,5.584715374177121,Planner B
SKU0040@LOC01,2025-11-24,2025-10-27,4,1.0,8.0,3.0,5.318776546835354,5.318776546835354,5.584715374177121,Planner B
SKU0040@LOC01,2025-12-01,2025-11-24,1,5.0,1.0,10.0,4.560420489750814,4.560420489750814,4.788441514238355,Planner B
SKU0040@LOC01,2025-12-08,2025-11-24,2,2.0,1.0,3.0,4.560420489750814,4.560420489750814,4.788441514238355,Planner B
SKU0040@LOC01,2025-12-15,2025-11-24,3,3.0,1.0,1.0,4.560420489750814,4.560420489750814,4.788441514238355,Planner B
SKU0040@LOC01,2025-12-22,2025-11-24,4,8.0,1.0,1.0,4.560420489750814,4.560420489750814,4.788441514238355,Planner B
SKU0040@LOC02,2025-05-19,2025-05-12,1,1.0,0.0,1.0,3.3048360784163613,3.3048360784163613,3.4700778823371796,Planner C
SKU0040@LOC02,2025-05-26,2025-05-12,2,1.0,0.0,9.0,3.3048360784163613,2.783371058919741,2.922539611865728,Planner C
SKU0040@LOC02,2025-06-02,2025-05-12,3,6.0,0.0,1.0,3.3048360784163613,3.3048360784163613,3.4700778823371796,Planner C
SKU0040@LOC02,2025-06-09,2025-05-12,4,2.0,0.0,2.0,3.3048360784163613,3.3048360784163613,3.4700778823371796,Planner C
SKU0040@LOC02,2025-06-16,2025-06-09,1,5.0,2.0,0.0,3.0622029510489748,3.8215497028603185,4.012627188003335,Planner C
SKU0040@LOC02,2025-06-23,2025-06-09,2,1.0,2.0,12.0,3.0622029510489748,3.0622029510489748,3.2153130986014236,Planner C
SKU0040@LOC02,2025-06-30,2025-06-09,3,5.0,2.0,1.0,3.0622029510489748,3.0622029510489748,3.2153130986014236,Planner C
SKU0040@LOC02,2025-07-07,2025-06-09,4,2.0,2.0,12.0,3.0622029510489748,2.8395887768788697,2.981568215722813,Planner C
SKU0040@LOC02,2025-07-14,2025-07-07,1,0.0,2.0,8.0,3.1046113561832325,3.1046113561832325,3.2598419239923944,Planner C
SKU0040@LOC02,2025-07-21,2025-07-07,2,3.0,2.0,3.0,3.1046113561832325,3.1046113561832325,3.2598419239923944,Planner C
SKU0040@LOC02,2025-07-28,2025-07-07,3,3.0,2.0,10.0,3.1046113561832325,3.1046113561832325,3.2598419239923944,Planner C
SKU0040@LOC02,2025-08-04,2025-07-07,4,5.0,2.0,2.0,3.1046113561832325,2.779499703649837,2.918474688832329,Planner C
SKU0040@LOC02,2025-08-11,2025-08-04,1,3.0,5.0,10.0,3.049935510791819,3.049935510791819,3.20243228633141,Planner C
SKU0040@LOC02,2025-08-18,2025-08-04,2,0.0,5.0,5.0,3.049935510791819,3.049935510791819,3.20243228633141,Planner C
SKU0040@LOC02,2025-08-25,2025-08-04,3,6.0,5.0,6.0,3.049935510791819,4.27696684431676,4.490815186532599,Planner C
SKU0040@LOC02,2025-09-01,2025-08-04,4,14.0,5.0,6.0,3.049935510791819,3.049935510791819,3.20243228633141,Planner C
SKU0040@LOC02,2025-09-08,2025-09-01,1,0.0,14.0,0.0,4.159762688630512,4.007462797161973,4.207835937020072,Planner C
SKU0040@LOC02,2025-09-15,2025-09-01,2,8.0,14.0,8.0,4.159762688630512,7.10274704585899,7.45788439815194,Planner C
SKU0040@LOC02,2025-09-22,2025-09-01,3,4.0,14.0,10.0,4.159762688630512,4.159762688630512,4.367750823062038,Planner C
SKU0040@LOC02,2025-09-29,2025-09-01,4,0.0,14.0,8.0,4.159762688630512,4.159762688630512,4.367750823062038,Planner C
SKU0040@LOC02,2025-10-06,2025-09-29,1,4.0,0.0,2.0,3.7372203000104793,3.7372203000104793,3.9240813150110037,Planner C
SKU0040@LOC02,2025-10-13,2025-09-29,2,3.0,0.0,0.0,3.7372203000104793,3.7372203000104793,3.9240813150110037,Planner C
SKU0040@LOC02,2025-10-20,2025-09-29,3,11.0,0.0,4.0,3.7372203000104793,3.7372203000104793,3.9240813150110037,Planner C
SKU0040@LOC02,2025-10-27,2025-09-29,4,0.0,0.0,0.0,3.7372203000104793,2.569163408958361,2.6976215794062792,Planner C
SKU0040@LOC02,2025-11-03,2025-10-27,1,0.0,0.0,4.0,3.9765902388368755,4.804801792247989,5.045041881860389,Planner C
SKU0040@LOC02,2025-11-10,2025-10-27,2,1.0,0.0,8.0,3.9765902388368755,3.4607588001513436,3.633796740158911,Planner C
SKU0040@LOC02,2025-11-17,2025-10-27,3,0.0,0.0,2.0,3.9765902388368755,3.9765902388368755,4.175419750778719,Planner C
SKU0040@LOC02,2025-11-24,2025-10-27,4,4.0,0.0,3.0,3.9765902388368755,4.711538801979347,4.9471157420783145,Planner C
SKU0040@LOC02,2025-12-01,2025-11-24,1,5.0,4.0,2.0,3.090040855700874,3.7220179650945564,3.9081188633492845,Planner C
SKU0040@LOC02,2025-12-08,2025-11-24,2,1.0,4.0,10.0,3.090040855700874,2.5084833352195144,2.6339075019804903,Planner C
SKU0040@LOC02,2025-12-15,2025-11-24,3,8.0,4.0,4.0,3.090040855700874,3.090040855700874,3.2445428984859177,Planner C
SKU0040@LOC02,2025-12-22,2025-11-24,4,1.0,4.0,3.0,3.090040855700874,3.090040855700874,3.2445428984859177,Planner C
SKU0040@LOC03,2025-05-19,2025-05-12,1,6.0,4.0,1.0,4.758292883075852,4.758292883075852,4.996207527229645,Planner D
SKU0040@LOC03,2025-05-26,2025-05-12,2,2.0,4.0,17.0,4.758292883075852,4.758292883075852,4.996207527229645,Planner D
SKU0040@LOC03,2025-06-02,2025-05-12,3,0.0,4.0,2.0,4.758292883075852,4.758292883075852,4.996207527229645,Planner D
SKU0040@LOC03,2025-06-09,2025-05-12,4,0.0,4.0,9.0,4.758292883075852,4.38315647240482,4.602314296025061,Planner D
SKU0040@LOC03,2025-06-16,2025-06-09,1,6.0,0.0,0.0,3.7213159605860664,3.7213159605860664,3.90738175861537,Planner D
SKU0040@LOC03,2025-06-23,2025-06-09,2,2.0,0.0,8.0,3.7213159605860664,2.673977556881681,2.807676434725765,Planner D
SKU0040@LOC03,2025-06-30,2025-06-09,3,5.0,0.0,3.0,3.7213159605860664,3.7213159605860664,3.90738175861537,Planner D
SKU0040@LOC03,2025-07-07,2025-06-09,4,1.0,0.0,1.0,3.7213159605860664,3.7213159605860664,3.90738175861537,Planner D
SKU0040@LOC03,2025-07-14,2025-07-07,1,2.0,1.0,10.0,3.5909554017405183,3.5909554017405183,3.7705031718275444,Planner D
SKU0040@LOC03,2025-07-21,2025-07-07,2,0.0,1.0,3.0,3.5909554017405183,3.496464224704426,3.6712874359396475,Planner D
SKU0040@LOC03,2025-07-28,2025-07-07,3,2.0,1.0,13.0,3.5909554017405183,3.5909554017405183,3.7705031718275444,Planner D
SKU0040@LOC03,2025-08-04,2025-07-07,4,0.0,1.0,5.0,3.5909554017405183,3.5909554017405183,3.7705031718275444,Planner D
SKU0040@LOC03,2025-08-11,2025-08-04,1,2.0,0.0,5.0,2.681825839081954,2.681825839081954,2.815917131036052,Planner D
SKU0040@LOC03,2025-08-18,2025-08-04,2,2.0,0.0,0.0,2.681825839081954,2.681825839081954,2.815917131036052,Planner D
SKU0040@LOC03,2025-08-25,2025-08-04,3,0.0,0.0,8.0,2.681825839081954,2.681825839081954,2.815917131036052,Planner D
SKU0040@LOC03,2025-09-01,2025-08-04,4,0.0,0.0,2.0,2.681825839081954,3.525501154626048,3.7017762123573505,Planner D
SKU0040@LOC03,2025-09-08,2025-09-01,1,5.0,0.0,7.0,2.06734593302167,2.06734593302167,2.170713229672754,Planner D
SKU0040@LOC03,2025-09-15,2025-09-01,2,2.0,0.0,1.0,2.06734593302167,2.06734593302167,2.170713229672754,Planner D
SKU0040@LOC03,2025-09-22,2025-09-01,3,2.0,0.0,1.0,2.06734593302167,1.8326313280337616,1.9242628944354498,Planner D
SKU0040@LOC03,2025-09-29,2025-09-01,4,26.0,0.0,0.0,2.06734593302167,2.06734593302167,2.170713229672754,Planner D
SKU0040@LOC03,2025-10-06,2025-09-29,1,2.0,26.0,0.0,4.662885666655518,4.662885666655518,4.896029949988294,Planner D
SKU0040@LOC03,2025-10-13,2025-09-29,2,2.0,26.0,5.0,4.662885666655518,4.662885666655518,4.896029949988294,Planner D
SKU0040@LOC03,2025-10-20,2025-09-29,3,4.0,26.0,9.0,4.662885666655518,4.662885666655518,4.896029949988294,Planner D
SKU0040@LOC03,2025-10-27,2025-09-29,4,7.0,26.0,6.0,4.662885666655518,4.662885666655518,4.896029949988294,Planner D
SKU0040@LOC03,2025-11-03,2025-10-27,1,0.0,7.0,1.0,4.427119285892684,4.427119285892684,4.648475250187318,Planner D
SKU0040@LOC03,2025-11-10,2025-10-27,2,6.0,7.0,2.0,4.427119285892684,4.427119285892684,4.648475250187318,Planner D
SKU0040@LOC03,2025-11-17,2025-10-27,3,19.0,7.0,1.0,4.427119285892684,4.0590881640935,4.262042572298175,Planner D
SKU0040@LOC03,2025-11-24,2025-10-27,4,3.0,7.0,2.0,4.427119285892684,4.427119285892684,4.648475250187318,Planner D
SKU0040@LOC03,2025-12-01,2025-11-24,1,6.0,3.0,2.0,5.400632963474189,5.400632963474189,5.670664611647899,Planner D
SKU0040@LOC03,2025-12-08,2025-11-24,2,9.0,3.0,1.0,5.400632963474189,6.51334487145503,6.839012115027781,Planner D
SKU0040@LOC03,2025-12-15,2025-11-24,3,1.0,3.0,13.0,5.400632963474189,5.400632963474189,5.670664611647899,Planner D
SKU0040@LOC03,2025-12-22,2025-11-24,4,0.0,3.0,7.0,5.400632963474189,6.767268898558388,7.105632343486308,Planner D
SKU0041@LOC01,2025-05-19,2025-05-12,1,5.0,0.0,0.0,1.464685265409028,1.464685265409028,1.464685265409028,Planner A
SKU0041@LOC01,2025-05-26,2025-05-12,2,3.0,0.0,0.0,1.464685265409028,1.464685265409028,1.464685265409028,Planner A
SKU0041@LOC01,2025-06-02,2025-05-12,3,7.0,0.0,0.0,1.464685265409028,1.464685265409028,1.464685265409028,Planner A
SKU0041@LOC01,2025-06-09,2025-05-12,4,12.0,0.0,3.0,1.464685265409028,1.464685265409028,1.464685265409028,Planner A
SKU0041@LOC01,2025-06-16,2025-06-09,1,0.0,12.0,4.0,2.2727209884376456,2.2727209884376456,2.2727209884376456,Planner A
SKU0041@LOC01,2025-06-23,2025-06-09,2,3.0,12.0,3.0,2.2727209884376456,2.2727209884376456,2.2727209884376456,Planner A
SKU0041@LOC01,2025-06-30,2025-06-09,3,0.0,12.0,0.0,2.2727209884376456,2.2727209884376456,2.2727209884376456,Planner A
SKU0041@LOC01,2025-07-07,2025-06-09,4,2.0,12.0,1.0,2.2727209884376456,2.2727209884376456,2.2727209884376456,Planner A
SKU0041@LOC01,2025-07-14,2025-07-07,1,3.0,2.0,5.0,2.06228683365485,1.8131475910975188,1.8131475910975188,Planner A
SKU0041@LOC01,2025-07-21,2025-07-07,2,0.0,2.0,0.0,2.06228683365485,1.9776833667423714,1.9776833667423714,Planner A
SKU0041@LOC01,2025-07-28,2025-07-07,3,3.0,2.0,2.0,2.06228683365485,2.06228683365485,2.06228683365485,Planner A
SKU0041@LOC01,2025-08-04,2025-07-07,4,0.0,2.0,5.0,2.06228683365485,2.3823187477816106,2.3823187477816106,Planner A
SKU0041@LOC01,2025-08-11,2025-08-04,1,6.0,0.0,0.0,2.0324480437200205,2.0324480437200205,2.0324480437200205,Planner A
SKU0041@LOC01,2025-08-18,2025-08-04,2,0.0,0.0,0.0,2.0324480437200205,2.0324480437200205,2.0324480437200205,Planner A
SKU0041@LOC01,2025-08-25,2025-08-04,3,10.0,0.0,6.0,2.0324480437200205,2.0324480437200205,2.0324480437200205,Planner A
SKU0041@LOC01,2025-09-01,2025-08-04,4,0.0,0.0,0.0,2.0324480437200205,2.2270690941775486,2.2270690941775486,Planner A
SKU0041@LOC01,2025-09-08,2025-09-01,1,4.0,0.0,3.0,2.3930250565909192,2.3930250565909192,2.3930250565909192,Planner A
SKU0041@LOC01,2025-09-15,2025-09-01,2,6.0,0.0,3.0,2.3930250565909192,2.3930250565909192,2.3930250565909192,Planner A
SKU0041@LOC01,2025-09-22,2025-09-01,3,1.0,0.0,0.0,2.3930250565909192,2.3930250565909192,2.3930250565909192,Planner A
SKU0041@LOC01,2025-09-29,2025-09-01,4,3.0,0.0,0.0,2.3930250565909192,3.622305586503227,3.622305586503227,Planner A
SKU0041@LOC01,2025-10-06,2025-09-29,1,5.0,3.0,0.0,2.4598341783086783,2.4598341783086783,2.4598341783086783,Planner A
SKU0041@LOC01,2025-10-13,2025-09-29,2,0.0,3.0,5.0,2.4598341783086783,2.101264686982416,2.101264686982416,Planner A
SKU0041@LOC01,2025-10-20,2025-09-29,3,0.0,3.0,6.0,2.4598341783086783,2.4598341783086783,2.4598341783086783,Planner A
SKU0041@LOC01,2025-10-27,2025-09-29,4,0.0,3.0,0.0,2.4598341783086783,2.4598341783086783,2.4598341783086783,Planner A
SKU0041@LOC01,2025-11-03,2025-10-27,1,5.0,0.0,4.0,2.6024189713712227,2.6024189713712227,2.6024189713712227,Planner A
SKU0041@LOC01,2025-11-10,2025-10-27,2,0.0,0.0,0.0,2.6024189713712227,2.6024189713712227,2.6024189713712227,Planner A
SKU0041@LOC01,2025-11-17,2025-10-27,3,4.0,0.0,2.0,2.6024189713712227,2.6024189713712227,2.6024189713712227,Planner A
SKU0041@LOC01,2025-11-24,2025-10-27,4,7.0,0.0,7.0,2.6024189713712227,3.3607652737361025,3.3607652737361025,Planner A
SKU0041@LOC01,2025-12-01,2025-11-24,1,0.0,7.0,1.0,2.500942457604146,2.500942457604146,2.500942457604146,Planner A
SKU0041@LOC01,2025-12-08,2025-11-24,2,0.0,7.0,3.0,2.500942457604146,2.500942457604146,2.500942457604146,Planner A
SKU0041@LOC01,2025-12-15,2025-11-24,3,0.0,7.0,3.0,2.500942457604146,2.500942457604146,2.500942457604146,Planner A
SKU0041@LOC01,2025-12-22,2025-11-24,4,5.0,7.0,0.0,2.500942457604146,2.7915113865504115,2.7915113865504115,Planner A
SKU0041@LOC02,2025-05-19,2025-05-12,1,3.0,4.0,1.0,1.2634302842790905,2.316842554450613,2.316842554450613,Planner B
SKU0041@LOC02,2025-05-26,2025-05-12,2,3.0,4.0,0.0,1.2634302842790905,1.9996120704301785,1.9996120704301785,Planner B
SKU0041@LOC02,2025-06-02,2025-05-12,3,0.0,4.0,1.0,1.2634302842790905,1.2634302842790905,1.2634302842790905,Planner B
SKU0041@LOC02,2025-06-09,2025-05-12,4,2.0,4.0,2.0,1.2634302842790905,1.2634302842790905,1.2634302842790905,Planner B
SKU0041@LOC02,2025-06-16,2025-06-09,1,0.0,2.0,0.0,1.3950812690246017,1.5262044744840495,1.5262044744840495,Planner B
SKU0041@LOC02,2025-06-23,2025-06-09,2,4.0,2.0,0.0,1.3950812690246017,1.3950812690246017,1.3950812690246017,Planner B
SKU0041@LOC02,2025-06-30,2025-06-09,3,3.0,2.0,1.0,1.3950812690246017,2.2370003155559117,2.2370003155559117,Planner B
SKU0041@LOC02,2025-07-07,2025-06-09,4,3.0,2.0,3.0,1.3950812690246017,1.3950812690246017,1.3950812690246017,Planner B
SKU0041@LOC02,2025-07-14,2025-07-07,1,0.0,3.0,2.0,1.6327627216858978,1.6327627216858978,1.6327627216858978,Planner B
SKU0041@LOC02,2025-07-21,2025-07-07,2,0.0,3.0,3.0,1.6327627216858978,1.6327627216858978,1.6327627216858978,Planner B
SKU0041@LOC02,2025-07-28,2025-07-07,3,2.0,3.0,0.0,1.6327627216858978,1.6327627216858978,1.6327627216858978,Planner B
SKU0041@LOC02,2025-08-04,2025-07-07,4,0.0,3.0,1.0,1.6327627216858978,1.6327627216858978,1.6327627216858978,Planner B
SKU0041@LOC02,2025-08-11,2025-08-04,1,0.0,0.0,3.0,1.4517582722276217,1.4517582722276217,1.4517582722276217,Planner B
SKU0041@LOC02,2025-08-18,2025-08-04,2,0.0,0.0,3.0,1.4517582722276217,0.8364038155377524,0.8364038155377524,Planner B
SKU0041@LOC02,2025-08-25,2025-08-04,3,3.0,0.0,0.0,1.4517582722276217,1.4517582722276217,1.4517582722276217,Planner B
SKU0041@LOC02,2025-09-01,2025-08-04,4,4.0,0.0,1.0,1.4517582722276217,1.4517582722276217,1.4517582722276217,Planner B
SKU0041@LOC02,2025-09-08,2025-09-01,1,0.0,4.0,3.0,1.4343813122814042,1.4343813122814042,1.4343813122814042,Planner B
SKU0041@LOC02,2025-09-15,2025-09-01,2,0.0,4.0,0.0,1.4343813122814042,2.0147783112071695,2.0147783112071695,Planner B
SKU0041@LOC02,2025-09-22,2025-09-01,3,0.0,4.0,0.0,1.4343813122814042,1.29731303662304,1.29731303662304,Planner B
SKU0041@LOC02,2025-09-29,2025-09-01,4,0.0,4.0,0.0,1.4343813122814042,1.4343813122814042,1.4343813122814042,Planner B
SKU0041@LOC02,2025-10-06,2025-09-29,1,2.0,0.0,1.0,1.4343813122814042,1.4343813122814042,1.4343813122814042,Planner B
SKU0041@LOC02,2025-10-13,2025-09-29,2,0.0,0.0,7.0,1.4343813122814042,1.4343813122814042,1.4343813122814042,Planner B
SKU0041@LOC02,2025-10-20,2025-09-29,3,3.0,0.0,2.0,1.4343813122814042,1.4343813122814042,1.4343813122814042,Planner B
SKU0041@LOC02,2025-10-27,2025-09-29,4,1.0,0.0,3.0,1.4343813122814042,1.4343813122814042,1.4343813122814042,Planner B
SKU0041@LOC02,2025-11-03,2025-10-27,1,2.0,1.0,1.0,1.195623086334149,1.195623086334149,1.195623086334149,Planner B
SKU0041@LOC02,2025-11-10,2025-10-27,2,0.0,1.0,2.0,1.195623086334149,1.195623086334149,1.195623086334149,Planner B
SKU0041@LOC02,2025-11-17,2025-10-27,3,0.0,1.0,2.0,1.195623086334149,1.3777532009230673,1.3777532009230673,Planner B
SKU0041@LOC02,2025-11-24,2025-10-27,4,1.0,1.0,3.0,1.195623086334149,0.8791605812651886,0.8791605812651886,Planner B
SKU0041@LOC02,2025-12-01,2025-11-24,1,2.0,1.0,0.0,1.0959133559832728,1.0985584486210753,1.0985584486210753,Planner B
SKU0041@LOC02,2025-12-08,2025-11-24,2,0.0,1.0,0.0,1.0959133559832728,1.0959133559832728,1.0959133559832728,Planner B
SKU0041@LOC02,2025-12-15,2025-11-24,3,0.0,1.0,0.0,1.0959133559832728,1.0959133559832728,1.0959133559832728,Planner B
SKU0041@LOC02,2025-12-22,2025-11-24,4,0.0,1.0,3.0,1.0959133559832728,1.0959133559832728,1.0959133559832728,Planner B
SKU0041@LOC03,2025-05-19,2025-05-12,1,6.0,0.0,0.0,1.8758793909446951,1.8758793909446951,1.8758793909446951,Planner C
SKU0041@LOC03,2025-05-26,2025-05-12,2,0.0,0.0,0.0,1.8758793909446951,1.8758793909446951,1.8758793909446951,Planner C
SKU0041@LOC03,2025-06-02,2025-05-12,3,5.0,0.0,4.0,1.8758793909446951,1.8758793909446951,1.8758793909446951,Planner C
SKU0041@LOC03,2025-06-09,2025-05-12,4,6.0,0.0,4.0,1.8758793909446951,1.8758793909446951,1.8758793909446951,Planner C
SKU0041@LOC03,2025-06-16,2025-06-09,1,5.0,6.0,0.0,2.056830562173445,2.056830562173445,2.056830562173445,Planner C
SKU0041@LOC03,2025-06-23,2025-06-09,2,4.0,6.0,0.0,2.056830562173445,2.056830562173445,2.056830562173445,Planner C
SKU0041@LOC03,2025-06-30,2025-06-09,3,4.0,6.0,0.0,2.056830562173445,2.056830562173445,2.056830562173445,Planner C
SKU0041@LOC03,2025-07-07,2025-06-09,4,0.0,6.0,4.0,2.056830562173445,2.056830562173445,2.056830562173445,Planner C
SKU0041@LOC03,2025-07-14,2025-07-07,1,8.0,0.0,0.0,2.4034141768743247,2.4034141768743247,2.4034141768743247,Planner C
SKU0041@LOC03,2025-07-21,2025-07-07,2,4.0,0.0,3.0,2.4034141768743247,2.4034141768743247,2.4034141768743247,Planner C
SKU0041@LOC03,2025-07-28,2025-07-07,3,2.0,0.0,4.0,2.4034141768743247,2.4034141768743247,2.4034141768743247,Planner C
SKU0041@LOC03,2025-08-04,2025-07-07,4,9.0,0.0,0.0,2.4034141768743247,2.4034141768743247,2.4034141768743247,Planner C
SKU0041@LOC03,2025-08-11,2025-08-04,1,0.0,9.0,2.0,3.01168611053658,3.01168611053658,3.01168611053658,Planner C
SKU0041@LOC03,2025-08-18,2025-08-04,2,0.0,9.0,0.0,3.01168611053658,3.01168611053658,3.01168611053658,Planner C
SKU0041@LOC03,2025-08-25,2025-08-04,3,5.0,9.0,0.0,3.01168611053658,3.01168611053658,3.01168611053658,Planner C
SKU0041@LOC03,2025-09-01,2025-08-04,4,0.0,9.0,2.0,3.01168611053658,3.01168611053658,3.01168611053658,Planner C
SKU0041@LOC03,2025-09-08,2025-09-01,1,0.0,0.0,5.0,2.745710237283087,3.2536896039769987,3.2536896039769987,Planner C
SKU0041@LOC03,2025-09-15,2025-09-01,2,6.0,0.0,2.0,2.745710237283087,2.745710237283087,2.745710237283087,Planner C
SKU0041@LOC03,2025-09-22,2025-09-01,3,0.0,0.0,7.0,2.745710237283087,2.745710237283087,2.745710237283087,Planner C
SKU0041@LOC03,2025-09-29,2025-09-01,4,5.0,0.0,0.0,2.745710237283087,2.745710237283087,2.745710237283087,Planner C
SKU0041@LOC03,2025-10-06,2025-09-29,1,2.0,5.0,3.0,2.575293649508596,2.6385275369043275,2.6385275369043275,Planner C
SKU0041@LOC03,2025-10-13,2025-09-29,2,0.0,5.0,0.0,2.575293649508596,2.575293649508596,2.575293649508596,Planner C
SKU0041@LOC03,2025-10-20,2025-09-29,3,0.0,5.0,0.0,2.575293649508596,2.575293649508596,2.575293649508596,Planner C
SKU0041@LOC03,2025-10-27,2025-09-29,4,0.0,5.0,0.0,2.575293649508596,2.575293649508596,2.575293649508596,Planner C
SKU0041@LOC03,2025-11-03,2025-10-27,1,4.0,0.0,3.0,2.535511294177966,3.7847935324485626,3.7847935324485626,Planner C
SKU0041@LOC03,2025-11-10,2025-10-27,2,2.0,0.0,5.0,2.535511294177966,2.535511294177966,2.535511294177966,Planner C
SKU0041@LOC03,2025-11-17,2025-10-27,3,0.0,0.0,0.0,2.535511294177966,2.535511294177966,2.535511294177966,Planner C
SKU0041@LOC03,2025-11-24,2025-10-27,4,0.0,0.0,4.0,2.535511294177966,2.535511294177966,2.535511294177966,Planner C
SKU0041@LOC03,2025-12-01,2025-11-24,1,0.0,0.0,4.0,2.1898152909058126,2.1898152909058126,2.1898152909058126,Planner C
SKU0041@LOC03,2025-12-08,2025-11-24,2,0.0,0.0,0.0,2.1898152909058126,1.899381312750197,1.899381312750197,Planner C
SKU0041@LOC03,2025-12-15,2025-11-24,3,0.0,0.0,1.0,2.1898152909058126,2.1898152909058126,2.1898152909058126,Planner C
SKU0041@LOC03,2025-12-22,2025-11-24,4,0.0,0.0,0.0,2.1898152909058126,2.048540099236105,2.048540099236105,Planner C
SKU0042@LOC01,2025-05-19,2025-05-12,1,0.0,0.0,0.0,1.640581675632914,1.640581675632914,1.640581675632914,Planner D
SKU0042@LOC01,2025-05-26,2025-05-12,2,0.0,0.0,19.0,1.640581675632914,1.640581675632914,1.640581675632914,Planner D
SKU0042@LOC01,2025-06-02,2025-05-12,3,0.0,0.0,0.0,1.640581675632914,1.640581675632914,1.640581675632914,Planner D
SKU0042@LOC01,2025-06-09,2025-05-12,4,0.0,0.0,0.0,1.640581675632914,0.9940071513871029,0.9940071513871029,Planner D
SKU0042@LOC01,2025-06-16,2025-06-09,1,0.0,0.0,0.0,1.640581675632914,1.2051955591067833,1.2051955591067833,Planner D
SKU0042@LOC01,2025-06-23,2025-06-09,2,0.0,0.0,0.0,1.640581675632914,2.192015049087927,2.192015049087927,Planner D
SKU0042@LOC01,2025-06-30,2025-06-09,3,17.0,0.0,0.0,1.640581675632914,3.2527631156612937,3.2527631156612937,Planner D
SKU0042@LOC01,2025-07-07,2025-06-09,4,0.0,0.0,0.0,1.640581675632914,1.640581675632914,1.640581675632914,Planner D
SKU0042@LOC01,2025-07-14,2025-07-07,1,0.0,0.0,12.0,1.5277738215743413,0.6241625100729711,0.6241625100729711,Planner D
SKU0042@LOC01,2025-07-21,2025-07-07,2,0.0,0.0,0.0,1.5277738215743413,1.5277738215743413,1.5277738215743413,Planner D
SKU0042@LOC01,2025-07-28,2025-07-07,3,0.0,0.0,0.0,1.5277738215743413,1.5243156554449684,1.5243156554449684,Planner D
SKU0042@LOC01,2025-08-04,2025-07-07,4,0.0,0.0,0.0,1.5277738215743413,1.671141818078205,1.671141818078205,Planner D
SKU0042@LOC01,2025-08-11,2025-08-04,1,12.0,0.0,0.0,1.5277738215743413,1.5277738215743413,1.5277738215743413,Planner D
SKU0042@LOC01,2025-08-18,2025-08-04,2,15.0,0.0,0.0,1.5277738215743413,2.4258094835519475,2.4258094835519475,Planner D
SKU0042@LOC01,2025-08-25,2025-08-04,3,8.0,0.0,0.0,1.5277738215743413,1.5277738215743413,1.5277738215743413,Planner D
SKU0042@LOC01,2025-09-01,2025-08-04,4,0.0,0.0,0.0,1.5277738215743413,1.5277738215743413,1.5277738215743413,Planner D
SKU0042@LOC01,2025-09-08,2025-09-01,1,0.0,0.0,0.0,1.8424973486579421,1.8424973486579421,1.8424973486579421,Planner D
SKU0042@LOC01,2025-09-15,2025-09-01,2,0.0,0.0,0.0,1.8424973486579421,1.8424973486579421,1.8424973486579421,Planner D
SKU0042@LOC01,2025-09-22,2025-09-01,3,0.0,0.0,0.0,1.8424973486579421,1.4944841786430263,1.4944841786430263,Planner D
SKU0042@LOC01,2025-09-29,2025-09-01,4,0.0,0.0,0.0,1.8424973486579421,1.8424973486579421,1.8424973486579421,Planner D
SKU0042@LOC01,2025-10-06,2025-09-29,1,0.0,0.0,0.0,1.8424973486579421,1.8424973486579421,1.8424973486579421,Planner D
SKU0042@LOC01,2025-10-13,2025-09-29,2,0.0,0.0,0.0,1.8424973486579421,1.8424973486579421,1.8424973486579421,Planner D
SKU0042@LOC01,2025-10-20,2025-09-29,3,0.0,0.0,0.0,1.8424973486579421,2.124412227246594,2.124412227246594,Planner D
SKU0042@LOC01,2025-10-27,2025-09-29,4,0.0,0.0,0.0,1.8424973486579421,1.8424973486579421,1.8424973486579421,Planner D
SKU0042@LOC01,2025-11-03,2025-10-27,1,0.0,0.0,0.0,1.8424973486579421,1.8424973486579421,1.8424973486579421,Planner D
SKU0042@LOC01,2025-11-10,2025-10-27,2,9.0,0.0,13.0,1.8424973486579421,2.290383504305656,2.290383504305656,Planner D
SKU0042@LOC01,2025-11-17,2025-10-27,3,0.0,0.0,0.0,1.8424973486579421,1.8424973486579421,1.8424973486579421,Planner D
SKU0042@LOC01,2025-11-24,2025-10-27,4,0.0,0.0,0.0,1.8424973486579421,1.4420265555135294,1.4420265555135294,Planner D
SKU0042@LOC01,2025-12-01,2025-11-24,1,0.0,0.0,6.0,1.665711677517704,1.665711677517704,1.665711677517704,Planner D
SKU0042@LOC01,2025-12-08,2025-11-24,2,8.0,0.0,0.0,1.665711677517704,2.5549554221664015,2.5549554221664015,Planner D
SKU0042@LOC01,2025-12-15,2025-11-24,3,0.0,0.0,0.0,1.665711677517704,1.665711677517704,1.665711677517704,Planner D
SKU0042@LOC01,2025-12-22,2025-11-24,4,0.0,0.0,0.0,1.665711677517704,1.6647393532345605,1.6647393532345605,Planner D
SKU0042@LOC02,2025-05-19,2025-05-12,1,0.0,5.0,5.0,1.500662862850434,1.500662862850434,1.500662862850434,Planner A
SKU0042@LOC02,2025-05-26,2025-05-12,2,5.0,5.0,4.0,1.500662862850434,2.314696868547413,2.314696868547413,Planner A
SKU0042@LOC02,2025-06-02,2025-05-12,3,7.0,5.0,0.0,1.500662862850434,1.500662862850434,1.500662862850434,Planner A
SKU0042@LOC02,2025-06-09,2025-05-12,4,0.0,5.0,2.0,1.500662862850434,1.7595208090004186,1.7595208090004186,Planner A
SKU0042@LOC02,2025-06-16,2025-06-09,1,0.0,0.0,0.0,1.830811961659193,1.830811961659193,1.830811961659193,Planner A
SKU0042@LOC02,2025-06-23,2025-06-09,2,0.0,0.0,0.0,1.830811961659193,1.5590473276298826,1.5590473276298826,Planner A
SKU0042@LOC02,2025-06-30,2025-06-09,3,7.0,0.0,0.0,1.830811961659193,4.108800925900772,4.108800925900772,Planner A
SKU0042@LOC02,2025-07-07,2025-06-09,4,4.0,0.0,2.0,1.830811961659193,1.5302644336866178,1.5302644336866178,Planner A
SKU0042@LOC02,2025-07-14,2025-07-07,1,5.0,4.0,3.0,1.8954375725149286,4.115007785615039,4.115007785615039,Planner A
SKU0042@LOC02,2025-07-21,2025-07-07,2,3.0,4.0,0.0,1.8954375725149286,3.4937278573546093,3.4937278573546093,Planner A
SKU0042@LOC02,2025-07-28,2025-07-07,3,2.0,4.0,1.0,1.8954375725149286,1.8954375725149286,1.8954375725149286,Planner A
SKU0042@LOC02,2025-08-04,2025-07-07,4,0.0,4.0,3.0,1.8954375725149286,1.8954375725149286,1.8954375725149286,Planner A
SKU0042@LOC02,2025-08-11,2025-08-04,1,5.0,0.0,3.0,2.0710149573501173,2.8245859572661347,2.8245859572661347,Planner A
SKU0042@LOC02,2025-08-18,2025-08-04,2,0.0,0.0,2.0,2.0710149573501173,2.0710149573501173,2.0710149573501173,Planner A
SKU0042@LOC02,2025-08-25,2025-08-04,3,3.0,0.0,2.0,2.0710149573501173,2.0710149573501173,2.0710149573501173,Planner A
SKU0042@LOC02,2025-09-01,2025-08-04,4,2.0,0.0,0.0,2.0710149573501173,3.0617688095423814,3.0617688095423814,Planner A
SKU0042@LOC02,2025-09-08,2025-09-01,1,0.0,2.0,3.0,2.023225863205834,2.023225863205834,2.023225863205834,Planner A
SKU0042@LOC02,2025-09-15,2025-09-01,2,0.0,2.0,0.0,2.023225863205834,1.7670543959940552,1.7670543959940552,Planner A
SKU0042@LOC02,2025-09-22,2025-09-01,3,0.0,2.0,5.0,2.023225863205834,2.166700262086043,2.166700262086043,Planner A
SKU0042@LOC02,2025-09-29,2025-09-01,4,0.0,2.0,5.0,2.023225863205834,2.023225863205834,2.023225863205834,Planner A
SKU0042@LOC02,2025-10-06,2025-09-29,1,0.0,0.0,2.0,2.023225863205834,2.023225863205834,2.023225863205834,Planner A
SKU0042@LOC02,2025-10-13,2025-09-29,2,0.0,0.0,0.0,2.023225863205834,2.023225863205834,2.023225863205834,Planner A
SKU0042@LOC02,2025-10-20,2025-09-29,3,2.0,0.0,0.0,2.023225863205834,2.023225863205834,2.023225863205834,Planner A
SKU0042@LOC02,2025-10-27,2025-09-29,4,0.0,0.0,0.0,2.023225863205834,2.023225863205834,2.023225863205834,Planner A
SKU0042@LOC02,2025-11-03,2025-10-27,1,5.0,0.0,3.0,1.4864671891274008,2.165636642709411,2.165636642709411,Planner A
SKU0042@LOC02,2025-11-10,2025-10-27,2,0.0,0.0,0.0,1.4864671891274008,1.4864671891274008,1.4864671891274008,Planner A
SKU0042@LOC02,2025-11-17,2025-10-27,3,3.0,0.0,0.0,1.4864671891274008,1.721008463960559,1.721008463960559,Planner A
SKU0042@LOC02,2025-11-24,2025-10-27,4,0.0,0.0,0.0,1.4864671891274008,1.6849247008117771,1.6849247008117771,Planner A
SKU0042@LOC02,2025-12-01,2025-11-24,1,3.0,0.0,0.0,1.5526598907927491,2.033242358222449,2.033242358222449,Planner A
SKU0042@LOC02,2025-12-08,2025-11-24,2,5.0,0.0,0.0,1.5526598907927491,1.5526598907927491,1.5526598907927491,Planner A
SKU0042@LOC02,2025-12-15,2025-11-24,3,0.0,0.0,0.0,1.5526598907927491,1.5526598907927491,1.5526598907927491,Planner A
SKU0042@LOC02,2025-12-22,2025-11-24,4,0.0,0.0,0.0,1.5526598907927491,0.9626753046754423,0.9626753046754423,Planner A
SKU0042@LOC03,2025-05-19,2025-05-12,1,0.0,0.0,0.0,3.2747418677700972,3.2747418677700972,3.2747418677700972,Planner B
SKU0042@LOC03,2025-05-26,2025-05-12,2,21.0,0.0,17.0,3.2747418677700972,3.2747418677700972,3.2747418677700972,Planner B
SKU0042@LOC03,2025-06-02,2025-05-12,3,0.0,0.0,0.0,3.2747418677700972,3.2747418677700972,3.2747418677700972,Planner B
SKU0042@LOC03,2025-06-09,2025-05-12,4,18.0,0.0,18.0,3.2747418677700972,8.840758895533426,8.840758895533426,Planner B
SKU0042@LOC03,2025-06-16,2025-06-09,1,0.0,18.0,0.0,3.3847698961762984,3.3847698961762984,3.3847698961762984,Planner B
SKU0042@LOC03,2025-06-23,2025-06-09,2,0.0,18.0,0.0,3.3847698961762984,3.3598843377552727,3.3598843377552727,Planner B
SKU0042@LOC03,2025-06-30,2025-06-09,3,0.0,18.0,0.0,3.3847698961762984,3.3847698961762984,3.3847698961762984,Planner B
SKU0042@LOC03,2025-07-07,2025-06-09,4,0.0,18.0,0.0,3.3847698961762984,5.5770422053502955,5.5770422053502955,Planner B
SKU0042@LOC03,2025-07-14,2025-07-07,1,0.0,0.0,0.0,3.3847698961762984,3.666286694003894,3.666286694003894,Planner B
SKU0042@LOC03,2025-07-21,2025-07-07,2,0.0,0.0,0.0,3.3847698961762984,3.3847698961762984,3.3847698961762984,Planner B
SKU0042@LOC03,2025-07-28,2025-07-07,3,0.0,0.0,0.0,3.3847698961762984,3.1943164574901477,3.1943164574901477,Planner B
SKU0042@LOC03,2025-08-04,2025-07-07,4,0.0,0.0,0.0,3.3847698961762984,4.730502621712385,4.730502621712385,Planner B
SKU0042@LOC03,2025-08-11,2025-08-04,1,0.0,0.0,0.0,3.3847698961762984,3.3847698961762984,3.3847698961762984,Planner B
SKU0042@LOC03,2025-08-18,2025-08-04,2,0.0,0.0,0.0,3.3847698961762984,3.5572111001840985,3.5572111001840985,Planner B
SKU0042@LOC03,2025-08-25,2025-08-04,3,26.0,0.0,0.0,3.3847698961762984,3.3847698961762984,3.3847698961762984,Planner B
SKU0042@LOC03,2025-09-01,2025-08-04,4,0.0,0.0,0.0,3.3847698961762984,3.3847698961762984,3.3847698961762984,Planner B
SKU0042@LOC03,2025-09-08,2025-09-01,1,0.0,0.0,0.0,3.1404942333711214,2.7395611144996064,2.7395611144996064,Planner B
SKU0042@LOC03,2025-09-15,2025-09-01,2,18.0,0.0,0.0,3.1404942333711214,3.1404942333711214,3.1404942333711214,Planner B
SKU0042@LOC03,2025-09-22,2025-09-01,3,0.0,0.0,0.0,3.1404942333711214,3.826851051297431,3.826851051297431,Planner B
SKU0042@LOC03,2025-09-29,2025-09-01,4,0.0,0.0,11.0,3.1404942333711214,3.1404942333711214,3.1404942333711214,Planner B
SKU0042@LOC03,2025-10-06,2025-09-29,1,0.0,0.0,0.0,3.2966436887179342,3.1209142041361835,3.1209142041361835,Planner B
SKU0042@LOC03,2025-10-13,2025-09-29,2,0.0,0.0,0.0,3.2966436887179342,4.442339667923838,4.442339667923838,Planner B
SKU0042@LOC03,2025-10-20,2025-09-29,3,0.0,0.0,0.0,3.2966436887179342,3.2966436887179342,3.2966436887179342,Planner B
SKU0042@LOC03,2025-10-27,2025-09-29,4,0.0,0.0,0.0,3.2966436887179342,3.2966436887179342,3.2966436887179342,Planner B
SKU0042@LOC03,2025-11-03,2025-10-27,1,0.0,0.0,0.0,3.2966436887179342,3.2966436887179342,3.2966436887179342,Planner B
SKU0042@LOC03,2025-11-10,2025-10-27,2,0.0,0.0,0.0,3.2966436887179342,3.2966436887179342,3.2966436887179342,Planner B
SKU0042@LOC03,2025-11-17,2025-10-27,3,0.0,0.0,16.0,3.2966436887179342,3.2966436887179342,3.2966436887179342,Planner B
SKU0042@LOC03,2025-11-24,2025-10-27,4,0.0,0.0,11.0,3.2966436887179342,3.2966436887179342,3.2966436887179342,Planner B
SKU0042@LOC03,2025-12-01,2025-11-24,1,0.0,0.0,0.0,3.2966436887179342,3.2966436887179342,3.2966436887179342,Planner B
SKU0042@LOC03,2025-12-08,2025-11-24,2,0.0,0.0,0.0,3.2966436887179342,3.2966436887179342,3.2966436887179342,Planner B
SKU0042@LOC03,2025-12-15,2025-11-24,3,0.0,0.0,0.0,3.2966436887179342,3.2966436887179342,3.2966436887179342,Planner B
SKU0042@LOC03,2025-12-22,2025-11-24,4,0.0,0.0,12.0,3.2966436887179342,3.2966436887179342,3.2966436887179342,Planner B
SKU0043@LOC01,2025-05-19,2025-05-12,1,62.0,61.0,35.0,48.764101103121675,48.764101103121675,51.202306158277764,Planner C
SKU0043@LOC01,2025-05-26,2025-05-12,2,53.0,61.0,42.0,48.764101103121675,48.764101103121675,51.202306158277764,Planner C
SKU0043@LOC01,2025-06-02,2025-05-12,3,60.0,61.0,46.0,48.764101103121675,49.63709002071295,52.118944521748595,Planner C
SKU0043@LOC01,2025-06-09,2025-05-12,4,51.0,61.0,36.0,48.764101103121675,48.764101103121675,51.202306158277764,Planner C
SKU0043@LOC01,2025-06-16,2025-06-09,1,45.0,51.0,40.0,54.37059168914895,54.37059168914895,57.0891212736064,Planner C
SKU0043@LOC01,2025-06-23,2025-06-09,2,53.0,51.0,62.0,54.37059168914895,54.37059168914895,57.0891212736064,Planner C
SKU0043@LOC01,2025-06-30,2025-06-09,3,45.0,51.0,28.0,54.37059168914895,54.37059168914895,57.0891212736064,Planner C
SKU0043@LOC01,2025-07-07,2025-06-09,4,84.0,51.0,50.0,54.37059168914895,54.37059168914895,57.0891212736064,Planner C
SKU0043@LOC01,2025-07-14,2025-07-07,1,46.0,84.0,31.0,60.125879064564664,60.125879064564664,63.1321730177929,Planner C
SKU0043@LOC01,2025-07-21,2025-07-07,2,127.0,84.0,41.0,60.125879064564664,60.125879064564664,63.1321730177929,Planner C
SKU0043@LOC01,2025-07-28,2025-07-07,3,46.0,84.0,35.0,60.125879064564664,77.76533042907195,81.65359695052555,Planner C
SKU0043@LOC01,2025-08-04,2025-07-07,4,39.0,84.0,40.0,60.125879064564664,60.125879064564664,63.1321730177929,Planner C
SKU0043@LOC01,2025-08-11,2025-08-04,1,58.0,39.0,51.0,59.60823301400806,59.60823301400806,62.58864466470846,Planner C
SKU0043@LOC01,2025-08-18,2025-08-04,2,65.0,39.0,29.0,59.60823301400806,87.09462031848042,91.44935133440445,Planner C
SKU0043@LOC01,2025-08-25,2025-08-04,3,68.0,39.0,47.0,59.60823301400806,86.52893786889463,90.85538476233937,Planner C
SKU0043@LOC01,2025-09-01,2025-08-04,4,62.0,39.0,48.0,59.60823301400806,89.87877240395431,94.37271102415204,Planner C
SKU0043@LOC01,2025-09-08,2025-09-01,1,67.0,62.0,52.0,62.36822997708849,62.36822997708849,65.48664147594292,Planner C
SKU0043@LOC01,2025-09-15,2025-09-01,2,46.0,62.0,33.0,62.36822997708849,62.36822997708849,65.48664147594292,Planner C
SKU0043@LOC01,2025-09-22,2025-09-01,3,47.0,62.0,43.0,62.36822997708849,62.36822997708849,65.48664147594292,Planner C
SKU0043@LOC01,2025-09-29,2025-09-01,4,29.0,62.0,34.0,62.36822997708849,62.36822997708849,65.48664147594292,Planner C
SKU0043@LOC01,2025-10-06,2025-09-29,1,56.0,29.0,39.0,49.33135401618816,49.33135401618816,51.79792171699757,Planner C
SKU0043@LOC01,2025-10-13,2025-09-29,2,22.0,29.0,38.0,49.33135401618816,49.33135401618816,51.79792171699757,Planner C
SKU0043@LOC01,2025-10-20,2025-09-29,3,38.0,29.0,22.0,49.33135401618816,49.33135401618816,51.79792171699757,Planner C
SKU0043@LOC01,2025-10-27,2025-09-29,4,29.0,29.0,44.0,49.33135401618816,49.33135401618816,51.79792171699757,Planner C
SKU0043@LOC01,2025-11-03,2025-10-27,1,27.0,29.0,94.0,38.98374873168453,26.715974145919073,28.051772853215027,Planner C
SKU0043@LOC01,2025-11-10,2025-10-27,2,11.0,29.0,40.0,38.98374873168453,38.98374873168453,40.93293616826875,Planner C
SKU0043@LOC01,2025-11-17,2025-10-27,3,38.0,29.0,22.0,38.98374873168453,38.98374873168453,40.93293616826875,Planner C
SKU0043@LOC01,2025-11-24,2025-10-27,4,30.0,29.0,23.0,38.98374873168453,38.98374873168453,40.93293616826875,Planner C
SKU0043@LOC01,2025-12-01,2025-11-24,1,30.0,30.0,55.0,31.354232997134556,31.354232997134556,32.921944646991285,Planner C
SKU0043@LOC01,2025-12-08,2025-11-24,2,23.0,30.0,30.0,31.354232997134556,31.354232997134556,32.921944646991285,Planner C
SKU0043@LOC01,2025-12-15,2025-11-24,3,22.0,30.0,23.0,31.354232997134556,35.75909120983062,37.54704577032216,Planner C
SKU0043@LOC01,2025-12-22,2025-11-24,4,36.0,30.0,24.0,31.354232997134556,31.354232997134556,32.921944646991285,Planner C
SKU0043@LOC02,2025-05-19,2025-05-12,1,32.0,36.0,39.0,33.05627665452725,23.90374313032282,25.09893028683896,Planner D
SKU0043@LOC02,2025-05-26,2025-05-12,2,33.0,36.0,33.0,33.05627665452725,33.05627665452725,34.70909048725362,Planner D
SKU0043@LOC02,2025-06-02,2025-05-12,3,33.0,36.0,34.0,33.05627665452725,33.23665669577641,34.898489530565236,Planner D
SKU0043@LOC02,2025-06-09,2025-05-12,4,20.0,36.0,35.0,33.05627665452725,33.05627665452725,34.70909048725362,Planner D
SKU0043@LOC02,2025-06-16,2025-06-09,1,35.0,20.0,36.0,30.32065091769436,30.32065091769436,31.836683463579078,Planner D
SKU0043@LOC02,2025-06-23,2025-06-09,2,16.0,20.0,29.0,30.32065091769436,44.31211365701131,46.527719339861875,Planner D
SKU0043@LOC02,2025-06-30,2025-06-09,3,46.0,20.0,41.0,30.32065091769436,30.32065091769436,31.836683463579078,Planner D
SKU0043@LOC02,2025-07-07,2025-06-09,4,31.0,20.0,41.0,30.32065091769436,30.32065091769436,31.836683463579078,Planner D
SKU0043@LOC02,2025-07-14,2025-07-07,1,49.0,31.0,17.0,31.61133861588761,31.61133861588761,33.191905546681994,Planner D
SKU0043@LOC02,2025-07-21,2025-07-07,2,53.0,31.0,93.0,31.61133861588761,34.543268877183536,36.27043232104271,Planner D
SKU0043@LOC02,2025-07-28,2025-07-07,3,34.0,31.0,41.0,31.61133861588761,38.151051032697,40.05860358433185,Planner D
SKU0043@LOC02,2025-08-04,2025-07-07,4,49.0,31.0,44.0,31.61133861588761,31.61133861588761,33.191905546681994,Planner D
SKU0043@LOC02,2025-08-11,2025-08-04,1,50.0,49.0,37.0,39.98960429706757,39.98960429706757,41.98908451192095,Planner D
SKU0043@LOC02,2025-08-18,2025-08-04,2,46.0,49.0,35.0,39.98960429706757,39.98960429706757,41.98908451192095,Planner D
SKU0043@LOC02,2025-08-25,2025-08-04,3,36.0,49.0,30.0,39.98960429706757,29.2616416166967,30.724723697531537,Planner D
SKU0043@LOC02,2025-09-01,2025-08-04,4,49.0,49.0,27.0,39.98960429706757,39.98960429706757,41.98908451192095,Planner D
SKU0043@LOC02,2025-09-08,2025-09-01,1,30.0,49.0,32.0,42.94774192007888,42.94774192007888,45.09512901608283,Planner D
SKU0043@LOC02,2025-09-15,2025-09-01,2,22.0,49.0,42.0,42.94774192007888,32.237969903732434,33.84986839891906,Planner D
SKU0043@LOC02,2025-09-22,2025-09-01,3,38.0,49.0,25.0,42.94774192007888,42.94774192007888,45.09512901608283,Planner D
SKU0043@LOC02,2025-09-29,2025-09-01,4,32.0,49.0,30.0,42.94774192007888,42.94774192007888,45.09512901608283,Planner D
SKU0043@LOC02,2025-10-06,2025-09-29,1,29.0,32.0,31.0,35.959395090464305,35.959395090464305,37.75736484498752,Planner D
SKU0043@LOC02,2025-10-13,2025-09-29,2,23.0,32.0,25.0,35.959395090464305,35.959395090464305,37.75736484498752,Planner D
SKU0043@LOC02,2025-10-20,2025-09-29,3,30.0,32.0,20.0,35.959395090464305,35.959395090464305,37.75736484498752,Planner D
SKU0043@LOC02,2025-10-27,2025-09-29,4,25.0,32.0,23.0,35.959395090464305,35.959395090464305,37.75736484498752,Planner D
SKU0043@LOC02,2025-11-03,2025-10-27,1,29.0,25.0,22.0,30.44256822905418,26.622958973075967,27.954106921729768,Planner D
SKU0043@LOC02,2025-11-10,2025-10-27,2,20.0,25.0,17.0,30.44256822905418,47.54799098999904,49.925390539499,Planner D
SKU0043@LOC02,2025-11-17,2025-10-27,3,23.0,25.0,18.0,30.44256822905418,18.16315110516942,19.071308660427892,Planner D
SKU0043@LOC02,2025-11-24,2025-10-27,4,37.0,25.0,21.0,30.44256822905418,30.44256822905418,31.96469664050689,Planner D
SKU0043@LOC02,2025-12-01,2025-11-24,1,24.0,37.0,17.0,29.07887594662059,29.07887594662059,30.532819743951624,Planner D
SKU0043@LOC02,2025-12-08,2025-11-24,2,14.0,37.0,9.0,29.07887594662059,14.199466728684722,14.90944006511896,Planner D
SKU0043@LOC02,2025-12-15,2025-11-24,3,33.0,37.0,10.0,29.07887594662059,41.16120716964744,43.21926752812981,Planner D
SKU0043@LOC02,2025-12-22,2025-11-24,4,36.0,37.0,23.0,29.07887594662059,29.07887594662059,30.532819743951624,Planner D
SKU0043@LOC03,2025-05-19,2025-05-12,1,69.0,32.0,46.0,43.33791153100443,43.33791153100443,45.504807107554655,Planner A
SKU0043@LOC03,2025-05-26,2025-05-12,2,42.0,32.0,50.0,43.33791153100443,43.33791153100443,45.504807107554655,Planner A
SKU0043@LOC03,2025-06-02,2025-05-12,3,44.0,32.0,39.0,43.33791153100443,43.33791153100443,45.504807107554655,Planner A
SKU0043@LOC03,2025-06-09,2025-05-12,4,56.0,32.0,59.0,43.33791153100443,43.33791153100443,45.504807107554655,Planner A
SKU0043@LOC03,2025-06-16,2025-06-09,1,44.0,56.0,59.0,49.14597982035687,54.37259129268104,57.09122085731509,Planner A
SKU0043@LOC03,2025-06-23,2025-06-09,2,50.0,56.0,52.0,49.14597982035687,49.14597982035687,51.603278811374715,Planner A
SKU0043@LOC03,2025-06-30,2025-06-09,3,81.0,56.0,45.0,49.14597982035687,49.14597982035687,51.603278811374715,Planner A
SKU0043@LOC03,2025-07-07,2025-06-09,4,39.0,56.0,44.0,49.14597982035687,49.14597982035687,51.603278811374715,Planner A
SKU0043@LOC03,2025-07-14,2025-07-07,1,59.0,39.0,49.0,52.15947017753479,52.15947017753479,54.76744368641153,Planner A
SKU0043@LOC03,2025-07-21,2025-07-07,2,71.0,39.0,49.0,52.15947017753479,61.53133701226598,64.60790386287928,Planner A
SKU0043@LOC03,2025-07-28,2025-07-07,3,54.0,39.0,54.0,52.15947017753479,52.15947017753479,54.76744368641153,Planner A
SKU0043@LOC03,2025-08-04,2025-07-07,4,54.0,39.0,48.0,52.15947017753479,52.15947017753479,54.76744368641153,Planner A
SKU0043@LOC03,2025-08-11,2025-08-04,1,80.0,54.0,38.0,56.33561361086062,56.33561361086062,59.15239429140365,Planner A
SKU0043@LOC03,2025-08-18,2025-08-04,2,50.0,54.0,52.0,56.33561361086062,56.33561361086062,59.15239429140365,Planner A
SKU0043@LOC03,2025-08-25,2025-08-04,3,83.0,54.0,64.0,56.33561361086062,56.33561361086062,59.15239429140365,Planner A
SKU0043@LOC03,2025-09-01,2025-08-04,4,51.0,54.0,53.0,56.33561361086062,56.33561361086062,59.15239429140365,Planner A
SKU0043@LOC03,2025-09-08,2025-09-01,1,77.0,51.0,41.0,61.60619024406137,61.60619024406137,64.68649975626444,Planner A
SKU0043@LOC03,2025-09-15,2025-09-01,2,50.0,51.0,35.0,61.60619024406137,61.60619024406137,64.68649975626444,Planner A
SKU0043@LOC03,2025-09-22,2025-09-01,3,34.0,51.0,34.0,61.60619024406137,61.60619024406137,64.68649975626444,Planner A
SKU0043@LOC03,2025-09-29,2025-09-01,4,66.0,51.0,47.0,61.60619024406137,64.53335551874211,67.76002329467921,Planner A
SKU0043@LOC03,2025-10-06,2025-09-29,1,47.0,66.0,38.0,57.51992738191004,57.51992738191004,60.39592375100554,Planner A
SKU0043@LOC03,2025-10-13,2025-09-29,2,57.0,66.0,36.0,57.51992738191004,57.51992738191004,60.39592375100554,Planner A
SKU0043@LOC03,2025-10-20,2025-09-29,3,53.0,66.0,63.0,57.51992738191004,57.51992738191004,60.39592375100554,Planner A
SKU0043@LOC03,2025-10-27,2025-09-29,4,37.0,66.0,27.0,57.51992738191004,57.51992738191004,60.39592375100554,Planner A
SKU0043@LOC03,2025-11-03,2025-10-27,1,33.0,37.0,35.0,50.35982077318248,50.35982077318248,52.8778118118416,Planner A
SKU0043@LOC03,2025-11-10,2025-10-27,2,35.0,37.0,42.0,50.35982077318248,50.35982077318248,52.8778118118416,Planner A
SKU0043@LOC03,2025-11-17,2025-10-27,3,33.0,37.0,51.0,50.35982077318248,50.35982077318248,52.8778118118416,Planner A
SKU0043@LOC03,2025-11-24,2025-10-27,4,32.0,37.0,28.0,50.35982077318248,50.35982077318248,52.8778118118416,Planner A
SKU0043@LOC03,2025-12-01,2025-11-24,1,22.0,32.0,23.0,36.87164918466326,36.87164918466326,38.71523164389642,Planner A
SKU0043@LOC03,2025-12-08,2025-11-24,2,30.0,32.0,36.0,36.87164918466326,31.87938524608056,33.47335450838459,Planner A
SKU0043@LOC03,2025-12-15,2025-11-24,3,25.0,32.0,22.0,36.87164918466326,36.87164918466326,38.71523164389642,Planner A
SKU0043@LOC03,2025-12-22,2025-11-24,4,23.0,32.0,28.0,36.87164918466326,36.87164918466326,38.71523164389642,Planner A
SKU0044@LOC01,2025-05-19,2025-05-12,1,109.0,93.0,138.0,134.25065671212664,134.25065671212664,140.96318954773298,Planner B
SKU0044@LOC01,2025-05-26,2025-05-12,2,135.0,93.0,123.0,134.25065671212664,134.25065671212664,140.96318954773298,Planner B
SKU0044@LOC01,2025-06-02,2025-05-12,3,141.0,93.0,140.0,134.25065671212664,134.25065671212664,140.96318954773298,Planner B
SKU0044@LOC01,2025-06-09,2025-05-12,4,165.0,93.0,147.0,134.25065671212664,134.25065671212664,140.96318954773298,Planner B
SKU0044@LOC01,2025-06-16,2025-06-09,1,134.0,165.0,165.0,140.64571560032132,140.64571560032132,147.6780013803374,Planner B
SKU0044@LOC01,2025-06-23,2025-06-09,2,210.0,165.0,146.0,140.64571560032132,140.64571560032132,147.6780013803374,Planner B
SKU0044@LOC01,2025-06-30,2025-06-09,3,164.0,165.0,140.0,140.64571560032132,140.64571560032132,147.6780013803374,Planner B
SKU0044@LOC01,2025-07-07,2025-06-09,4,149.0,165.0,184.0,140.64571560032132,164.8119148411065,173.05251058316182,Planner B
SKU0044@LOC01,2025-07-14,2025-07-07,1,170.0,149.0,138.0,156.16524595166416,156.16524595166416,163.97350824924737,Planner B
SKU0044@LOC01,2025-07-21,2025-07-07,2,156.0,149.0,147.0,156.16524595166416,156.16524595166416,163.97350824924737,Planner B
SKU0044@LOC01,2025-07-28,2025-07-07,3,113.0,149.0,109.0,156.16524595166416,156.16524595166416,163.97350824924737,Planner B
SKU0044@LOC01,2025-08-04,2025-07-07,4,165.0,149.0,178.0,156.16524595166416,156.16524595166416,163.97350824924737,Planner B
SKU0044@LOC01,2025-08-11,2025-08-04,1,153.0,165.0,106.0,151.71634735189372,151.71634735189372,159.30216471948842,Planner B
SKU0044@LOC01,2025-08-18,2025-08-04,2,111.0,165.0,156.0,151.71634735189372,151.71634735189372,159.30216471948842,Planner B
SKU0044@LOC01,2025-08-25,2025-08-04,3,187.0,165.0,96.0,151.71634735189372,180.028718533378,189.0301544600469,Planner B
SKU0044@LOC01,2025-09-01,2025-08-04,4,178.0,165.0,133.0,151.71634735189372,151.71634735189372,159.30216471948842,Planner B
SKU0044@LOC01,2025-09-08,2025-09-01,1,119.0,178.0,140.0,159.3125942793101,159.3125942793101,167.27822399327562,Planner B
SKU0044@LOC01,2025-09-15,2025-09-01,2,129.0,178.0,179.0,159.3125942793101,150.68437141653587,158.21858998736266,Planner B
SKU0044@LOC01,2025-09-22,2025-09-01,3,156.0,178.0,115.0,159.3125942793101,111.03898203937462,116.59093114134335,Planner B
SKU0044@LOC01,2025-09-29,2025-09-01,4,99.0,178.0,136.0,159.3125942793101,159.3125942793101,167.27822399327562,Planner B
SKU0044@LOC01,2025-10-06,2025-09-29,1,122.0,99.0,157.0,135.09890678368797,135.09890678368797,141.85385212287238,Planner B
SKU0044@LOC01,2025-10-13,2025-09-29,2,98.0,99.0,110.0,135.09890678368797,135.09890678368797,141.85385212287238,Planner B
SKU0044@LOC01,2025-10-20,2025-09-29,3,99.0,99.0,56.0,135.09890678368797,178.99877100791517,187.94870955831092,Planner B
SKU0044@LOC01,2025-10-27,2025-09-29,4,78.0,99.0,132.0,135.09890678368797,135.09890678368797,141.85385212287238,Planner B
SKU0044@LOC01,2025-11-03,2025-10-27,1,92.0,78.0,100.0,107.45707597452626,107.45707597452626,112.82992977325257,Planner B
SKU0044@LOC01,2025-11-10,2025-10-27,2,72.0,78.0,108.0,107.45707597452626,107.45707597452626,112.82992977325257,Planner B
SKU0044@LOC01,2025-11-17,2025-10-27,3,54.0,78.0,97.0,107.45707597452626,107.45707597452626,112.82992977325257,Planner B
SKU0044@LOC01,2025-11-24,2025-10-27,4,75.0,78.0,112.0,107.45707597452626,98.02698678947473,102.92833612894847,Planner B
SKU0044@LOC01,2025-12-01,2025-11-24,1,83.0,75.0,105.0,78.6040098028201,78.6040098028201,82.5342102929611,Planner B
SKU0044@LOC01,2025-12-08,2025-11-24,2,42.0,75.0,81.0,78.6040098028201,82.29237718076863,86.40699603980705,Planner B
SKU0044@LOC01,2025-12-15,2025-11-24,3,60.0,75.0,58.0,78.6040098028201,78.6040098028201,82.5342102929611,Planner B
SKU0044@LOC01,2025-12-22,2025-11-24,4,77.0,75.0,83.0,78.6040098028201,108.44111034649018,113.86316586381469,Planner B
SKU0044@LOC02,2025-05-19,2025-05-12,1,85.0,136.0,191.0,119.28273002727659,119.28273002727659,125.24686652864042,Planner C
SKU0044@LOC02,2025-05-26,2025-05-12,2,54.0,136.0,130.0,119.28273002727659,167.8550448330611,176.24779707471416,Planner C
SKU0044@LOC02,2025-06-02,2025-05-12,3,96.0,136.0,153.0,119.28273002727659,119.28273002727659,125.24686652864042,Planner C
SKU0044@LOC02,2025-06-09,2025-05-12,4,87.0,136.0,125.0,119.28273002727659,119.28273002727659,125.24686652864042,Planner C
SKU0044@LOC02,2025-06-16,2025-06-09,1,158.0,87.0,132.0,90.54717937242258,90.54717937242258,95.0745383410437,Planner C
SKU0044@LOC02,2025-06-23,2025-06-09,2,107.0,87.0,79.0,90.54717937242258,91.79574411062154,96.38553131615262,Planner C
SKU0044@LOC02,2025-06-30,2025-06-09,3,86.0,87.0,99.0,90.54717937242258,69.70108539407471,73.18613966377845,Planner C
SKU0044@LOC02,2025-07-07,2025-06-09,4,95.0,87.0,108.0,90.54717937242258,90.54717937242258,95.0745383410437,Planner C
SKU0044@LOC02,2025-07-14,2025-07-07,1,101.0,95.0,122.0,100.28757776731867,100.28757776731867,105.3019566556846,Planner C
SKU0044@LOC02,2025-07-21,2025-07-07,2,115.0,95.0,78.0,100.28757776731867,100.28757776731867,105.3019566556846,Planner C
SKU0044@LOC02,2025-07-28,2025-07-07,3,109.0,95.0,98.0,100.28757776731867,100.28757776731867,105.3019566556846,Planner C
SKU0044@LOC02,2025-08-04,2025-07-07,4,120.0,95.0,152.0,100.28757776731867,100.28757776731867,105.3019566556846,Planner C
SKU0044@LOC02,2025-08-11,2025-08-04,1,84.0,120.0,86.0,110.26694742193322,110.26694742193322,115.7802947930299,Planner C
SKU0044@LOC02,2025-08-18,2025-08-04,2,86.0,120.0,162.0,110.26694742193322,66.39729671844887,69.71716155437132,Planner C
SKU0044@LOC02,2025-08-25,2025-08-04,3,79.0,120.0,220.0,110.26694742193322,110.26694742193322,115.7802947930299,Planner C
SKU0044@LOC02,2025-09-01,2025-08-04,4,95.0,120.0,95.0,110.26694742193322,110.26694742193322,115.7802947930299,Planner C
SKU0044@LOC02,2025-09-08,2025-09-01,1,94.0,95.0,122.0,92.85069407600616,92.85069407600616,97.49322877980647,Planner C
SKU0044@LOC02,2025-09-15,2025-09-01,2,116.0,95.0,105.0,92.85069407600616,92.85069407600616,97.49322877980647,Planner C
SKU0044@LOC02,2025-09-22,2025-09-01,3,84.0,95.0,113.0,92.85069407600616,92.85069407600616,97.49322877980647,Planner C
SKU0044@LOC02,2025-09-29,2025-09-01,4,81.0,95.0,155.0,92.85069407600616,92.85069407600616,97.49322877980647,Planner C
SKU0044@LOC02,2025-10-06,2025-09-29,1,98.0,81.0,87.0,90.95805164764909,90.95805164764909,95.50595423003155,Planner C
SKU0044@LOC02,2025-10-13,2025-09-29,2,97.0,81.0,57.0,90.95805164764909,133.06923727226012,139.72269913587314,Planner C
SKU0044@LOC02,2025-10-20,2025-09-29,3,77.0,81.0,58.0,90.95805164764909,90.95805164764909,95.50595423003155,Planner C
SKU0044@LOC02,2025-10-27,2025-09-29,4,106.0,81.0,62.0,90.95805164764909,90.95805164764909,95.50595423003155,Planner C
SKU0044@LOC02,2025-11-03,2025-10-27,1,71.0,106.0,101.0,94.15222820060055,94.15222820060055,98.85983961063057,Planner C
SKU0044@LOC02,2025-11-10,2025-10-27,2,56.0,106.0,95.0,94.15222820060055,94.15222820060055,98.85983961063057,Planner C
SKU0044@LOC02,2025-11-17,2025-10-27,3,58.0,106.0,43.0,94.15222820060055,146.85348712232053,154.19616147843655,Planner C
SKU0044@LOC02,2025-11-24,2025-10-27,4,95.0,106.0,65.0,94.15222820060055,100.68889647102166,105.72334129457275,Planner C
SKU0044@LOC02,2025-12-01,2025-11-24,1,56.0,95.0,60.0,78.82384999096419,52.07398799172623,54.67768739131254,Planner C
SKU0044@LOC02,2025-12-08,2025-11-24,2,45.0,95.0,69.0,78.82384999096419,78.82384999096419,82.7650424905124,Planner C
SKU0044@LOC02,2025-12-15,2025-11-24,3,70.0,95.0,53.0,78.82384999096419,89.76858440399397,94.25701362419368,Planner C
SKU0044@LOC02,2025-12-22,2025-11-24,4,52.0,95.0,36.0,78.82384999096419,78.82384999096419,82.7650424905124,Planner C
SKU0044@LOC03,2025-05-19,2025-05-12,1,96.0,251.0,127.0,171.58332102089904,171.58332102089904,180.16248707194399,Planner D
SKU0044@LOC03,2025-05-26,2025-05-12,2,117.0,251.0,118.0,171.58332102089904,171.58332102089904,180.16248707194399,Planner D
SKU0044@LOC03,2025-06-02,2025-05-12,3,146.0,251.0,136.0,171.58332102089904,212.50929043265518,223.13475495428796,Planner D
SKU0044@LOC03,2025-06-09,2025-05-12,4,195.0,251.0,121.0,171.58332102089904,171.58332102089904,180.16248707194399,Planner D
SKU0044@LOC03,2025-06-16,2025-06-09,1,145.0,195.0,94.0,159.45009566400896,155.67981673212742,163.46380756873378,Planner D
SKU0044@LOC03,2025-06-23,2025-06-09,2,209.0,195.0,201.0,159.45009566400896,159.45009566400896,167.42260044720942,Planner D
SKU0044@LOC03,2025-06-30,2025-06-09,3,104.0,195.0,120.0,159.45009566400896,218.05240964403427,228.95503012623598,Planner D
SKU0044@LOC03,2025-07-07,2025-06-09,4,146.0,195.0,169.0,159.45009566400896,241.6955144659649,253.78029018926316,Planner D
SKU0044@LOC03,2025-07-14,2025-07-07,1,271.0,146.0,161.0,146.64873239805556,184.66601943270632,193.89932040434164,Planner D
SKU0044@LOC03,2025-07-21,2025-07-07,2,192.0,146.0,117.0,146.64873239805556,146.64873239805556,153.98116901795834,Planner D
SKU0044@LOC03,2025-07-28,2025-07-07,3,194.0,146.0,148.0,146.64873239805556,249.72770875008115,262.2140941875852,Planner D
SKU0044@LOC03,2025-08-04,2025-07-07,4,187.0,146.0,164.0,146.64873239805556,146.64873239805556,153.98116901795834,Planner D
SKU0044@LOC03,2025-08-11,2025-08-04,1,120.0,187.0,149.0,191.428075718788,191.428075718788,200.9994795047274,Planner D
SKU0044@LOC03,2025-08-18,2025-08-04,2,196.0,187.0,239.0,191.428075718788,191.428075718788,200.9994795047274,Planner D
SKU0044@LOC03,2025-08-25,2025-08-04,3,117.0,187.0,332.0,191.428075718788,273.61175291768325,287.29234056356745,Planner D
SKU0044@LOC03,2025-09-01,2025-08-04,4,208.0,187.0,195.0,191.428075718788,255.48900959062433,268.2634600701556,Planner D
SKU0044@LOC03,2025-09-08,2025-09-01,1,172.0,208.0,75.0,173.9126792159683,173.9126792159683,182.60831317676673,Planner D
SKU0044@LOC03,2025-09-15,2025-09-01,2,113.0,208.0,190.0,173.9126792159683,166.9687607908264,175.31719883036772,Planner D
SKU0044@LOC03,2025-09-22,2025-09-01,3,142.0,208.0,132.0,173.9126792159683,173.9126792159683,182.60831317676673,Planner D
SKU0044@LOC03,2025-09-29,2025-09-01,4,131.0,208.0,166.0,173.9126792159683,173.9126792159683,182.60831317676673,Planner D
SKU0044@LOC03,2025-10-06,2025-09-29,1,182.0,131.0,156.0,142.44180019429544,142.44180019429544,149.56389020401022,Planner D
SKU0044@LOC03,2025-10-13,2025-09-29,2,157.0,131.0,161.0,142.44180019429544,193.08380938294223,202.73799985208936,Planner D
SKU0044@LOC03,2025-10-20,2025-09-29,3,154.0,131.0,107.0,142.44180019429544,142.44180019429544,149.56389020401022,Planner D
SKU0044@LOC03,2025-10-27,2025-09-29,4,126.0,131.0,118.0,142.44180019429544,120.5799487770625,126.60894621591562,Planner D
SKU0044@LOC03,2025-11-03,2025-10-27,1,151.0,126.0,136.0,145.27173909593296,145.27173909593296,152.53532605072962,Planner D
SKU0044@LOC03,2025-11-10,2025-10-27,2,83.0,126.0,106.0,145.27173909593296,194.28708750148354,204.00144187655772,Planner D
SKU0044@LOC03,2025-11-17,2025-10-27,3,199.0,126.0,71.0,145.27173909593296,145.27173909593296,152.53532605072962,Planner D
SKU0044@LOC03,2025-11-24,2025-10-27,4,67.0,126.0,86.0,145.27173909593296,145.27173909593296,152.53532605072962,Planner D
SKU0044@LOC03,2025-12-01,2025-11-24,1,67.0,67.0,72.0,121.44196962699338,121.43728417663468,127.50914838546642,Planner D
SKU0044@LOC03,2025-12-08,2025-11-24,2,92.0,67.0,81.0,121.44196962699338,167.19533351837325,175.55510019429192,Planner D
SKU0044@LOC03,2025-12-15,2025-11-24,3,72.0,67.0,80.0,121.44196962699338,121.44196962699338,127.51406810834305,Planner D
SKU0044@LOC03,2025-12-22,2025-11-24,4,73.0,67.0,84.0,121.44196962699338,176.8615188124985,185.70459475312344,Planner D
SKU0045@LOC01,2025-05-19,2025-05-12,1,16.0,27.0,23.0,18.230632561137973,9.911523906505186,9.911523906505186,Planner A
SKU0045@LOC01,2025-05-26,2025-05-12,2,49.0,27.0,39.0,18.230632561137973,18.230632561137973,18.230632561137973,Planner A
SKU0045@LOC01,2025-06-02,2025-05-12,3,40.0,27.0,27.0,18.230632561137973,18.230632561137973,18.230632561137973,Planner A
SKU0045@LOC01,2025-06-09,2025-05-12,4,15.0,27.0,7.0,18.230632561137973,17.184653728424706,17.184653728424706,Planner A
SKU0045@LOC01,2025-06-16,2025-06-09,1,14.0,15.0,3.0,23.65077913836753,23.65077913836753,23.65077913836753,Planner A
SKU0045@LOC01,2025-06-23,2025-06-09,2,21.0,15.0,20.0,23.65077913836753,29.997837717789245,29.997837717789245,Planner A
SKU0045@LOC01,2025-06-30,2025-06-09,3,33.0,15.0,31.0,23.65077913836753,23.65077913836753,23.65077913836753,Planner A
SKU0045@LOC01,2025-07-07,2025-06-09,4,101.0,15.0,53.0,23.65077913836753,59.41432069028954,59.41432069028954,Planner A
SKU0045@LOC01,2025-07-14,2025-07-07,1,46.0,101.0,11.0,35.26889202759747,35.26889202759747,35.26889202759747,Planner A
SKU0045@LOC01,2025-07-21,2025-07-07,2,35.0,101.0,19.0,35.26889202759747,35.26889202759747,35.26889202759747,Planner A
SKU0045@LOC01,2025-07-28,2025-07-07,3,67.0,101.0,29.0,35.26889202759747,33.53922618072842,33.53922618072842,Planner A
SKU0045@LOC01,2025-08-04,2025-07-07,4,28.0,101.0,0.0,35.26889202759747,23.10884404792452,23.10884404792452,Planner A
SKU0045@LOC01,2025-08-11,2025-08-04,1,19.0,28.0,17.0,41.85836608997128,41.85836608997128,41.85836608997128,Planner A
SKU0045@LOC01,2025-08-18,2025-08-04,2,12.0,28.0,1.0,41.85836608997128,41.85836608997128,41.85836608997128,Planner A
SKU0045@LOC01,2025-08-25,2025-08-04,3,64.0,28.0,6.0,41.85836608997128,41.85836608997128,41.85836608997128,Planner A
SKU0045@LOC01,2025-09-01,2025-08-04,4,10.0,28.0,9.0,41.85836608997128,41.85836608997128,41.85836608997128,Planner A
SKU0045@LOC01,2025-09-08,2025-09-01,1,42.0,10.0,10.0,33.164876662942916,33.164876662942916,33.164876662942916,Planner A
SKU0045@LOC01,2025-09-15,2025-09-01,2,4.0,10.0,61.0,33.164876662942916,33.164876662942916,33.164876662942916,Planner A
SKU0045@LOC01,2025-09-22,2025-09-01,3,9.0,10.0,4.0,33.164876662942916,33.164876662942916,33.164876662942916,Planner A
SKU0045@LOC01,2025-09-29,2025-09-01,4,11.0,10.0,21.0,33.164876662942916,33.164876662942916,33.164876662942916,Planner A
SKU0045@LOC01,2025-10-06,2025-09-29,1,5.0,11.0,7.0,24.41226039853535,24.41226039853535,24.41226039853535,Planner A
SKU0045@LOC01,2025-10-13,2025-09-29,2,13.0,11.0,23.0,24.41226039853535,25.931397732423992,25.931397732423992,Planner A
SKU0045@LOC01,2025-10-20,2025-09-29,3,3.0,11.0,21.0,24.41226039853535,24.41226039853535,24.41226039853535,Planner A
SKU0045@LOC01,2025-10-27,2025-09-29,4,12.0,11.0,7.0,24.41226039853535,32.16734430460066,32.16734430460066,Planner A
SKU0045@LOC01,2025-11-03,2025-10-27,1,2.0,12.0,46.0,14.032398685382756,8.859780530882002,8.859780530882002,Planner A
SKU0045@LOC01,2025-11-10,2025-10-27,2,5.0,12.0,5.0,14.032398685382756,14.032398685382756,14.032398685382756,Planner A
SKU0045@LOC01,2025-11-17,2025-10-27,3,6.0,12.0,22.0,14.032398685382756,14.032398685382756,14.032398685382756,Planner A
SKU0045@LOC01,2025-11-24,2025-10-27,4,17.0,12.0,2.0,14.032398685382756,10.736702234238,10.736702234238,Planner A
SKU0045@LOC01,2025-12-01,2025-11-24,1,8.0,17.0,23.0,10.952470501532776,11.785872888188889,11.785872888188889,Planner A
SKU0045@LOC01,2025-12-08,2025-11-24,2,2.0,17.0,17.0,10.952470501532776,10.952470501532776,10.952470501532776,Planner A
SKU0045@LOC01,2025-12-15,2025-11-24,3,16.0,17.0,19.0,10.952470501532776,10.952470501532776,10.952470501532776,Planner A
SKU0045@LOC01,2025-12-22,2025-11-24,4,27.0,17.0,15.0,10.952470501532776,15.899269387059048,15.899269387059048,Planner A
SKU0045@LOC02,2025-05-19,2025-05-12,1,0.0,4.0,18.0,11.445172909513149,9.995193049491723,9.995193049491723,Planner B
SKU0045@LOC02,2025-05-26,2025-05-12,2,26.0,4.0,11.0,11.445172909513149,11.445172909513149,11.445172909513149,Planner B
SKU0045@LOC02,2025-06-02,2025-05-12,3,14.0,4.0,6.0,11.445172909513149,11.445172909513149,11.445172909513149,Planner B
SKU0045@LOC02,2025-06-09,2025-05-12,4,13.0,4.0,8.0,11.445172909513149,13.014012860866098,13.014012860866098,Planner B
SKU0045@LOC02,2025-06-16,2025-06-09,1,32.0,13.0,1.0,11.810414867129143,11.810414867129143,11.810414867129143,Planner B
SKU0045@LOC02,2025-06-23,2025-06-09,2,4.0,13.0,14.0,11.810414867129143,11.810414867129143,11.810414867129143,Planner B
SKU0045@LOC02,2025-06-30,2025-06-09,3,0.0,13.0,5.0,11.810414867129143,9.870893430967143,9.870893430967143,Planner B
SKU0045@LOC02,2025-07-07,2025-06-09,4,11.0,13.0,46.0,11.810414867129143,11.810414867129143,11.810414867129143,Planner B
SKU0045@LOC02,2025-07-14,2025-07-07,1,3.0,11.0,6.0,11.721956724369607,11.721956724369607,11.721956724369607,Planner B
SKU0045@LOC02,2025-07-21,2025-07-07,2,7.0,11.0,3.0,11.721956724369607,11.721956724369607,11.721956724369607,Planner B
SKU0045@LOC02,2025-07-28,2025-07-07,3,58.0,11.0,18.0,11.721956724369607,11.721956724369607,11.721956724369607,Planner B
SKU0045@LOC02,2025-08-04,2025-07-07,4,17.0,11.0,11.0,11.721956724369607,11.721956724369607,11.721956724369607,Planner B
SKU0045@LOC02,2025-08-11,2025-08-04,1,4.0,17.0,5.0,13.59708826422857,13.59708826422857,13.59708826422857,Planner B
SKU0045@LOC02,2025-08-18,2025-08-04,2,14.0,17.0,5.0,13.59708826422857,13.59708826422857,13.59708826422857,Planner B
SKU0045@LOC02,2025-08-25,2025-08-04,3,35.0,17.0,3.0,13.59708826422857,13.59708826422857,13.59708826422857,Planner B
SKU0045@LOC02,2025-09-01,2025-08-04,4,24.0,17.0,44.0,13.59708826422857,13.59708826422857,13.59708826422857,Planner B
SKU0045@LOC02,2025-09-08,2025-09-01,1,3.0,24.0,8.0,14.740638373015823,14.740638373015823,14.740638373015823,Planner B
SKU0045@LOC02,2025-09-15,2025-09-01,2,33.0,24.0,11.0,14.740638373015823,14.740638373015823,14.740638373015823,Planner B
SKU0045@LOC02,2025-09-22,2025-09-01,3,15.0,24.0,10.0,14.740638373015823,18.880484393227782,18.880484393227782,Planner B
SKU0045@LOC02,2025-09-29,2025-09-01,4,55.0,24.0,6.0,14.740638373015823,20.67840518584523,20.67840518584523,Planner B
SKU0045@LOC02,2025-10-06,2025-09-29,1,30.0,55.0,8.0,17.08657333381122,17.08657333381122,17.08657333381122,Planner B
SKU0045@LOC02,2025-10-13,2025-09-29,2,13.0,55.0,13.0,17.08657333381122,17.08657333381122,17.08657333381122,Planner B
SKU0045@LOC02,2025-10-20,2025-09-29,3,16.0,55.0,20.0,17.08657333381122,11.923441895994834,11.923441895994834,Planner B
SKU0045@LOC02,2025-10-27,2025-09-29,4,3.0,55.0,5.0,17.08657333381122,17.08657333381122,17.08657333381122,Planner B
SKU0045@LOC02,2025-11-03,2025-10-27,1,3.0,3.0,5.0,16.699808271472577,20.134896405620758,20.134896405620758,Planner B
SKU0045@LOC02,2025-11-10,2025-10-27,2,9.0,3.0,3.0,16.699808271472577,16.699808271472577,16.699808271472577,Planner B
SKU0045@LOC02,2025-11-17,2025-10-27,3,11.0,3.0,7.0,16.699808271472577,16.699808271472577,16.699808271472577,Planner B
SKU0045@LOC02,2025-11-24,2025-10-27,4,36.0,3.0,13.0,16.699808271472577,23.501492416027965,23.501492416027965,Planner B
SKU0045@LOC02,2025-12-01,2025-11-24,1,2.0,36.0,1.0,16.45932946091611,16.45932946091611,16.45932946091611,Planner B
SKU0045@LOC02,2025-12-08,2025-11-24,2,1.0,36.0,2.0,16.45932946091611,21.99646298271971,21.99646298271971,Planner B
SKU0045@LOC02,2025-12-15,2025-11-24,3,30.0,36.0,15.0,16.45932946091611,16.45932946091611,16.45932946091611,Planner B
SKU0045@LOC02,2025-12-22,2025-11-24,4,26.0,36.0,10.0,16.45932946091611,13.265151024842604,13.265151024842604,Planner B
SKU0045@LOC03,2025-05-19,2025-05-12,1,11.0,22.0,40.0,24.650033887810334,24.650033887810334,24.650033887810334,Planner C
SKU0045@LOC03,2025-05-26,2025-05-12,2,0.0,22.0,1.0,24.650033887810334,24.650033887810334,24.650033887810334,Planner C
SKU0045@LOC03,2025-06-02,2025-05-12,3,0.0,22.0,23.0,24.650033887810334,24.96215924959792,24.96215924959792,Planner C
SKU0045@LOC03,2025-06-09,2025-05-12,4,38.0,22.0,23.0,24.650033887810334,20.05627993359105,20.05627993359105,Planner C
SKU0045@LOC03,2025-06-16,2025-06-09,1,0.0,38.0,2.0,22.449162914333318,23.742029000462836,23.742029000462836,Planner C
SKU0045@LOC03,2025-06-23,2025-06-09,2,57.0,38.0,7.0,22.449162914333318,22.449162914333318,22.449162914333318,Planner C
SKU0045@LOC03,2025-06-30,2025-06-09,3,20.0,38.0,30.0,22.449162914333318,22.449162914333318,22.449162914333318,Planner C
SKU0045@LOC03,2025-07-07,2025-06-09,4,5.0,38.0,15.0,22.449162914333318,22.449162914333318,22.449162914333318,Planner C
SKU0045@LOC03,2025-07-14,2025-07-07,1,5.0,5.0,0.0,22.0571085009927,22.0571085009927,22.0571085009927,Planner C
SKU0045@LOC03,2025-07-21,2025-07-07,2,6.0,5.0,1.0,22.0571085009927,22.0571085009927,22.0571085009927,Planner C
SKU0045@LOC03,2025-07-28,2025-07-07,3,7.0,5.0,35.0,22.0571085009927,22.0571085009927,22.0571085009927,Planner C
SKU0045@LOC03,2025-08-04,2025-07-07,4,58.0,5.0,18.0,22.0571085009927,22.0571085009927,22.0571085009927,Planner C
SKU0045@LOC03,2025-08-11,2025-08-04,1,13.0,58.0,2.0,21.683246480986682,21.683246480986682,21.683246480986682,Planner C
SKU0045@LOC03,2025-08-18,2025-08-04,2,4.0,58.0,48.0,21.683246480986682,21.683246480986682,21.683246480986682,Planner C
SKU0045@LOC03,2025-08-25,2025-08-04,3,37.0,58.0,19.0,21.683246480986682,21.683246480986682,21.683246480986682,Planner C
SKU0045@LOC03,2025-09-01,2025-08-04,4,6.0,58.0,12.0,21.683246480986682,21.683246480986682,21.683246480986682,Planner C
SKU0045@LOC03,2025-09-08,2025-09-01,1,23.0,6.0,25.0,20.456433529054156,17.656608201499985,17.656608201499985,Planner C
SKU0045@LOC03,2025-09-15,2025-09-01,2,22.0,6.0,88.0,20.456433529054156,21.969982753740677,21.969982753740677,Planner C
SKU0045@LOC03,2025-09-22,2025-09-01,3,31.0,6.0,29.0,20.456433529054156,20.456433529054156,20.456433529054156,Planner C
SKU0045@LOC03,2025-09-29,2025-09-01,4,7.0,6.0,7.0,20.456433529054156,20.456433529054156,20.456433529054156,Planner C
SKU0045@LOC03,2025-10-06,2025-09-29,1,23.0,7.0,14.0,20.463124212124164,20.463124212124164,20.463124212124164,Planner C
SKU0045@LOC03,2025-10-13,2025-09-29,2,7.0,7.0,35.0,20.463124212124164,20.463124212124164,20.463124212124164,Planner C
SKU0045@LOC03,2025-10-20,2025-09-29,3,18.0,7.0,32.0,20.463124212124164,20.463124212124164,20.463124212124164,Planner C
SKU0045@LOC03,2025-10-27,2025-09-29,4,11.0,7.0,20.0,20.463124212124164,20.463124212124164,20.463124212124164,Planner C
SKU0045@LOC03,2025-11-03,2025-10-27,1,7.0,11.0,59.0,19.374198815301458,22.89317867022388,22.89317867022388,Planner C
SKU0045@LOC03,2025-11-10,2025-10-27,2,20.0,11.0,13.0,19.374198815301458,19.374198815301458,19.374198815301458,Planner C
SKU0045@LOC03,2025-11-17,2025-10-27,3,14.0,11.0,18.0,19.374198815301458,24.492931988727662,24.492931988727662,Planner C
SKU0045@LOC03,2025-11-24,2025-10-27,4,45.0,11.0,64.0,19.374198815301458,19.374198815301458,19.374198815301458,Planner C
SKU0045@LOC03,2025-12-01,2025-11-24,1,5.0,45.0,30.0,19.897987273805633,19.897987273805633,19.897987273805633,Planner C
SKU0045@LOC03,2025-12-08,2025-11-24,2,23.0,45.0,11.0,19.897987273805633,19.897987273805633,19.897987273805633,Planner C
SKU0045@LOC03,2025-12-15,2025-11-24,3,6.0,45.0,16.0,19.897987273805633,19.897987273805633,19.897987273805633,Planner C
SKU0045@LOC03,2025-12-22,2025-11-24,4,6.0,45.0,20.0,19.897987273805633,19.897987273805633,19.897987273805633,Planner C
SKU0046@LOC01,2025-05-19,2025-05-12,1,13.0,12.0,6.0,14.942527830692915,14.942527830692915,15.689654222227562,Planner D
SKU0046@LOC01,2025-05-26,2025-05-12,2,16.0,12.0,7.0,14.942527830692915,14.942527830692915,15.689654222227562,Planner D
SKU0046@LOC01,2025-06-02,2025-05-12,3,15.0,12.0,9.0,14.942527830692915,14.942527830692915,15.689654222227562,Planner D
SKU0046@LOC01,2025-06-09,2025-05-12,4,12.0,12.0,19.0,14.942527830692915,17.754847774664846,18.64259016339809,Planner D
SKU0046@LOC01,2025-06-16,2025-06-09,1,8.0,12.0,5.0,14.444136668420645,25.21683267651415,26.47767431033986,Planner D
SKU0046@LOC01,2025-06-23,2025-06-09,2,6.0,12.0,10.0,14.444136668420645,14.444136668420645,15.166343501841679,Planner D
SKU0046@LOC01,2025-06-30,2025-06-09,3,13.0,12.0,11.0,14.444136668420645,3.940330013350483,4.137346514018007,Planner D
SKU0046@LOC01,2025-07-07,2025-06-09,4,10.0,12.0,8.0,14.444136668420645,14.444136668420645,15.166343501841679,Planner D
SKU0046@LOC01,2025-07-14,2025-07-07,1,12.0,10.0,6.0,12.084629616769753,12.084629616769753,12.68886109760824,Planner D
SKU0046@LOC01,2025-07-21,2025-07-07,2,9.0,10.0,6.0,12.084629616769753,12.084629616769753,12.68886109760824,Planner D
SKU0046@LOC01,2025-07-28,2025-07-07,3,26.0,10.0,5.0,12.084629616769753,11.029731240488902,11.581217802513347,Planner D
SKU0046@LOC01,2025-08-04,2025-07-07,4,15.0,10.0,6.0,12.084629616769753,12.084629616769753,12.68886109760824,Planner D
SKU0046@LOC01,2025-08-11,2025-08-04,1,6.0,15.0,5.0,13.954052188888916,9.048508521069003,9.500933947122453,Planner D
SKU0046@LOC01,2025-08-18,2025-08-04,2,7.0,15.0,17.0,13.954052188888916,13.954052188888916,14.651754798333362,Planner D
SKU0046@LOC01,2025-08-25,2025-08-04,3,6.0,15.0,10.0,13.954052188888916,13.954052188888916,14.651754798333362,Planner D
SKU0046@LOC01,2025-09-01,2025-08-04,4,7.0,15.0,3.0,13.954052188888916,17.71110996151687,18.596665459592714,Planner D
SKU0046@LOC01,2025-09-08,2025-09-01,1,5.0,7.0,12.0,10.410439955426195,11.682123350136091,12.266229517642897,Planner D
SKU0046@LOC01,2025-09-15,2025-09-01,2,13.0,7.0,12.0,10.410439955426195,13.241640641081846,13.903722673135938,Planner D
SKU0046@LOC01,2025-09-22,2025-09-01,3,15.0,7.0,8.0,10.410439955426195,10.410439955426195,10.930961953197505,Planner D
SKU0046@LOC01,2025-09-29,2025-09-01,4,19.0,7.0,11.0,10.410439955426195,10.410439955426195,10.930961953197505,Planner D
SKU0046@LOC01,2025-10-06,2025-09-29,1,13.0,19.0,9.0,12.066283471982196,14.663495330942649,15.396670097489782,Planner D
SKU0046@LOC01,2025-10-13,2025-09-29,2,23.0,19.0,12.0,12.066283471982196,17.00429365002894,17.85450833253039,Planner D
SKU0046@LOC01,2025-10-20,2025-09-29,3,14.0,19.0,13.0,12.066283471982196,12.066283471982196,12.669597645581307,Planner D
SKU0046@LOC01,2025-10-27,2025-09-29,4,10.0,19.0,10.0,12.066283471982196,9.605114452218832,10.085370174829773,Planner D
SKU0046@LOC01,2025-11-03,2025-10-27,1,19.0,10.0,12.0,13.273844136646407,13.273844136646407,13.937536343478728,Planner D
SKU0046@LOC01,2025-11-10,2025-10-27,2,15.0,10.0,11.0,13.273844136646407,13.273844136646407,13.937536343478728,Planner D
SKU0046@LOC01,2025-11-17,2025-10-27,3,9.0,10.0,18.0,13.273844136646407,13.273844136646407,13.937536343478728,Planner D
SKU0046@LOC01,2025-11-24,2025-10-27,4,13.0,10.0,11.0,13.273844136646407,13.273844136646407,13.937536343478728,Planner D
SKU0046@LOC01,2025-12-01,2025-11-24,1,10.0,13.0,10.0,13.40241085085528,13.40241085085528,14.072531393398044,Planner D
SKU0046@LOC01,2025-12-08,2025-11-24,2,10.0,13.0,18.0,13.40241085085528,13.40241085085528,14.072531393398044,Planner D
SKU0046@LOC01,2025-12-15,2025-11-24,3,18.0,13.0,14.0,13.40241085085528,16.390868531318244,17.21041195788416,Planner D
SKU0046@LOC01,2025-12-22,2025-11-24,4,15.0,13.0,16.0,13.40241085085528,16.57270096111566,17.401336009171445,Planner D
SKU0046@LOC02,2025-05-19,2025-05-12,1,5.0,8.0,6.0,8.733920373251797,8.733920373251797,9.170616391914388,Planner A
SKU0046@LOC02,2025-05-26,2025-05-12,2,9.0,8.0,5.0,8.733920373251797,14.012635921457278,14.713267717530142,Planner A
SKU0046@LOC02,2025-06-02,2025-05-12,3,6.0,8.0,10.0,8.733920373251797,8.733920373251797,9.170616391914388,Planner A
SKU0046@LOC02,2025-06-09,2025-05-12,4,7.0,8.0,3.0,8.733920373251797,8.733920373251797,9.170616391914388,Planner A
SKU0046@LOC02,2025-06-16,2025-06-09,1,7.0,7.0,4.0,7.810129771839771,7.810129771839771,8.200636260431759,Planner A
SKU0046@LOC02,2025-06-23,2025-06-09,2,10.0,7.0,6.0,7.810129771839771,7.810129771839771,8.200636260431759,Planner A
SKU0046@LOC02,2025-06-30,2025-06-09,3,10.0,7.0,10.0,7.810129771839771,7.810129771839771,8.200636260431759,Planner A
SKU0046@LOC02,2025-07-07,2025-06-09,4,6.0,7.0,9.0,7.810129771839771,7.810129771839771,8.200636260431759,Planner A
SKU0046@LOC02,2025-07-14,2025-07-07,1,4.0,6.0,5.0,7.980517804211435,5.2450219046527895,5.507272999885429,Planner A
SKU0046@LOC02,2025-07-21,2025-07-07,2,6.0,6.0,5.0,7.980517804211435,7.980517804211435,8.379543694422008,Planner A
SKU0046@LOC02,2025-07-28,2025-07-07,3,4.0,6.0,6.0,7.980517804211435,7.980517804211435,8.379543694422008,Planner A
SKU0046@LOC02,2025-08-04,2025-07-07,4,11.0,6.0,8.0,7.980517804211435,7.980517804211435,8.379543694422008,Planner A
SKU0046@LOC02,2025-08-11,2025-08-04,1,1.0,11.0,8.0,7.344605172034646,7.344605172034646,7.711835430636378,Planner A
SKU0046@LOC02,2025-08-18,2025-08-04,2,5.0,11.0,6.0,7.344605172034646,7.9978511964118795,8.397743756232474,Planner A
SKU0046@LOC02,2025-08-25,2025-08-04,3,7.0,11.0,10.0,7.344605172034646,7.344605172034646,7.711835430636378,Planner A
SKU0046@LOC02,2025-09-01,2025-08-04,4,5.0,11.0,5.0,7.344605172034646,7.344605172034646,7.711835430636378,Planner A
SKU0046@LOC02,2025-09-08,2025-09-01,1,11.0,5.0,5.0,6.11042355358441,9.594097177095785,10.073802035950575,Planner A
SKU0046@LOC02,2025-09-15,2025-09-01,2,7.0,5.0,6.0,6.11042355358441,6.11042355358441,6.415944731263631,Planner A
SKU0046@LOC02,2025-09-22,2025-09-01,3,8.0,5.0,5.0,6.11042355358441,5.325677333658293,5.591961200341208,Planner A
SKU0046@LOC02,2025-09-29,2025-09-01,4,6.0,5.0,7.0,6.11042355358441,6.903099779995471,7.248254768995245,Planner A
SKU0046@LOC02,2025-10-06,2025-09-29,1,16.0,6.0,2.0,6.881610535118273,6.881610535118273,7.225691061874186,Planner A
SKU0046@LOC02,2025-10-13,2025-09-29,2,12.0,6.0,12.0,6.881610535118273,8.675528497490742,9.109304922365279,Planner A
SKU0046@LOC02,2025-10-20,2025-09-29,3,9.0,6.0,16.0,6.881610535118273,6.881610535118273,7.225691061874186,Planner A
SKU0046@LOC02,2025-10-27,2025-09-29,4,12.0,6.0,8.0,6.881610535118273,9.634414038529911,10.116134740456408,Planner A
SKU0046@LOC02,2025-11-03,2025-10-27,1,15.0,12.0,9.0,9.835548568618368,9.835548568618368,10.327325997049286,Planner A
SKU0046@LOC02,2025-11-10,2025-10-27,2,25.0,12.0,13.0,9.835548568618368,12.399749644168326,13.019737126376743,Planner A
SKU0046@LOC02,2025-11-17,2025-10-27,3,30.0,12.0,12.0,9.835548568618368,9.835548568618368,10.327325997049286,Planner A
SKU0046@LOC02,2025-11-24,2025-10-27,4,6.0,12.0,5.0,9.835548568618368,7.12936105063529,7.485829103167055,Planner A
SKU0046@LOC02,2025-12-01,2025-11-24,1,9.0,6.0,7.0,14.764640693706085,14.764640693706085,15.50287272839139,Planner A
SKU0046@LOC02,2025-12-08,2025-11-24,2,9.0,6.0,13.0,14.764640693706085,14.764640693706085,15.50287272839139,Planner A
SKU0046@LOC02,2025-12-15,2025-11-24,3,10.0,6.0,12.0,14.764640693706085,17.09367197144446,17.948355570016684,Planner A
SKU0046@LOC02,2025-12-22,2025-11-24,4,13.0,6.0,14.0,14.764640693706085,14.764640693706085,15.50287272839139,Planner A
SKU0046@LOC03,2025-05-19,2025-05-12,1,6.0,10.0,11.0,15.096902141279534,15.096902141279534,15.85174724834351,Planner B
SKU0046@LOC03,2025-05-26,2025-05-12,2,11.0,10.0,2.0,15.096902141279534,15.096902141279534,15.85174724834351,Planner B
SKU0046@LOC03,2025-06-02,2025-05-12,3,13.0,10.0,7.0,15.096902141279534,15.096902141279534,15.85174724834351,Planner B
SKU0046@LOC03,2025-06-09,2025-05-12,4,9.0,10.0,5.0,15.096902141279534,21.292636501947275,22.35726832704464,Planner B
SKU0046@LOC03,2025-06-16,2025-06-09,1,20.0,9.0,17.0,13.303477494893501,13.303477494893501,13.968651369638177,Planner B
SKU0046@LOC03,2025-06-23,2025-06-09,2,9.0,9.0,11.0,13.303477494893501,13.303477494893501,13.968651369638177,Planner B
SKU0046@LOC03,2025-06-30,2025-06-09,3,10.0,9.0,12.0,13.303477494893501,10.690538530108649,11.225065456614082,Planner B
SKU0046@LOC03,2025-07-07,2025-06-09,4,16.0,9.0,6.0,13.303477494893501,13.303477494893501,13.968651369638177,Planner B
SKU0046@LOC03,2025-07-14,2025-07-07,1,13.0,16.0,13.0,13.415411584399626,13.415411584399626,14.086182163619608,Planner B
SKU0046@LOC03,2025-07-21,2025-07-07,2,8.0,16.0,7.0,13.415411584399626,13.415411584399626,14.086182163619608,Planner B
SKU0046@LOC03,2025-07-28,2025-07-07,3,23.0,16.0,11.0,13.415411584399626,13.415411584399626,14.086182163619608,Planner B
SKU0046@LOC03,2025-08-04,2025-07-07,4,7.0,16.0,8.0,13.415411584399626,13.415411584399626,14.086182163619608,Planner B
SKU0046@LOC03,2025-08-11,2025-08-04,1,7.0,7.0,10.0,13.167551540524595,19.074990163880244,20.028739672074256,Planner B
SKU0046@LOC03,2025-08-18,2025-08-04,2,9.0,7.0,9.0,13.167551540524595,13.167551540524595,13.825929117550826,Planner B
SKU0046@LOC03,2025-08-25,2025-08-04,3,17.0,7.0,8.0,13.167551540524595,12.54946789057606,13.176941285104865,Planner B
SKU0046@LOC03,2025-09-01,2025-08-04,4,22.0,7.0,12.0,13.167551540524595,13.167551540524595,13.825929117550826,Planner B
SKU0046@LOC03,2025-09-08,2025-09-01,1,11.0,22.0,8.0,13.608530565738187,13.608530565738187,14.288957094025097,Planner B
SKU0046@LOC03,2025-09-15,2025-09-01,2,8.0,22.0,13.0,13.608530565738187,13.608530565738187,14.288957094025097,Planner B
SKU0046@LOC03,2025-09-22,2025-09-01,3,19.0,22.0,7.0,13.608530565738187,15.17148108301321,15.930055137163873,Planner B
SKU0046@LOC03,2025-09-29,2025-09-01,4,11.0,22.0,21.0,13.608530565738187,17.492091869185927,18.366696462645223,Planner B
SKU0046@LOC03,2025-10-06,2025-09-29,1,21.0,11.0,12.0,13.188456904180825,13.188456904180825,13.847879749389866,Planner B
SKU0046@LOC03,2025-10-13,2025-09-29,2,16.0,11.0,17.0,13.188456904180825,13.188456904180825,13.847879749389866,Planner B
SKU0046@LOC03,2025-10-20,2025-09-29,3,20.0,11.0,17.0,13.188456904180825,13.188456904180825,13.847879749389866,Planner B
SKU0046@LOC03,2025-10-27,2025-09-29,4,16.0,11.0,12.0,13.188456904180825,13.188456904180825,13.847879749389866,Planner B
SKU0046@LOC03,2025-11-03,2025-10-27,1,19.0,16.0,16.0,14.879846574833039,14.879846574833039,15.623838903574692,Planner B
SKU0046@LOC03,2025-11-10,2025-10-27,2,16.0,16.0,14.0,14.879846574833039,13.98836501158351,14.687783262162686,Planner B
SKU0046@LOC03,2025-11-17,2025-10-27,3,26.0,16.0,14.0,14.879846574833039,14.879846574833039,15.623838903574692,Planner B
SKU0046@LOC03,2025-11-24,2025-10-27,4,19.0,16.0,17.0,14.879846574833039,17.216820206500053,18.077661216825057,Planner B
SKU0046@LOC03,2025-12-01,2025-11-24,1,17.0,19.0,14.0,16.683767337747955,16.683767337747955,17.517955704635355,Planner B
SKU0046@LOC03,2025-12-08,2025-11-24,2,17.0,19.0,16.0,16.683767337747955,22.690789935395664,23.825329432165447,Planner B
SKU0046@LOC03,2025-12-15,2025-11-24,3,23.0,19.0,18.0,16.683767337747955,23.51393256673611,24.689629195072914,Planner B
SKU0046@LOC03,2025-12-22,2025-11-24,4,18.0,19.0,20.0,16.683767337747955,16.683767337747955,17.517955704635355,Planner B
SKU0047@LOC01,2025-05-19,2025-05-12,1,1.0,2.0,3.0,4.172623975608511,4.172623975608511,4.172623975608511,Planner C
SKU0047@LOC01,2025-05-26,2025-05-12,2,2.0,2.0,10.0,4.172623975608511,5.005060325110766,5.005060325110766,Planner C
SKU0047@LOC01,2025-06-02,2025-05-12,3,4.0,2.0,6.0,4.172623975608511,3.3766378122879774,3.3766378122879774,Planner C
SKU0047@LOC01,2025-06-09,2025-05-12,4,9.0,2.0,7.0,4.172623975608511,4.172623975608511,4.172623975608511,Planner C
SKU0047@LOC01,2025-06-16,2025-06-09,1,2.0,9.0,1.0,4.17174705703298,4.17174705703298,4.17174705703298,Planner C
SKU0047@LOC01,2025-06-23,2025-06-09,2,3.0,9.0,1.0,4.17174705703298,4.587106024466466,4.587106024466466,Planner C
SKU0047@LOC01,2025-06-30,2025-06-09,3,5.0,9.0,6.0,4.17174705703298,4.17174705703298,4.17174705703298,Planner C
SKU0047@LOC01,2025-07-07,2025-06-09,4,1.0,9.0,3.0,4.17174705703298,1.354213942578458,1.354213942578458,Planner C
SKU0047@LOC01,2025-07-14,2025-07-07,1,4.0,1.0,3.0,3.906526551372468,3.906526551372468,3.906526551372468,Planner C
SKU0047@LOC01,2025-07-21,2025-07-07,2,3.0,1.0,6.0,3.906526551372468,3.906526551372468,3.906526551372468,Planner C
SKU0047@LOC01,2025-07-28,2025-07-07,3,2.0,1.0,2.0,3.906526551372468,5.571022559424655,5.571022559424655,Planner C
SKU0047@LOC01,2025-08-04,2025-07-07,4,0.0,1.0,7.0,3.906526551372468,2.6131312372454043,2.6131312372454043,Planner C
SKU0047@LOC01,2025-08-11,2025-08-04,1,4.0,0.0,6.0,3.5837402918838217,2.9626823411847814,2.9626823411847814,Planner C
SKU0047@LOC01,2025-08-18,2025-08-04,2,2.0,0.0,5.0,3.5837402918838217,4.437309405551846,4.437309405551846,Planner C
SKU0047@LOC01,2025-08-25,2025-08-04,3,6.0,0.0,3.0,3.5837402918838217,3.5837402918838217,3.5837402918838217,Planner C
SKU0047@LOC01,2025-09-01,2025-08-04,4,2.0,0.0,5.0,3.5837402918838217,3.5837402918838217,3.5837402918838217,Planner C
SKU0047@LOC01,2025-09-08,2025-09-01,1,1.0,2.0,12.0,3.565703866116197,3.565703866116197,3.565703866116197,Planner C
SKU0047@LOC01,2025-09-15,2025-09-01,2,3.0,2.0,2.0,3.565703866116197,3.565703866116197,3.565703866116197,Planner C
SKU0047@LOC01,2025-09-22,2025-09-01,3,2.0,2.0,4.0,3.565703866116197,3.565703866116197,3.565703866116197,Planner C
SKU0047@LOC01,2025-09-29,2025-09-01,4,4.0,2.0,3.0,3.565703866116197,3.565703866116197,3.565703866116197,Planner C
SKU0047@LOC01,2025-10-06,2025-09-29,1,2.0,4.0,3.0,3.3775318346008056,3.3775318346008056,3.3775318346008056,Planner C
SKU0047@LOC01,2025-10-13,2025-09-29,2,2.0,4.0,5.0,3.3775318346008056,3.053537621668293,3.053537621668293,Planner C
SKU0047@LOC01,2025-10-20,2025-09-29,3,7.0,4.0,0.0,3.3775318346008056,1.6856732213149968,1.6856732213149968,Planner C
SKU0047@LOC01,2025-10-27,2025-09-29,4,5.0,4.0,5.0,3.3775318346008056,3.3775318346008056,3.3775318346008056,Planner C
SKU0047@LOC01,2025-11-03,2025-10-27,1,1.0,5.0,3.0,3.5095082888563223,3.0526960454954724,3.0526960454954724,Planner C
SKU0047@LOC01,2025-11-10,2025-10-27,2,0.0,5.0,4.0,3.5095082888563223,3.5095082888563223,3.5095082888563223,Planner C
SKU0047@LOC01,2025-11-17,2025-10-27,3,2.0,5.0,5.0,3.5095082888563223,3.5095082888563223,3.5095082888563223,Planner C
SKU0047@LOC01,2025-11-24,2025-10-27,4,3.0,5.0,4.0,3.5095082888563223,3.5095082888563223,3.5095082888563223,Planner C
SKU0047@LOC01,2025-12-01,2025-11-24,1,3.0,3.0,5.0,3.1463851857002796,4.0404179151322275,4.0404179151322275,Planner C
SKU0047@LOC01,2025-12-08,2025-11-24,2,3.0,3.0,6.0,3.1463851857002796,3.1463851857002796,3.1463851857002796,Planner C
SKU0047@LOC01,2025-12-15,2025-11-24,3,2.0,3.0,4.0,3.1463851857002796,3.1463851857002796,3.1463851857002796,Planner C
SKU0047@LOC01,2025-12-22,2025-11-24,4,6.0,3.0,15.0,3.1463851857002796,3.1463851857002796,3.1463851857002796,Planner C
SKU0047@LOC02,2025-05-19,2025-05-12,1,4.0,3.0,2.0,2.870659325757294,2.870659325757294,2.870659325757294,Planner D
SKU0047@LOC02,2025-05-26,2025-05-12,2,2.0,3.0,2.0,2.870659325757294,2.950906780496016,2.950906780496016,Planner D
SKU0047@LOC02,2025-06-02,2025-05-12,3,4.0,3.0,8.0,2.870659325757294,2.870659325757294,2.870659325757294,Planner D
SKU0047@LOC02,2025-06-09,2025-05-12,4,3.0,3.0,4.0,2.870659325757294,2.870659325757294,2.870659325757294,Planner D
SKU0047@LOC02,2025-06-16,2025-06-09,1,5.0,3.0,3.0,2.939894962450102,2.939894962450102,2.939894962450102,Planner D
SKU0047@LOC02,2025-06-23,2025-06-09,2,7.0,3.0,4.0,2.939894962450102,2.939894962450102,2.939894962450102,Planner D
SKU0047@LOC02,2025-06-30,2025-06-09,3,1.0,3.0,2.0,2.939894962450102,2.939894962450102,2.939894962450102,Planner D
SKU0047@LOC02,2025-07-07,2025-06-09,4,2.0,3.0,0.0,2.939894962450102,2.939894962450102,2.939894962450102,Planner D
SKU0047@LOC02,2025-07-14,2025-07-07,1,1.0,2.0,2.0,3.072281571259124,4.216401320613372,4.216401320613372,Planner D
SKU0047@LOC02,2025-07-21,2025-07-07,2,8.0,2.0,3.0,3.072281571259124,3.072281571259124,3.072281571259124,Planner D
SKU0047@LOC02,2025-07-28,2025-07-07,3,4.0,2.0,4.0,3.072281571259124,5.042263016577574,5.042263016577574,Planner D
SKU0047@LOC02,2025-08-04,2025-07-07,4,3.0,2.0,2.0,3.072281571259124,3.072281571259124,3.072281571259124,Planner D
SKU0047@LOC02,2025-08-11,2025-08-04,1,2.0,3.0,4.0,3.246261291550377,3.246261291550377,3.246261291550377,Planner D
SKU0047@LOC02,2025-08-18,2025-08-04,2,8.0,3.0,3.0,3.246261291550377,3.246261291550377,3.246261291550377,Planner D
SKU0047@LOC02,2025-08-25,2025-08-04,3,1.0,3.0,4.0,3.246261291550377,3.246261291550377,3.246261291550377,Planner D
SKU0047@LOC02,2025-09-01,2025-08-04,4,1.0,3.0,2.0,3.246261291550377,3.246261291550377,3.246261291550377,Planner D
SKU0047@LOC02,2025-09-08,2025-09-01,1,2.0,1.0,3.0,3.1883376111008537,3.7403600018689405,3.7403600018689405,Planner D
SKU0047@LOC02,2025-09-15,2025-09-01,2,3.0,1.0,2.0,3.1883376111008537,3.330988341020293,3.330988341020293,Planner D
SKU0047@LOC02,2025-09-22,2025-09-01,3,2.0,1.0,1.0,3.1883376111008537,2.174556082980829,2.174556082980829,Planner D
SKU0047@LOC02,2025-09-29,2025-09-01,4,3.0,1.0,2.0,3.1883376111008537,3.1883376111008537,3.1883376111008537,Planner D
SKU0047@LOC02,2025-10-06,2025-09-29,1,2.0,3.0,3.0,3.0630334113517144,3.0630334113517144,3.0630334113517144,Planner D
SKU0047@LOC02,2025-10-13,2025-09-29,2,2.0,3.0,6.0,3.0630334113517144,2.5598787187481737,2.5598787187481737,Planner D
SKU0047@LOC02,2025-10-20,2025-09-29,3,3.0,3.0,6.0,3.0630334113517144,3.0630334113517144,3.0630334113517144,Planner D
SKU0047@LOC02,2025-10-27,2025-09-29,4,3.0,3.0,0.0,3.0630334113517144,4.101628491546613,4.101628491546613,Planner D
SKU0047@LOC02,2025-11-03,2025-10-27,1,1.0,3.0,2.0,2.963347357504792,2.963347357504792,2.963347357504792,Planner D
SKU0047@LOC02,2025-11-10,2025-10-27,2,2.0,3.0,1.0,2.963347357504792,4.32027580232797,4.32027580232797,Planner D
SKU0047@LOC02,2025-11-17,2025-10-27,3,3.0,3.0,1.0,2.963347357504792,2.963347357504792,2.963347357504792,Planner D
SKU0047@LOC02,2025-11-24,2025-10-27,4,1.0,3.0,1.0,2.963347357504792,2.963347357504792,2.963347357504792,Planner D
SKU0047@LOC02,2025-12-01,2025-11-24,1,2.0,1.0,4.0,2.7392836936086375,2.7392836936086375,2.7392836936086375,Planner D
SKU0047@LOC02,2025-12-08,2025-11-24,2,2.0,1.0,1.0,2.7392836936086375,3.149608183564544,3.149608183564544,Planner D
SKU0047@LOC02,2025-12-15,2025-11-24,3,3.0,1.0,3.0,2.7392836936086375,2.7392836936086375,2.7392836936086375,Planner D
SKU0047@LOC02,2025-12-22,2025-11-24,4,1.0,1.0,5.0,2.7392836936086375,2.7392836936086375,2.7392836936086375,Planner D
SKU0047@LOC03,2025-05-19,2025-05-12,1,10.0,3.0,1.0,5.2568468733488,5.2568468733488,5.2568468733488,Planner A
SKU0047@LOC03,2025-05-26,2025-05-12,2,5.0,3.0,2.0,5.2568468733488,5.2568468733488,5.2568468733488,Planner A
SKU0047@LOC03,2025-06-02,2025-05-12,3,3.0,3.0,4.0,5.2568468733488,5.2568468733488,5.2568468733488,Planner A
SKU0047@LOC03,2025-06-09,2025-05-12,4,6.0,3.0,3.0,5.2568468733488,5.313303469155455,5.313303469155455,Planner A
SKU0047@LOC03,2025-06-16,2025-06-09,1,5.0,6.0,3.0,5.489669423181033,5.489669423181033,5.489669423181033,Planner A
SKU0047@LOC03,2025-06-23,2025-06-09,2,20.0,6.0,4.0,5.489669423181033,7.431818925703621,7.431818925703621,Planner A
SKU0047@LOC03,2025-06-30,2025-06-09,3,4.0,6.0,2.0,5.489669423181033,5.489669423181033,5.489669423181033,Planner A
SKU0047@LOC03,2025-07-07,2025-06-09,4,4.0,6.0,4.0,5.489669423181033,8.037055778371782,8.037055778371782,Planner A
SKU0047@LOC03,2025-07-14,2025-07-07,1,6.0,4.0,3.0,6.603735499334394,7.850652924095678,7.850652924095678,Planner A
SKU0047@LOC03,2025-07-21,2025-07-07,2,8.0,4.0,3.0,6.603735499334394,6.603735499334394,6.603735499334394,Planner A
SKU0047@LOC03,2025-07-28,2025-07-07,3,4.0,4.0,2.0,6.603735499334394,6.603735499334394,6.603735499334394,Planner A
SKU0047@LOC03,2025-08-04,2025-07-07,4,5.0,4.0,5.0,6.603735499334394,6.603735499334394,6.603735499334394,Planner A
SKU0047@LOC03,2025-08-11,2025-08-04,1,1.0,5.0,10.0,6.1269037039994245,6.1269037039994245,6.1269037039994245,Planner A
SKU0047@LOC03,2025-08-18,2025-08-04,2,0.0,5.0,5.0,6.1269037039994245,3.986438174509525,3.986438174509525,Planner A
SKU0047@LOC03,2025-08-25,2025-08-04,3,7.0,5.0,2.0,6.1269037039994245,7.871373334320119,7.871373334320119,Planner A
SKU0047@LOC03,2025-09-01,2025-08-04,4,5.0,5.0,0.0,6.1269037039994245,6.1269037039994245,6.1269037039994245,Planner A
SKU0047@LOC03,2025-09-08,2025-09-01,1,3.0,5.0,4.0,4.93290077663585,4.93290077663585,4.93290077663585,Planner A
SKU0047@LOC03,2025-09-15,2025-09-01,2,1.0,5.0,2.0,4.93290077663585,4.93290077663585,4.93290077663585,Planner A
SKU0047@LOC03,2025-09-22,2025-09-01,3,2.0,5.0,6.0,4.93290077663585,4.93290077663585,4.93290077663585,Planner A
SKU0047@LOC03,2025-09-29,2025-09-01,4,3.0,5.0,2.0,4.93290077663585,4.93290077663585,4.93290077663585,Planner A
SKU0047@LOC03,2025-10-06,2025-09-29,1,1.0,3.0,3.0,3.6647362860337678,5.545075318593174,5.545075318593174,Planner A
SKU0047@LOC03,2025-10-13,2025-09-29,2,5.0,3.0,3.0,3.6647362860337678,3.6647362860337678,3.6647362860337678,Planner A
SKU0047@LOC03,2025-10-20,2025-09-29,3,3.0,3.0,4.0,3.6647362860337678,3.6647362860337678,3.6647362860337678,Planner A
SKU0047@LOC03,2025-10-27,2025-09-29,4,2.0,3.0,2.0,3.6647362860337678,3.6647362860337678,3.6647362860337678,Planner A
SKU0047@LOC03,2025-11-03,2025-10-27,1,5.0,2.0,2.0,3.2295089959114143,4.763444351136838,4.763444351136838,Planner A
SKU0047@LOC03,2025-11-10,2025-10-27,2,3.0,2.0,3.0,3.2295089959114143,3.2295089959114143,3.2295089959114143,Planner A
SKU0047@LOC03,2025-11-17,2025-10-27,3,1.0,2.0,3.0,3.2295089959114143,3.2295089959114143,3.2295089959114143,Planner A
SKU0047@LOC03,2025-11-24,2025-10-27,4,5.0,2.0,4.0,3.2295089959114143,4.585537384905411,4.585537384905411,Planner A
SKU0047@LOC03,2025-12-01,2025-11-24,1,4.0,5.0,6.0,3.3490426302969825,3.3490426302969825,3.3490426302969825,Planner A
SKU0047@LOC03,2025-12-08,2025-11-24,2,9.0,5.0,2.0,3.3490426302969825,3.3490426302969825,3.3490426302969825,Planner A
SKU0047@LOC03,2025-12-15,2025-11-24,3,5.0,5.0,4.0,3.3490426302969825,3.3490426302969825,3.3490426302969825,Planner A
SKU0047@LOC03,2025-12-22,2025-11-24,4,5.0,5.0,3.0,3.3490426302969825,3.3490426302969825,3.3490426302969825,Planner A
SKU0048@LOC01,2025-05-19,2025-05-12,1,24.0,6.0,0.0,14.526174975587299,14.526174975587299,15.252483724366664,Planner B
SKU0048@LOC01,2025-05-26,2025-05-12,2,6.0,6.0,10.0,14.526174975587299,16.54603912359113,17.373341079770686,Planner B
SKU0048@LOC01,2025-06-02,2025-05-12,3,10.0,6.0,31.0,14.526174975587299,19.77548752724404,20.76426190360624,Planner B
SKU0048@LOC01,2025-06-09,2025-05-12,4,3.0,6.0,13.0,14.526174975587299,14.526174975587299,15.252483724366664,Planner B
SKU0048@LOC01,2025-06-16,2025-06-09,1,7.0,3.0,32.0,11.375521270000558,11.375521270000558,11.944297333500586,Planner B
SKU0048@LOC01,2025-06-23,2025-06-09,2,3.0,3.0,5.0,11.375521270000558,9.385173234953703,9.854431896701389,Planner B
SKU0048@LOC01,2025-06-30,2025-06-09,3,1.0,3.0,15.0,11.375521270000558,11.375521270000558,11.944297333500586,Planner B
SKU0048@LOC01,2025-07-07,2025-06-09,4,17.0,3.0,6.0,11.375521270000558,8.57419733826266,9.002907205175793,Planner B
SKU0048@LOC01,2025-07-14,2025-07-07,1,27.0,17.0,1.0,9.320213512192229,12.423769302785097,13.044957767924352,Planner B
SKU0048@LOC01,2025-07-21,2025-07-07,2,15.0,17.0,51.0,9.320213512192229,9.320213512192229,9.78622418780184,Planner B
SKU0048@LOC01,2025-07-28,2025-07-07,3,15.0,17.0,17.0,9.320213512192229,9.320213512192229,9.78622418780184,Planner B
SKU0048@LOC01,2025-08-04,2025-07-07,4,24.0,17.0,19.0,9.320213512192229,9.320213512192229,9.78622418780184,Planner B
SKU0048@LOC01,2025-08-11,2025-08-04,1,3.0,24.0,29.0,15.702359454593935,15.702359454593935,16.487477427323633,Planner B
SKU0048@LOC01,2025-08-18,2025-08-04,2,1.0,24.0,2.0,15.702359454593935,15.702359454593935,16.487477427323633,Planner B
SKU0048@LOC01,2025-08-25,2025-08-04,3,7.0,24.0,4.0,15.702359454593935,15.702359454593935,16.487477427323633,Planner B
SKU0048@LOC01,2025-09-01,2025-08-04,4,44.0,24.0,13.0,15.702359454593935,15.702359454593935,16.487477427323633,Planner B
SKU0048@LOC01,2025-09-08,2025-09-01,1,5.0,44.0,5.0,16.786886432601676,20.6441180251926,21.67632392645223,Planner B
SKU0048@LOC01,2025-09-15,2025-09-01,2,0.0,44.0,16.0,16.786886432601676,16.786886432601676,17.62623075423176,Planner B
SKU0048@LOC01,2025-09-22,2025-09-01,3,30.0,44.0,20.0,16.786886432601676,16.786886432601676,17.62623075423176,Planner B
SKU0048@LOC01,2025-09-29,2025-09-01,4,8.0,44.0,0.0,16.786886432601676,16.786886432601676,17.62623075423176,Planner B
SKU0048@LOC01,2025-10-06,2025-09-29,1,9.0,8.0,10.0,13.787908682793647,13.787908682793647,14.47730411693333,Planner B
SKU0048@LOC01,2025-10-13,2025-09-29,2,1.0,8.0,23.0,13.787908682793647,13.787908682793647,14.47730411693333,Planner B
SKU0048@LOC01,2025-10-20,2025-09-29,3,36.0,8.0,4.0,13.787908682793647,13.787908682793647,14.47730411693333,Planner B
SKU0048@LOC01,2025-10-27,2025-09-29,4,15.0,8.0,7.0,13.787908682793647,18.164959372669376,19.073207341302844,Planner B
SKU0048@LOC01,2025-11-03,2025-10-27,1,16.0,15.0,7.0,15.457127396472277,15.457127396472277,16.22998376629589,Planner B
SKU0048@LOC01,2025-11-10,2025-10-27,2,0.0,15.0,5.0,15.457127396472277,15.457127396472277,16.22998376629589,Planner B
SKU0048@LOC01,2025-11-17,2025-10-27,3,24.0,15.0,28.0,15.457127396472277,18.57949452801447,19.508469254415196,Planner B
SKU0048@LOC01,2025-11-24,2025-10-27,4,1.0,15.0,5.0,15.457127396472277,15.457127396472277,16.22998376629589,Planner B
SKU0048@LOC01,2025-12-01,2025-11-24,1,17.0,1.0,14.0,12.009639381595045,13.343602256374542,14.010782369193269,Planner B
SKU0048@LOC01,2025-12-08,2025-11-24,2,5.0,1.0,13.0,12.009639381595045,9.81188889036252,10.302483334880646,Planner B
SKU0048@LOC01,2025-12-15,2025-11-24,3,6.0,1.0,16.0,12.009639381595045,12.009639381595045,12.610121350674799,Planner B
SKU0048@LOC01,2025-12-22,2025-11-24,4,10.0,1.0,4.0,12.009639381595045,12.009639381595045,12.610121350674799,Planner B
SKU0048@LOC02,2025-05-19,2025-05-12,1,9.0,4.0,12.0,8.101076217054313,8.101076217054313,8.101076217054313,Planner C
SKU0048@LOC02,2025-05-26,2025-05-12,2,66.0,4.0,9.0,8.101076217054313,11.239252569868551,11.239252569868551,Planner C
SKU0048@LOC02,2025-06-02,2025-05-12,3,11.0,4.0,20.0,8.101076217054313,8.101076217054313,8.101076217054313,Planner C
SKU0048@LOC02,2025-06-09,2025-05-12,4,68.0,4.0,7.0,8.101076217054313,32.55171052738445,32.55171052738445,Planner C
SKU0048@LOC02,2025-06-16,2025-06-09,1,9.0,68.0,5.0,35.28316839971474,35.28316839971474,35.28316839971474,Planner C
SKU0048@LOC02,2025-06-23,2025-06-09,2,5.0,68.0,2.0,35.28316839971474,22.835110133896784,22.835110133896784,Planner C
SKU0048@LOC02,2025-06-30,2025-06-09,3,49.0,68.0,13.0,35.28316839971474,43.14782911804854,43.14782911804854,Planner C
SKU0048@LOC02,2025-07-07,2025-06-09,4,3.0,68.0,18.0,35.28316839971474,35.28316839971474,35.28316839971474,Planner C
SKU0048@LOC02,2025-07-14,2025-07-07,1,1.0,3.0,9.0,21.771563785016646,25.724964703743094,25.724964703743094,Planner C
SKU0048@LOC02,2025-07-21,2025-07-07,2,0.0,3.0,0.0,21.771563785016646,21.771563785016646,21.771563785016646,Planner C
SKU0048@LOC02,2025-07-28,2025-07-07,3,6.0,3.0,2.0,21.771563785016646,27.913493825714642,27.913493825714642,Planner C
SKU0048@LOC02,2025-08-04,2025-07-07,4,9.0,3.0,4.0,21.771563785016646,21.771563785016646,21.771563785016646,Planner C
SKU0048@LOC02,2025-08-11,2025-08-04,1,5.0,9.0,0.0,11.780032526342818,11.780032526342818,11.780032526342818,Planner C
SKU0048@LOC02,2025-08-18,2025-08-04,2,18.0,9.0,7.0,11.780032526342818,11.780032526342818,11.780032526342818,Planner C
SKU0048@LOC02,2025-08-25,2025-08-04,3,12.0,9.0,3.0,11.780032526342818,7.51345851601387,7.51345851601387,Planner C
SKU0048@LOC02,2025-09-01,2025-08-04,4,1.0,9.0,13.0,11.780032526342818,11.780032526342818,11.780032526342818,Planner C
SKU0048@LOC02,2025-09-08,2025-09-01,1,6.0,1.0,11.0,9.761101322790019,9.761101322790019,9.761101322790019,Planner C
SKU0048@LOC02,2025-09-15,2025-09-01,2,9.0,1.0,26.0,9.761101322790019,10.660257803512653,10.660257803512653,Planner C
SKU0048@LOC02,2025-09-22,2025-09-01,3,12.0,1.0,3.0,9.761101322790019,14.702902680880914,14.702902680880914,Planner C
SKU0048@LOC02,2025-09-29,2025-09-01,4,33.0,1.0,4.0,9.761101322790019,9.761101322790019,9.761101322790019,Planner C
SKU0048@LOC02,2025-10-06,2025-09-29,1,1.0,33.0,4.0,14.284547101814791,5.9023252824563635,5.9023252824563635,Planner C
SKU0048@LOC02,2025-10-13,2025-09-29,2,4.0,33.0,8.0,14.284547101814791,14.284547101814791,14.284547101814791,Planner C
SKU0048@LOC02,2025-10-20,2025-09-29,3,10.0,33.0,2.0,14.284547101814791,14.284547101814791,14.284547101814791,Planner C
SKU0048@LOC02,2025-10-27,2025-09-29,4,3.0,33.0,2.0,14.284547101814791,11.562053175062072,11.562053175062072,Planner C
SKU0048@LOC02,2025-11-03,2025-10-27,1,20.0,3.0,4.0,8.66535049290334,8.66535049290334,8.66535049290334,Planner C
SKU0048@LOC02,2025-11-10,2025-10-27,2,7.0,3.0,5.0,8.66535049290334,8.66535049290334,8.66535049290334,Planner C
SKU0048@LOC02,2025-11-17,2025-10-27,3,3.0,3.0,14.0,8.66535049290334,8.66535049290334,8.66535049290334,Planner C
SKU0048@LOC02,2025-11-24,2025-10-27,4,9.0,3.0,3.0,8.66535049290334,8.66535049290334,8.66535049290334,Planner C
SKU0048@LOC02,2025-12-01,2025-11-24,1,5.0,9.0,4.0,8.773327561893208,7.169661218588147,7.169661218588147,Planner C
SKU0048@LOC02,2025-12-08,2025-11-24,2,12.0,9.0,3.0,8.773327561893208,8.773327561893208,8.773327561893208,Planner C
SKU0048@LOC02,2025-12-15,2025-11-24,3,1.0,9.0,8.0,8.773327561893208,8.773327561893208,8.773327561893208,Planner C
SKU0048@LOC02,2025-12-22,2025-11-24,4,13.0,9.0,15.0,8.773327561893208,5.22521022409508,5.22521022409508,Planner C
SKU0048@LOC03,2025-05-19,2025-05-12,1,37.0,11.0,6.0,13.731852512811514,13.731852512811514,14.41844513845209,Planner D
SKU0048@LOC03,2025-05-26,2025-05-12,2,28.0,11.0,8.0,13.731852512811514,7.20341545915399,7.56358623211169,Planner D
SKU0048@LOC03,2025-06-02,2025-05-12,3,11.0,11.0,4.0,13.731852512811514,13.731852512811514,14.41844513845209,Planner D
SKU0048@LOC03,2025-06-09,2025-05-12,4,13.0,11.0,10.0,13.731852512811514,20.65200960222048,21.684610082331506,Planner D
SKU0048@LOC03,2025-06-16,2025-06-09,1,15.0,13.0,0.0,16.264768433655632,16.264768433655632,17.078006855338415,Planner D
SKU0048@LOC03,2025-06-23,2025-06-09,2,9.0,13.0,11.0,16.264768433655632,16.264768433655632,17.078006855338415,Planner D
SKU0048@LOC03,2025-06-30,2025-06-09,3,20.0,13.0,2.0,16.264768433655632,16.264768433655632,17.078006855338415,Planner D
SKU0048@LOC03,2025-07-07,2025-06-09,4,68.0,13.0,24.0,16.264768433655632,16.264768433655632,17.078006855338415,Planner D
SKU0048@LOC03,2025-07-14,2025-07-07,1,2.0,68.0,18.0,21.09381456932146,21.09381456932146,22.148505297787533,Planner D
SKU0048@LOC03,2025-07-21,2025-07-07,2,16.0,68.0,28.0,21.09381456932146,21.09381456932146,22.148505297787533,Planner D
SKU0048@LOC03,2025-07-28,2025-07-07,3,14.0,68.0,1.0,21.09381456932146,21.09381456932146,22.148505297787533,Planner D
SKU0048@LOC03,2025-08-04,2025-07-07,4,7.0,68.0,6.0,21.09381456932146,21.09381456932146,22.148505297787533,Planner D
SKU0048@LOC03,2025-08-11,2025-08-04,1,2.0,7.0,7.0,16.473702077329648,16.473702077329648,17.297387181196132,Planner D
SKU0048@LOC03,2025-08-18,2025-08-04,2,1.0,7.0,9.0,16.473702077329648,16.473702077329648,17.297387181196132,Planner D
SKU0048@LOC03,2025-08-25,2025-08-04,3,3.0,7.0,28.0,16.473702077329648,11.453797652406799,12.026487535027139,Planner D
SKU0048@LOC03,2025-09-01,2025-08-04,4,5.0,7.0,28.0,16.473702077329648,16.473702077329648,17.297387181196132,Planner D
SKU0048@LOC03,2025-09-08,2025-09-01,1,15.0,5.0,28.0,12.308916485913162,12.308916485913162,12.92436231020882,Planner D
SKU0048@LOC03,2025-09-15,2025-09-01,2,31.0,5.0,11.0,12.308916485913162,12.951318836239643,13.598884778051627,Planner D
SKU0048@LOC03,2025-09-22,2025-09-01,3,34.0,5.0,9.0,12.308916485913162,11.340667553859161,11.90770093155212,Planner D
SKU0048@LOC03,2025-09-29,2025-09-01,4,24.0,5.0,4.0,12.308916485913162,12.308916485913162,12.92436231020882,Planner D
SKU0048@LOC03,2025-10-06,2025-09-29,1,10.0,24.0,3.0,16.212178814335186,16.212178814335186,17.022787755051947,Planner D
SKU0048@LOC03,2025-10-13,2025-09-29,2,0.0,24.0,2.0,16.212178814335186,12.132428902867868,12.739050348011263,Planner D
SKU0048@LOC03,2025-10-20,2025-09-29,3,7.0,24.0,7.0,16.212178814335186,16.212178814335186,17.022787755051947,Planner D
SKU0048@LOC03,2025-10-27,2025-09-29,4,3.0,24.0,9.0,16.212178814335186,16.212178814335186,17.022787755051947,Planner D
SKU0048@LOC03,2025-11-03,2025-10-27,1,7.0,3.0,20.0,14.116108470393598,14.116108470393598,14.82191389391328,Planner D
SKU0048@LOC03,2025-11-10,2025-10-27,2,33.0,3.0,9.0,14.116108470393598,14.116108470393598,14.82191389391328,Planner D
SKU0048@LOC03,2025-11-17,2025-10-27,3,5.0,3.0,22.0,14.116108470393598,14.116108470393598,14.82191389391328,Planner D
SKU0048@LOC03,2025-11-24,2025-10-27,4,87.0,3.0,7.0,14.116108470393598,14.116108470393598,14.82191389391328,Planner D
SKU0048@LOC03,2025-12-01,2025-11-24,1,2.0,87.0,14.0,17.874364824813526,17.874364824813526,18.768083066054203,Planner D
SKU0048@LOC03,2025-12-08,2025-11-24,2,33.0,87.0,23.0,17.874364824813526,17.874364824813526,18.768083066054203,Planner D
SKU0048@LOC03,2025-12-15,2025-11-24,3,4.0,87.0,2.0,17.874364824813526,17.874364824813526,18.768083066054203,Planner D
SKU0048@LOC03,2025-12-22,2025-11-24,4,31.0,87.0,13.0,17.874364824813526,13.238480657743267,13.900404690630431,Planner D
SKU0049@LOC01,2025-05-19,2025-05-12,1,0.0,0.0,5.0,7.317107905386981,10.190112857671593,10.190112857671593,Planner A
SKU0049@LOC01,2025-05-26,2025-05-12,2,0.0,0.0,0.0,7.317107905386981,7.317107905386981,7.317107905386981,Planner A
SKU0049@LOC01,2025-06-02,2025-05-12,3,0.0,0.0,0.0,7.317107905386981,7.317107905386981,7.317107905386981,Planner A
SKU0049@LOC01,2025-06-09,2025-05-12,4,0.0,0.0,0.0,7.317107905386981,7.317107905386981,7.317107905386981,Planner A
SKU0049@LOC01,2025-06-16,2025-06-09,1,0.0,0.0,0.0,7.317107905386981,7.317107905386981,7.317107905386981,Planner A
SKU0049@LOC01,2025-06-23,2025-06-09,2,0.0,0.0,0.0,7.317107905386981,7.317107905386981,7.317107905386981,Planner A
SKU0049@LOC01,2025-06-30,2025-06-09,3,43.0,0.0,0.0,7.317107905386981,7.317107905386981,7.317107905386981,Planner A
SKU0049@LOC01,2025-07-07,2025-06-09,4,18.0,0.0,0.0,7.317107905386981,14.46334163894888,14.46334163894888,Planner A
SKU0049@LOC01,2025-07-14,2025-07-07,1,0.0,18.0,0.0,5.594461340596343,6.293709175835769,6.293709175835769,Planner A
SKU0049@LOC01,2025-07-21,2025-07-07,2,0.0,18.0,0.0,5.594461340596343,5.594461340596343,5.594461340596343,Planner A
SKU0049@LOC01,2025-07-28,2025-07-07,3,33.0,18.0,0.0,5.594461340596343,5.594461340596343,5.594461340596343,Planner A
SKU0049@LOC01,2025-08-04,2025-07-07,4,1.0,18.0,0.0,5.594461340596343,5.594461340596343,5.594461340596343,Planner A
SKU0049@LOC01,2025-08-11,2025-08-04,1,0.0,1.0,0.0,5.763988792073805,8.022034787491185,8.022034787491185,Planner A
SKU0049@LOC01,2025-08-18,2025-08-04,2,0.0,1.0,36.0,5.763988792073805,5.763988792073805,5.763988792073805,Planner A
SKU0049@LOC01,2025-08-25,2025-08-04,3,0.0,1.0,49.0,5.763988792073805,5.763988792073805,5.763988792073805,Planner A
SKU0049@LOC01,2025-09-01,2025-08-04,4,5.0,1.0,0.0,5.763988792073805,5.763988792073805,5.763988792073805,Planner A
SKU0049@LOC01,2025-09-08,2025-09-01,1,0.0,5.0,0.0,5.389956985368492,4.580717852462951,4.580717852462951,Planner A
SKU0049@LOC01,2025-09-15,2025-09-01,2,0.0,5.0,0.0,5.389956985368492,5.389956985368492,5.389956985368492,Planner A
SKU0049@LOC01,2025-09-22,2025-09-01,3,0.0,5.0,0.0,5.389956985368492,5.389956985368492,5.389956985368492,Planner A
SKU0049@LOC01,2025-09-29,2025-09-01,4,0.0,5.0,0.0,5.389956985368492,5.389956985368492,5.389956985368492,Planner A
SKU0049@LOC01,2025-10-06,2025-09-29,1,19.0,0.0,0.0,5.389956985368492,9.584218959569547,9.584218959569547,Planner A
SKU0049@LOC01,2025-10-13,2025-09-29,2,0.0,0.0,37.0,5.389956985368492,2.2388115141329497,2.2388115141329497,Planner A
SKU0049@LOC01,2025-10-20,2025-09-29,3,0.0,0.0,1.0,5.389956985368492,5.213448743059924,5.213448743059924,Planner A
SKU0049@LOC01,2025-10-27,2025-09-29,4,0.0,0.0,0.0,5.389956985368492,5.389956985368492,5.389956985368492,Planner A
SKU0049@LOC01,2025-11-03,2025-10-27,1,0.0,0.0,0.0,5.208506534572639,5.208506534572639,5.208506534572639,Planner A
SKU0049@LOC01,2025-11-10,2025-10-27,2,0.0,0.0,0.0,5.208506534572639,5.779501817903778,5.779501817903778,Planner A
SKU0049@LOC01,2025-11-17,2025-10-27,3,0.0,0.0,0.0,5.208506534572639,5.208506534572639,5.208506534572639,Planner A
SKU0049@LOC01,2025-11-24,2025-10-27,4,0.0,0.0,77.0,5.208506534572639,7.789083012680434,7.789083012680434,Planner A
SKU0049@LOC01,2025-12-01,2025-11-24,1,0.0,0.0,0.0,5.208506534572639,5.208506534572639,5.208506534572639,Planner A
SKU0049@LOC01,2025-12-08,2025-11-24,2,10.0,0.0,0.0,5.208506534572639,5.208506534572639,5.208506534572639,Planner A
SKU0049@LOC01,2025-12-15,2025-11-24,3,28.0,0.0,8.0,5.208506534572639,7.218074933109662,7.218074933109662,Planner A
SKU0049@LOC01,2025-12-22,2025-11-24,4,0.0,0.0,0.0,5.208506534572639,7.564621629402194,7.564621629402194,Planner A
SKU0049@LOC02,2025-05-19,2025-05-12,1,0.0,0.0,0.0,3.577149711829416,3.193274418344221,3.193274418344221,Planner B
SKU0049@LOC02,2025-05-26,2025-05-12,2,0.0,0.0,0.0,3.577149711829416,3.343534592794989,3.343534592794989,Planner B
SKU0049@LOC02,2025-06-02,2025-05-12,3,0.0,0.0,0.0,3.577149711829416,3.577149711829416,3.577149711829416,Planner B
SKU0049@LOC02,2025-06-09,2025-05-12,4,0.0,0.0,9.0,3.577149711829416,3.922902948169323,3.922902948169323,Planner B
SKU0049@LOC02,2025-06-16,2025-06-09,1,0.0,0.0,28.0,3.577149711829416,4.536123084119952,4.536123084119952,Planner B
SKU0049@LOC02,2025-06-23,2025-06-09,2,0.0,0.0,0.0,3.577149711829416,3.577149711829416,3.577149711829416,Planner B
SKU0049@LOC02,2025-06-30,2025-06-09,3,0.0,0.0,0.0,3.577149711829416,3.577149711829416,3.577149711829416,Planner B
SKU0049@LOC02,2025-07-07,2025-06-09,4,0.0,0.0,0.0,3.577149711829416,3.3873713886233263,3.3873713886233263,Planner B
SKU0049@LOC02,2025-07-14,2025-07-07,1,0.0,0.0,0.0,3.577149711829416,3.577149711829416,3.577149711829416,Planner B
SKU0049@LOC02,2025-07-21,2025-07-07,2,49.0,0.0,21.0,3.577149711829416,3.577149711829416,3.577149711829416,Planner B
SKU0049@LOC02,2025-07-28,2025-07-07,3,0.0,0.0,0.0,3.577149711829416,3.577149711829416,3.577149711829416,Planner B
SKU0049@LOC02,2025-08-04,2025-07-07,4,0.0,0.0,0.0,3.577149711829416,3.577149711829416,3.577149711829416,Planner B
SKU0049@LOC02,2025-08-11,2025-08-04,1,0.0,0.0,0.0,3.299010841973012,2.3186896112380544,2.3186896112380544,Planner B
SKU0049@LOC02,2025-08-18,2025-08-04,2,0.0,0.0,0.0,3.299010841973012,4.551666915254962,4.551666915254962,Planner B
SKU0049@LOC02,2025-08-25,2025-08-04,3,10.0,0.0,0.0,3.299010841973012,3.299010841973012,3.299010841973012,Planner B
SKU0049@LOC02,2025-09-01,2025-08-04,4,0.0,0.0,4.0,3.299010841973012,3.299010841973012,3.299010841973012,Planner B
SKU0049@LOC02,2025-09-08,2025-09-01,1,0.0,0.0,25.0,3.1874867080921407,3.1874867080921407,3.1874867080921407,Planner B
SKU0049@LOC02,2025-09-15,2025-09-01,2,67.0,0.0,0.0,3.1874867080921407,25.575206204944312,25.575206204944312,Planner B
SKU0049@LOC02,2025-09-22,2025-09-01,3,0.0,0.0,0.0,3.1874867080921407,3.1874867080921407,3.1874867080921407,Planner B
SKU0049@LOC02,2025-09-29,2025-09-01,4,1.0,0.0,0.0,3.1874867080921407,2.927764316731981,2.927764316731981,Planner B
SKU0049@LOC02,2025-10-06,2025-09-29,1,0.0,1.0,0.0,3.96676318017955,3.96676318017955,3.96676318017955,Planner B
SKU0049@LOC02,2025-10-13,2025-09-29,2,0.0,1.0,0.0,3.96676318017955,3.96676318017955,3.96676318017955,Planner B
SKU0049@LOC02,2025-10-20,2025-09-29,3,14.0,1.0,17.0,3.96676318017955,3.96676318017955,3.96676318017955,Planner B
SKU0049@LOC02,2025-10-27,2025-09-29,4,0.0,1.0,0.0,3.96676318017955,3.195272443639501,3.195272443639501,Planner B
SKU0049@LOC02,2025-11-03,2025-10-27,1,0.0,0.0,0.0,3.993195461947971,3.993195461947971,3.993195461947971,Planner B
SKU0049@LOC02,2025-11-10,2025-10-27,2,0.0,0.0,0.0,3.993195461947971,3.993195461947971,3.993195461947971,Planner B
SKU0049@LOC02,2025-11-17,2025-10-27,3,0.0,0.0,21.0,3.993195461947971,3.993195461947971,3.993195461947971,Planner B
SKU0049@LOC02,2025-11-24,2025-10-27,4,0.0,0.0,0.0,3.993195461947971,3.993195461947971,3.993195461947971,Planner B
SKU0049@LOC02,2025-12-01,2025-11-24,1,0.0,0.0,0.0,3.993195461947971,3.993195461947971,3.993195461947971,Planner B
SKU0049@LOC02,2025-12-08,2025-11-24,2,0.0,0.0,0.0,3.993195461947971,3.34303192583417,3.34303192583417,Planner B
SKU0049@LOC02,2025-12-15,2025-11-24,3,0.0,0.0,0.0,3.993195461947971,4.309100215919505,4.309100215919505,Planner B
SKU0049@LOC02,2025-12-22,2025-11-24,4,0.0,0.0,0.0,3.993195461947971,3.993195461947971,3.993195461947971,Planner B
SKU0049@LOC03,2025-05-19,2025-05-12,1,0.0,0.0,0.0,8.085153423568029,5.524429200548331,5.524429200548331,Planner C
SKU0049@LOC03,2025-05-26,2025-05-12,2,0.0,0.0,0.0,8.085153423568029,10.852798639962687,10.852798639962687,Planner C
SKU0049@LOC03,2025-06-02,2025-05-12,3,0.0,0.0,0.0,8.085153423568029,8.085153423568029,8.085153423568029,Planner C
SKU0049@LOC03,2025-06-09,2025-05-12,4,11.0,0.0,0.0,8.085153423568029,7.7815992245367145,7.7815992245367145,Planner C
SKU0049@LOC03,2025-06-16,2025-06-09,1,3.0,11.0,0.0,7.300069146970968,10.489160235015877,10.489160235015877,Planner C
SKU0049@LOC03,2025-06-23,2025-06-09,2,0.0,11.0,86.0,7.300069146970968,8.053023311507673,8.053023311507673,Planner C
SKU0049@LOC03,2025-06-30,2025-06-09,3,0.0,11.0,0.0,7.300069146970968,8.946741140945033,8.946741140945033,Planner C
SKU0049@LOC03,2025-07-07,2025-06-09,4,0.0,11.0,0.0,7.300069146970968,7.300069146970968,7.300069146970968,Planner C
SKU0049@LOC03,2025-07-14,2025-07-07,1,15.0,0.0,0.0,7.174230990017549,7.174230990017549,7.174230990017549,Planner C
SKU0049@LOC03,2025-07-21,2025-07-07,2,106.0,0.0,0.0,7.174230990017549,15.58964600538711,15.58964600538711,Planner C
SKU0049@LOC03,2025-07-28,2025-07-07,3,39.0,0.0,0.0,7.174230990017549,7.174230990017549,7.174230990017549,Planner C
SKU0049@LOC03,2025-08-04,2025-07-07,4,0.0,0.0,0.0,7.174230990017549,7.174230990017549,7.174230990017549,Planner C
SKU0049@LOC03,2025-08-11,2025-08-04,1,0.0,0.0,0.0,10.484293866984972,10.484293866984972,10.484293866984972,Planner C
SKU0049@LOC03,2025-08-18,2025-08-04,2,0.0,0.0,54.0,10.484293866984972,10.484293866984972,10.484293866984972,Planner C
SKU0049@LOC03,2025-08-25,2025-08-04,3,28.0,0.0,11.0,10.484293866984972,12.6723756855319,12.6723756855319,Planner C
SKU0049@LOC03,2025-09-01,2025-08-04,4,4.0,0.0,11.0,10.484293866984972,10.484293866984972,10.484293866984972,Planner C
SKU0049@LOC03,2025-09-08,2025-09-01,1,0.0,4.0,0.0,9.793194324232285,9.793194324232285,9.793194324232285,Planner C
SKU0049@LOC03,2025-09-15,2025-09-01,2,0.0,4.0,4.0,9.793194324232285,9.793194324232285,9.793194324232285,Planner C
SKU0049@LOC03,2025-09-22,2025-09-01,3,0.0,4.0,0.0,9.793194324232285,9.793194324232285,9.793194324232285,Planner C
SKU0049@LOC03,2025-09-29,2025-09-01,4,0.0,4.0,0.0,9.793194324232285,13.801413149012799,13.801413149012799,Planner C
SKU0049@LOC03,2025-10-06,2025-09-29,1,0.0,0.0,0.0,9.793194324232285,9.793194324232285,9.793194324232285,Planner C
SKU0049@LOC03,2025-10-13,2025-09-29,2,40.0,0.0,0.0,9.793194324232285,9.793194324232285,9.793194324232285,Planner C
SKU0049@LOC03,2025-10-20,2025-09-29,3,0.0,0.0,0.0,9.793194324232285,9.793194324232285,9.793194324232285,Planner C
SKU0049@LOC03,2025-10-27,2025-09-29,4,0.0,0.0,0.0,9.793194324232285,9.793194324232285,9.793194324232285,Planner C
SKU0049@LOC03,2025-11-03,2025-10-27,1,24.0,0.0,0.0,9.157981325970086,9.157981325970086,9.157981325970086,Planner C
SKU0049@LOC03,2025-11-10,2025-10-27,2,0.0,0.0,0.0,9.157981325970086,9.157981325970086,9.157981325970086,Planner C
SKU0049@LOC03,2025-11-17,2025-10-27,3,0.0,0.0,3.0,9.157981325970086,9.157981325970086,9.157981325970086,Planner C
SKU0049@LOC03,2025-11-24,2025-10-27,4,0.0,0.0,0.0,9.157981325970086,9.157981325970086,9.157981325970086,Planner C
SKU0049@LOC03,2025-12-01,2025-11-24,1,0.0,0.0,0.0,9.013779758693797,9.013779758693797,9.013779758693797,Planner C
SKU0049@LOC03,2025-12-08,2025-11-24,2,0.0,0.0,0.0,9.013779758693797,9.013779758693797,9.013779758693797,Planner C
SKU0049@LOC03,2025-12-15,2025-11-24,3,0.0,0.0,0.0,9.013779758693797,9.013779758693797,9.013779758693797,Planner C
SKU0049@LOC03,2025-12-22,2025-11-24,4,0.0,0.0,0.0,9.013779758693797,9.013779758693797,9.013779758693797,Planner C
SKU0050@LOC01,2025-05-19,2025-05-12,1,18.0,18.0,22.0,22.4090199376059,13.260705663935406,13.260705663935406,Planner D
SKU0050@LOC01,2025-05-26,2025-05-12,2,27.0,18.0,26.0,22.4090199376059,19.510762715740334,19.510762715740334,Planner D
SKU0050@LOC01,2025-06-02,2025-05-12,3,20.0,18.0,31.0,22.4090199376059,23.479492778735217,23.479492778735217,Planner D
SKU0050@LOC01,2025-06-09,2025-05-12,4,13.0,18.0,34.0,22.4090199376059,22.4090199376059,22.4090199376059,Planner D
SKU0050@LOC01,2025-06-16,2025-06-09,1,21.0,13.0,51.0,18.347408983913724,15.915795454738836,15.915795454738836,Planner D
SKU0050@LOC01,2025-06-23,2025-06-09,2,24.0,13.0,23.0,18.347408983913724,18.347408983913724,18.347408983913724,Planner D
SKU0050@LOC01,2025-06-30,2025-06-09,3,36.0,13.0,16.0,18.347408983913724,18.347408983913724,18.347408983913724,Planner D
SKU0050@LOC01,2025-07-07,2025-06-09,4,22.0,13.0,14.0,18.347408983913724,19.13386453518944,19.13386453518944,Planner D
SKU0050@LOC01,2025-07-14,2025-07-07,1,28.0,22.0,27.0,25.088224204315217,25.088224204315217,25.088224204315217,Planner D
SKU0050@LOC01,2025-07-21,2025-07-07,2,13.0,22.0,26.0,25.088224204315217,25.088224204315217,25.088224204315217,Planner D
SKU0050@LOC01,2025-07-28,2025-07-07,3,21.0,22.0,17.0,25.088224204315217,25.088224204315217,25.088224204315217,Planner D
SKU0050@LOC01,2025-08-04,2025-07-07,4,23.0,22.0,29.0,25.088224204315217,30.56030020029188,30.56030020029188,Planner D
SKU0050@LOC01,2025-08-11,2025-08-04,1,16.0,23.0,26.0,21.875890081491452,21.875890081491452,21.875890081491452,Planner D
SKU0050@LOC01,2025-08-18,2025-08-04,2,16.0,23.0,18.0,21.875890081491452,21.875890081491452,21.875890081491452,Planner D
SKU0050@LOC01,2025-08-25,2025-08-04,3,18.0,23.0,37.0,21.875890081491452,21.875890081491452,21.875890081491452,Planner D
SKU0050@LOC01,2025-09-01,2025-08-04,4,23.0,23.0,17.0,21.875890081491452,23.027521356769203,23.027521356769203,Planner D
SKU0050@LOC01,2025-09-08,2025-09-01,1,32.0,23.0,23.0,19.953883103859233,19.953883103859233,19.953883103859233,Planner D
SKU0050@LOC01,2025-09-15,2025-09-01,2,29.0,23.0,30.0,19.953883103859233,19.953883103859233,19.953883103859233,Planner D
SKU0050@LOC01,2025-09-22,2025-09-01,3,12.0,23.0,17.0,19.953883103859233,28.46695044879643,28.46695044879643,Planner D
SKU0050@LOC01,2025-09-29,2025-09-01,4,32.0,23.0,31.0,19.953883103859233,19.953883103859233,19.953883103859233,Planner D
SKU0050@LOC01,2025-10-06,2025-09-29,1,32.0,32.0,22.0,24.856067845808273,31.316252466460906,31.316252466460906,Planner D
SKU0050@LOC01,2025-10-13,2025-09-29,2,30.0,32.0,29.0,24.856067845808273,24.856067845808273,24.856067845808273,Planner D
SKU0050@LOC01,2025-10-20,2025-09-29,3,32.0,32.0,23.0,24.856067845808273,24.856067845808273,24.856067845808273,Planner D
SKU0050@LOC01,2025-10-27,2025-09-29,4,23.0,32.0,23.0,24.856067845808273,34.130103413083404,34.130103413083404,Planner D
SKU0050@LOC01,2025-11-03,2025-10-27,1,25.0,23.0,19.0,27.279013460900813,27.279013460900813,27.279013460900813,Planner D
SKU0050@LOC01,2025-11-10,2025-10-27,2,44.0,23.0,40.0,27.279013460900813,27.279013460900813,27.279013460900813,Planner D
SKU0050@LOC01,2025-11-17,2025-10-27,3,33.0,23.0,43.0,27.279013460900813,27.279013460900813,27.279013460900813,Planner D
SKU0050@LOC01,2025-11-24,2025-10-27,4,61.0,23.0,42.0,27.279013460900813,27.279013460900813,27.279013460900813,Planner D
SKU0050@LOC01,2025-12-01,2025-11-24,1,33.0,61.0,39.0,44.34538036413256,44.34538036413256,44.34538036413256,Planner D
SKU0050@LOC01,2025-12-08,2025-11-24,2,29.0,61.0,53.0,44.34538036413256,57.35963855880708,57.35963855880708,Planner D
SKU0050@LOC01,2025-12-15,2025-11-24,3,28.0,61.0,48.0,44.34538036413256,44.34538036413256,44.34538036413256,Planner D
SKU0050@LOC01,2025-12-22,2025-11-24,4,34.0,61.0,38.0,44.34538036413256,44.34538036413256,44.34538036413256,Planner D
SKU0050@LOC02,2025-05-19,2025-05-12,1,11.0,22.0,13.0,20.494169258110595,20.494169258110595,20.494169258110595,Planner A
SKU0050@LOC02,2025-05-26,2025-05-12,2,26.0,22.0,11.0,20.494169258110595,27.891677301171356,27.891677301171356,Planner A
SKU0050@LOC02,2025-06-02,2025-05-12,3,16.0,22.0,18.0,20.494169258110595,25.19568808562774,25.19568808562774,Planner A
SKU0050@LOC02,2025-06-09,2025-05-12,4,12.0,22.0,3.0,20.494169258110595,20.494169258110595,20.494169258110595,Planner A
SKU0050@LOC02,2025-06-16,2025-06-09,1,10.0,12.0,19.0,17.8088117281221,11.859813853024193,11.859813853024193,Planner A
SKU0050@LOC02,2025-06-23,2025-06-09,2,15.0,12.0,26.0,17.8088117281221,23.670886474927336,23.670886474927336,Planner A
SKU0050@LOC02,2025-06-30,2025-06-09,3,15.0,12.0,19.0,17.8088117281221,17.8088117281221,17.8088117281221,Planner A
SKU0050@LOC02,2025-07-07,2025-06-09,4,8.0,12.0,4.0,17.8088117281221,22.19248014334062,22.19248014334062,Planner A
SKU0050@LOC02,2025-07-14,2025-07-07,1,13.0,8.0,10.0,14.238489283838813,19.60252354746305,19.60252354746305,Planner A
SKU0050@LOC02,2025-07-21,2025-07-07,2,8.0,8.0,16.0,14.238489283838813,21.278103554758893,21.278103554758893,Planner A
SKU0050@LOC02,2025-07-28,2025-07-07,3,11.0,8.0,23.0,14.238489283838813,14.238489283838813,14.238489283838813,Planner A
SKU0050@LOC02,2025-08-04,2025-07-07,4,21.0,8.0,12.0,14.238489283838813,14.238489283838813,14.238489283838813,Planner A
SKU0050@LOC02,2025-08-11,2025-08-04,1,18.0,21.0,20.0,14.147285210660376,14.147285210660376,14.147285210660376,Planner A
SKU0050@LOC02,2025-08-18,2025-08-04,2,12.0,21.0,22.0,14.147285210660376,16.0083097014165,16.0083097014165,Planner A
SKU0050@LOC02,2025-08-25,2025-08-04,3,11.0,21.0,24.0,14.147285210660376,15.497523042561044,15.497523042561044,Planner A
SKU0050@LOC02,2025-09-01,2025-08-04,4,20.0,21.0,21.0,14.147285210660376,14.147285210660376,14.147285210660376,Planner A
SKU0050@LOC02,2025-09-08,2025-09-01,1,21.0,20.0,20.0,14.93392802228649,14.93392802228649,14.93392802228649,Planner A
SKU0050@LOC02,2025-09-15,2025-09-01,2,19.0,20.0,15.0,14.93392802228649,14.93392802228649,14.93392802228649,Planner A
SKU0050@LOC02,2025-09-22,2025-09-01,3,20.0,20.0,21.0,14.93392802228649,14.93392802228649,14.93392802228649,Planner A
SKU0050@LOC02,2025-09-29,2025-09-01,4,45.0,20.0,25.0,14.93392802228649,14.93392802228649,14.93392802228649,Planner A
SKU0050@LOC02,2025-10-06,2025-09-29,1,16.0,45.0,20.0,22.899336917928547,22.899336917928547,22.899336917928547,Planner A
SKU0050@LOC02,2025-10-13,2025-09-29,2,13.0,45.0,30.0,22.899336917928547,22.899336917928547,22.899336917928547,Planner A
SKU0050@LOC02,2025-10-20,2025-09-29,3,16.0,45.0,16.0,22.899336917928547,34.65747802851598,34.65747802851598,Planner A
SKU0050@LOC02,2025-10-27,2025-09-29,4,19.0,45.0,28.0,22.899336917928547,22.899336917928547,22.899336917928547,Planner A
SKU0050@LOC02,2025-11-03,2025-10-27,1,19.0,19.0,36.0,19.041968401583535,19.041968401583535,19.041968401583535,Planner A
SKU0050@LOC02,2025-11-10,2025-10-27,2,25.0,19.0,10.0,19.041968401583535,19.041968401583535,19.041968401583535,Planner A
SKU0050@LOC02,2025-11-17,2025-10-27,3,33.0,19.0,23.0,19.041968401583535,19.041968401583535,19.041968401583535,Planner A
SKU0050@LOC02,2025-11-24,2025-10-27,4,15.0,19.0,22.0,19.041968401583535,19.041968401583535,19.041968401583535,Planner A
SKU0050@LOC02,2025-12-01,2025-11-24,1,19.0,15.0,26.0,21.225190257288617,21.225190257288617,21.225190257288617,Planner A
SKU0050@LOC02,2025-12-08,2025-11-24,2,28.0,15.0,28.0,21.225190257288617,26.77277063941421,26.77277063941421,Planner A
SKU0050@LOC02,2025-12-15,2025-11-24,3,29.0,15.0,19.0,21.225190257288617,21.225190257288617,21.225190257288617,Planner A
SKU0050@LOC02,2025-12-22,2025-11-24,4,21.0,15.0,29.0,21.225190257288617,21.225190257288617,21.225190257288617,Planner A
SKU0050@LOC03,2025-05-19,2025-05-12,1,24.0,16.0,27.0,21.023942265912808,25.90483148901992,25.90483148901992,Planner B
SKU0050@LOC03,2025-05-26,2025-05-12,2,29.0,16.0,20.0,21.023942265912808,21.023942265912808,21.023942265912808,Planner B
SKU0050@LOC03,2025-06-02,2025-05-12,3,19.0,16.0,25.0,21.023942265912808,21.023942265912808,21.023942265912808,Planner B
SKU0050@LOC03,2025-06-09,2025-05-12,4,34.0,16.0,16.0,21.023942265912808,21.023942265912808,21.023942265912808,Planner B
SKU0050@LOC03,2025-06-16,2025-06-09,1,20.0,34.0,19.0,25.970448538045666,35.30362478292738,35.30362478292738,Planner B
SKU0050@LOC03,2025-06-23,2025-06-09,2,13.0,34.0,24.0,25.970448538045666,25.970448538045666,25.970448538045666,Planner B
SKU0050@LOC03,2025-06-30,2025-06-09,3,25.0,34.0,12.0,25.970448538045666,18.38954068169189,18.38954068169189,Planner B
SKU0050@LOC03,2025-07-07,2025-06-09,4,29.0,34.0,13.0,25.970448538045666,43.220290460255896,43.220290460255896,Planner B
SKU0050@LOC03,2025-07-14,2025-07-07,1,22.0,29.0,15.0,24.154504693984766,24.154504693984766,24.154504693984766,Planner B
SKU0050@LOC03,2025-07-21,2025-07-07,2,17.0,29.0,22.0,24.154504693984766,30.388353973523856,30.388353973523856,Planner B
SKU0050@LOC03,2025-07-28,2025-07-07,3,16.0,29.0,23.0,24.154504693984766,17.97157039716251,17.97157039716251,Planner B
SKU0050@LOC03,2025-08-04,2025-07-07,4,30.0,29.0,28.0,24.154504693984766,24.154504693984766,24.154504693984766,Planner B
SKU0050@LOC03,2025-08-11,2025-08-04,1,15.0,30.0,21.0,22.92229657702574,22.92229657702574,22.92229657702574,Planner B
SKU0050@LOC03,2025-08-18,2025-08-04,2,14.0,30.0,19.0,22.92229657702574,22.92229657702574,22.92229657702574,Planner B
SKU0050@LOC03,2025-08-25,2025-08-04,3,20.0,30.0,51.0,22.92229657702574,22.92229657702574,22.92229657702574,Planner B
SKU0050@LOC03,2025-09-01,2025-08-04,4,28.0,30.0,32.0,22.92229657702574,22.92229657702574,22.92229657702574,Planner B
SKU0050@LOC03,2025-09-08,2025-09-01,1,23.0,28.0,27.0,21.70514340814388,21.70514340814388,21.70514340814388,Planner B
SKU0050@LOC03,2025-09-15,2025-09-01,2,31.0,28.0,27.0,21.70514340814388,21.70514340814388,21.70514340814388,Planner B
SKU0050@LOC03,2025-09-22,2025-09-01,3,30.0,28.0,23.0,21.70514340814388,21.70514340814388,21.70514340814388,Planner B
SKU0050@LOC03,2025-09-29,2025-09-01,4,31.0,28.0,29.0,21.70514340814388,21.70514340814388,21.70514340814388,Planner B
SKU0050@LOC03,2025-10-06,2025-09-29,1,29.0,31.0,44.0,27.735104932295343,26.08911661192689,26.08911661192689,Planner B
SKU0050@LOC03,2025-10-13,2025-09-29,2,23.0,31.0,25.0,27.735104932295343,27.735104932295343,27.735104932295343,Planner B
SKU0050@LOC03,2025-10-20,2025-09-29,3,35.0,31.0,15.0,27.735104932295343,27.735104932295343,27.735104932295343,Planner B
SKU0050@LOC03,2025-10-27,2025-09-29,4,26.0,31.0,37.0,27.735104932295343,29.287241204314743,29.287241204314743,Planner B
SKU0050@LOC03,2025-11-03,2025-10-27,1,61.0,26.0,43.0,28.17429869424411,27.981197408149963,27.981197408149963,Planner B
SKU0050@LOC03,2025-11-10,2025-10-27,2,44.0,26.0,26.0,28.17429869424411,28.17429869424411,28.17429869424411,Planner B
SKU0050@LOC03,2025-11-17,2025-10-27,3,28.0,26.0,40.0,28.17429869424411,28.17429869424411,28.17429869424411,Planner B
SKU0050@LOC03,2025-11-24,2025-10-27,4,24.0,26.0,39.0,28.17429869424411,32.81920705635171,32.81920705635171,Planner B
SKU0050@LOC03,2025-12-01,2025-11-24,1,25.0,24.0,26.0,32.589549116488016,58.02984981981706,58.02984981981706,Planner B
SKU0050@LOC03,2025-12-08,2025-11-24,2,39.0,24.0,47.0,32.589549116488016,32.589549116488016,32.589549116488016,Planner B
SKU0050@LOC03,2025-12-15,2025-11-24,3,51.0,24.0,37.0,32.589549116488016,32.589549116488016,32.589549116488016,Planner B
SKU0050@LOC03,2025-12-22,2025-11-24,4,49.0,24.0,44.0,32.589549116488016,32.589549116488016,32.589549116488016,Planner B
SKU0051@LOC01,2025-05-19,2025-05-12,1,8.0,0.0,1.0,1.3630723745434665,1.3630723745434665,1.3630723745434665,Planner C
SKU0051@LOC01,2025-05-26,2025-05-12,2,0.0,0.0,0.0,1.3630723745434665,1.370361594745759,1.370361594745759,Planner C
SKU0051@LOC01,2025-06-02,2025-05-12,3,0.0,0.0,0.0,1.3630723745434665,1.8108934161982264,1.8108934161982264,Planner C
SKU0051@LOC01,2025-06-09,2025-05-12,4,0.0,0.0,0.0,1.3630723745434665,1.3630723745434665,1.3630723745434665,Planner C
SKU0051@LOC01,2025-06-16,2025-06-09,1,0.0,0.0,15.0,1.5109753293997361,1.5109753293997361,1.5109753293997361,Planner C
SKU0051@LOC01,2025-06-23,2025-06-09,2,0.0,0.0,0.0,1.5109753293997361,1.5109753293997361,1.5109753293997361,Planner C
SKU0051@LOC01,2025-06-30,2025-06-09,3,0.0,0.0,2.0,1.5109753293997361,1.5109753293997361,1.5109753293997361,Planner C
SKU0051@LOC01,2025-07-07,2025-06-09,4,0.0,0.0,0.0,1.5109753293997361,1.5109753293997361,1.5109753293997361,Planner C
SKU0051@LOC01,2025-07-14,2025-07-07,1,0.0,0.0,0.0,1.5109753293997361,1.5109753293997361,1.5109753293997361,Planner C
SKU0051@LOC01,2025-07-21,2025-07-07,2,14.0,0.0,0.0,1.5109753293997361,1.5109753293997361,1.5109753293997361,Planner C
SKU0051@LOC01,2025-07-28,2025-07-07,3,0.0,0.0,0.0,1.5109753293997361,1.5109753293997361,1.5109753293997361,Planner C
SKU0051@LOC01,2025-08-04,2025-07-07,4,0.0,0.0,0.0,1.5109753293997361,1.5109753293997361,1.5109753293997361,Planner C
SKU0051@LOC01,2025-08-11,2025-08-04,1,1.0,0.0,0.0,1.5011352481286495,1.5011352481286495,1.5011352481286495,Planner C
SKU0051@LOC01,2025-08-18,2025-08-04,2,11.0,0.0,0.0,1.5011352481286495,1.5011352481286495,1.5011352481286495,Planner C
SKU0051@LOC01,2025-08-25,2025-08-04,3,0.0,0.0,0.0,1.5011352481286495,1.5011352481286495,1.5011352481286495,Planner C
SKU0051@LOC01,2025-09-01,2025-08-04,4,0.0,0.0,1.0,1.5011352481286495,1.2347918708063228,1.2347918708063228,Planner C
SKU0051@LOC01,2025-09-08,2025-09-01,1,0.0,0.0,0.0,1.7043844754979474,2.2967621212800022,2.2967621212800022,Planner C
SKU0051@LOC01,2025-09-15,2025-09-01,2,0.0,0.0,0.0,1.7043844754979474,1.7043844754979474,1.7043844754979474,Planner C
SKU0051@LOC01,2025-09-22,2025-09-01,3,2.0,0.0,0.0,1.7043844754979474,1.7043844754979474,1.7043844754979474,Planner C
SKU0051@LOC01,2025-09-29,2025-09-01,4,0.0,0.0,0.0,1.7043844754979474,1.7043844754979474,1.7043844754979474,Planner C
SKU0051@LOC01,2025-10-06,2025-09-29,1,0.0,0.0,0.0,1.487022064437296,1.487022064437296,1.487022064437296,Planner C
SKU0051@LOC01,2025-10-13,2025-09-29,2,0.0,0.0,0.0,1.487022064437296,1.352121615507106,1.352121615507106,Planner C
SKU0051@LOC01,2025-10-20,2025-09-29,3,3.0,0.0,4.0,1.487022064437296,1.487022064437296,1.487022064437296,Planner C
SKU0051@LOC01,2025-10-27,2025-09-29,4,2.0,0.0,0.0,1.487022064437296,1.487022064437296,1.487022064437296,Planner C
SKU0051@LOC01,2025-11-03,2025-10-27,1,0.0,2.0,18.0,1.4058888543861,1.4058888543861,1.4058888543861,Planner C
SKU0051@LOC01,2025-11-10,2025-10-27,2,7.0,2.0,1.0,1.4058888543861,1.4058888543861,1.4058888543861,Planner C
SKU0051@LOC01,2025-11-17,2025-10-27,3,0.0,2.0,6.0,1.4058888543861,1.6035216019592589,1.6035216019592589,Planner C
SKU0051@LOC01,2025-11-24,2025-10-27,4,4.0,2.0,0.0,1.4058888543861,1.4058888543861,1.4058888543861,Planner C
SKU0051@LOC01,2025-12-01,2025-11-24,1,4.0,4.0,5.0,1.5673564646189904,1.5673564646189904,1.5673564646189904,Planner C
SKU0051@LOC01,2025-12-08,2025-11-24,2,3.0,4.0,3.0,1.5673564646189904,1.5673564646189904,1.5673564646189904,Planner C
SKU0051@LOC01,2025-12-15,2025-11-24,3,0.0,4.0,0.0,1.5673564646189904,1.5673564646189904,1.5673564646189904,Planner C
SKU0051@LOC01,2025-12-22,2025-11-24,4,0.0,4.0,4.0,1.5673564646189904,1.6199912673572554,1.6199912673572554,Planner C
SKU0051@LOC02,2025-05-19,2025-05-12,1,0.0,0.0,0.0,2.0410133947177296,2.0410133947177296,2.0410133947177296,Planner D
SKU0051@LOC02,2025-05-26,2025-05-12,2,0.0,0.0,0.0,2.0410133947177296,2.0410133947177296,2.0410133947177296,Planner D
SKU0051@LOC02,2025-06-02,2025-05-12,3,0.0,0.0,0.0,2.0410133947177296,2.0410133947177296,2.0410133947177296,Planner D
SKU0051@LOC02,2025-06-09,2025-05-12,4,13.0,0.0,8.0,2.0410133947177296,2.0410133947177296,2.0410133947177296,Planner D
SKU0051@LOC02,2025-06-16,2025-06-09,1,0.0,13.0,0.0,2.1095439145922956,1.4202295024902623,1.4202295024902623,Planner D
SKU0051@LOC02,2025-06-23,2025-06-09,2,12.0,13.0,1.0,2.1095439145922956,3.1100439374768047,3.1100439374768047,Planner D
SKU0051@LOC02,2025-06-30,2025-06-09,3,0.0,13.0,0.0,2.1095439145922956,1.7073043636359648,1.7073043636359648,Planner D
SKU0051@LOC02,2025-07-07,2025-06-09,4,0.0,13.0,0.0,2.1095439145922956,2.1760549350994123,2.1760549350994123,Planner D
SKU0051@LOC02,2025-07-14,2025-07-07,1,0.0,0.0,3.0,2.347566387387852,2.347566387387852,2.347566387387852,Planner D
SKU0051@LOC02,2025-07-21,2025-07-07,2,0.0,0.0,11.0,2.347566387387852,2.347566387387852,2.347566387387852,Planner D
SKU0051@LOC02,2025-07-28,2025-07-07,3,0.0,0.0,0.0,2.347566387387852,2.593190656558399,2.593190656558399,Planner D
SKU0051@LOC02,2025-08-04,2025-07-07,4,0.0,0.0,0.0,2.347566387387852,2.347566387387852,2.347566387387852,Planner D
SKU0051@LOC02,2025-08-11,2025-08-04,1,0.0,0.0,2.0,2.347566387387852,2.347566387387852,2.347566387387852,Planner D
SKU0051@LOC02,2025-08-18,2025-08-04,2,8.0,0.0,0.0,2.347566387387852,2.347566387387852,2.347566387387852,Planner D
SKU0051@LOC02,2025-08-25,2025-08-04,3,0.0,0.0,0.0,2.347566387387852,3.017704097411081,3.017704097411081,Planner D
SKU0051@LOC02,2025-09-01,2025-08-04,4,1.0,0.0,1.0,2.347566387387852,2.347566387387852,2.347566387387852,Planner D
SKU0051@LOC02,2025-09-08,2025-09-01,1,0.0,1.0,24.0,1.937076780978447,2.153950827244675,2.153950827244675,Planner D
SKU0051@LOC02,2025-09-15,2025-09-01,2,4.0,1.0,0.0,1.937076780978447,1.937076780978447,1.937076780978447,Planner D
SKU0051@LOC02,2025-09-22,2025-09-01,3,1.0,1.0,0.0,1.937076780978447,1.3105206690549749,1.3105206690549749,Planner D
SKU0051@LOC02,2025-09-29,2025-09-01,4,9.0,1.0,0.0,1.937076780978447,1.937076780978447,1.937076780978447,Planner D
SKU0051@LOC02,2025-10-06,2025-09-29,1,3.0,9.0,0.0,2.1390818618764285,2.1390818618764285,2.1390818618764285,Planner D
SKU0051@LOC02,2025-10-13,2025-09-29,2,0.0,9.0,1.0,2.1390818618764285,1.7850850961715947,1.7850850961715947,Planner D
SKU0051@LOC02,2025-10-20,2025-09-29,3,0.0,9.0,2.0,2.1390818618764285,2.441529995902477,2.441529995902477,Planner D
SKU0051@LOC02,2025-10-27,2025-09-29,4,0.0,9.0,9.0,2.1390818618764285,2.1390818618764285,2.1390818618764285,Planner D
SKU0051@LOC02,2025-11-03,2025-10-27,1,0.0,0.0,0.0,2.1661776796056467,2.1661776796056467,2.1661776796056467,Planner D
SKU0051@LOC02,2025-11-10,2025-10-27,2,0.0,0.0,0.0,2.1661776796056467,2.1661776796056467,2.1661776796056467,Planner D
SKU0051@LOC02,2025-11-17,2025-10-27,3,19.0,0.0,0.0,2.1661776796056467,4.056064785970099,4.056064785970099,Planner D
SKU0051@LOC02,2025-11-24,2025-10-27,4,0.0,0.0,0.0,2.1661776796056467,2.042882852183975,2.042882852183975,Planner D
SKU0051@LOC02,2025-12-01,2025-11-24,1,0.0,0.0,0.0,2.3368072491055263,2.3368072491055263,2.3368072491055263,Planner D
SKU0051@LOC02,2025-12-08,2025-11-24,2,4.0,0.0,0.0,2.3368072491055263,2.3368072491055263,2.3368072491055263,Planner D
SKU0051@LOC02,2025-12-15,2025-11-24,3,4.0,0.0,0.0,2.3368072491055263,2.9562450324055667,2.9562450324055667,Planner D
SKU0051@LOC02,2025-12-22,2025-11-24,4,0.0,0.0,0.0,2.3368072491055263,2.3368072491055263,2.3368072491055263,Planner D
SKU0051@LOC03,2025-05-19,2025-05-12,1,0.0,0.0,0.0,2.5122490995423314,2.5122490995423314,2.5122490995423314,Planner A
SKU0051@LOC03,2025-05-26,2025-05-12,2,0.0,0.0,1.0,2.5122490995423314,1.6773360709591498,1.6773360709591498,Planner A
SKU0051@LOC03,2025-06-02,2025-05-12,3,1.0,0.0,12.0,2.5122490995423314,2.745247182504988,2.745247182504988,Planner A
SKU0051@LOC03,2025-06-09,2025-05-12,4,5.0,0.0,0.0,2.5122490995423314,4.4126072376047825,4.4126072376047825,Planner A
SKU0051@LOC03,2025-06-16,2025-06-09,1,0.0,5.0,0.0,2.200010121085404,2.200010121085404,2.200010121085404,Planner A
SKU0051@LOC03,2025-06-23,2025-06-09,2,0.0,5.0,4.0,2.200010121085404,2.200010121085404,2.200010121085404,Planner A
SKU0051@LOC03,2025-06-30,2025-06-09,3,3.0,5.0,0.0,2.200010121085404,2.200010121085404,2.200010121085404,Planner A
SKU0051@LOC03,2025-07-07,2025-06-09,4,0.0,5.0,0.0,2.200010121085404,1.6669105949553258,1.6669105949553258,Planner A
SKU0051@LOC03,2025-07-14,2025-07-07,1,9.0,0.0,0.0,2.0139432200814267,2.0139432200814267,2.0139432200814267,Planner A
SKU0051@LOC03,2025-07-21,2025-07-07,2,4.0,0.0,0.0,2.0139432200814267,2.0139432200814267,2.0139432200814267,Planner A
SKU0051@LOC03,2025-07-28,2025-07-07,3,0.0,0.0,13.0,2.0139432200814267,2.0139432200814267,2.0139432200814267,Planner A
SKU0051@LOC03,2025-08-04,2025-07-07,4,5.0,0.0,4.0,2.0139432200814267,2.0139432200814267,2.0139432200814267,Planner A
SKU0051@LOC03,2025-08-11,2025-08-04,1,0.0,5.0,8.0,2.3258496947573355,3.57507308744387,3.57507308744387,Planner A
SKU0051@LOC03,2025-08-18,2025-08-04,2,0.0,5.0,7.0,2.3258496947573355,2.3258496947573355,2.3258496947573355,Planner A
SKU0051@LOC03,2025-08-25,2025-08-04,3,5.0,5.0,10.0,2.3258496947573355,2.3258496947573355,2.3258496947573355,Planner A
SKU0051@LOC03,2025-09-01,2025-08-04,4,0.0,5.0,1.0,2.3258496947573355,2.3258496947573355,2.3258496947573355,Planner A
SKU0051@LOC03,2025-09-08,2025-09-01,1,5.0,0.0,0.0,2.2160704806428924,2.682416551834514,2.682416551834514,Planner A
SKU0051@LOC03,2025-09-15,2025-09-01,2,0.0,0.0,0.0,2.2160704806428924,2.2160704806428924,2.2160704806428924,Planner A
SKU0051@LOC03,2025-09-22,2025-09-01,3,0.0,0.0,10.0,2.2160704806428924,2.2160704806428924,2.2160704806428924,Planner A
SKU0051@LOC03,2025-09-29,2025-09-01,4,6.0,0.0,0.0,2.2160704806428924,2.2160704806428924,2.2160704806428924,Planner A
SKU0051@LOC03,2025-10-06,2025-09-29,1,6.0,6.0,5.0,2.184890269373349,2.184890269373349,2.184890269373349,Planner A
SKU0051@LOC03,2025-10-13,2025-09-29,2,0.0,6.0,1.0,2.184890269373349,2.184890269373349,2.184890269373349,Planner A
SKU0051@LOC03,2025-10-20,2025-09-29,3,2.0,6.0,0.0,2.184890269373349,3.1101220124505367,3.1101220124505367,Planner A
SKU0051@LOC03,2025-10-27,2025-09-29,4,2.0,6.0,10.0,2.184890269373349,2.184890269373349,2.184890269373349,Planner A
SKU0051@LOC03,2025-11-03,2025-10-27,1,1.0,2.0,0.0,2.202675994717317,2.202675994717317,2.202675994717317,Planner A
SKU0051@LOC03,2025-11-10,2025-10-27,2,0.0,2.0,0.0,2.202675994717317,2.202675994717317,2.202675994717317,Planner A
SKU0051@LOC03,2025-11-17,2025-10-27,3,4.0,2.0,0.0,2.202675994717317,2.210795268225874,2.210795268225874,Planner A
SKU0051@LOC03,2025-11-24,2025-10-27,4,0.0,2.0,0.0,2.202675994717317,3.230948856754399,3.230948856754399,Planner A
SKU0051@LOC03,2025-12-01,2025-11-24,1,1.0,0.0,0.0,2.108317864037823,2.108317864037823,2.108317864037823,Planner A
SKU0051@LOC03,2025-12-08,2025-11-24,2,0.0,0.0,0.0,2.108317864037823,1.6382309290278732,1.6382309290278732,Planner A
SKU0051@LOC03,2025-12-15,2025-11-24,3,0.0,0.0,9.0,2.108317864037823,2.108317864037823,2.108317864037823,Planner A
SKU0051@LOC03,2025-12-22,2025-11-24,4,0.0,0.0,0.0,2.108317864037823,2.108317864037823,2.108317864037823,Planner A
SKU0052@LOC01,2025-05-19,2025-05-12,1,0.0,0.0,0.0,2.1499235021502736,2.130872508630257,2.130872508630257,Planner B
SKU0052@LOC01,2025-05-26,2025-05-12,2,0.0,0.0,4.0,2.1499235021502736,2.1499235021502736,2.1499235021502736,Planner B
SKU0052@LOC01,2025-06-02,2025-05-12,3,3.0,0.0,2.0,2.1499235021502736,2.1499235021502736,2.1499235021502736,Planner B
SKU0052@LOC01,2025-06-09,2025-05-12,4,5.0,0.0,0.0,2.1499235021502736,2.1499235021502736,2.1499235021502736,Planner B
SKU0052@LOC01,2025-06-16,2025-06-09,1,3.0,5.0,3.0,1.8072531745952023,1.8072531745952023,1.8072531745952023,Planner B
SKU0052@LOC01,2025-06-23,2025-06-09,2,0.0,5.0,3.0,1.8072531745952023,2.0300000182445608,2.0300000182445608,Planner B
SKU0052@LOC01,2025-06-30,2025-06-09,3,0.0,5.0,0.0,1.8072531745952023,2.4699138887002112,2.4699138887002112,Planner B
SKU0052@LOC01,2025-07-07,2025-06-09,4,4.0,5.0,0.0,1.8072531745952023,1.8072531745952023,1.8072531745952023,Planner B
SKU0052@LOC01,2025-07-14,2025-07-07,1,0.0,4.0,0.0,1.7715415199516267,1.7715415199516267,1.7715415199516267,Planner B
SKU0052@LOC01,2025-07-21,2025-07-07,2,5.0,4.0,5.0,1.7715415199516267,1.7715415199516267,1.7715415199516267,Planner B
SKU0052@LOC01,2025-07-28,2025-07-07,3,0.0,4.0,0.0,1.7715415199516267,1.7715415199516267,1.7715415199516267,Planner B
SKU0052@LOC01,2025-08-04,2025-07-07,4,0.0,4.0,5.0,1.7715415199516267,1.3020495487050443,1.3020495487050443,Planner B
SKU0052@LOC01,2025-08-11,2025-08-04,1,2.0,0.0,4.0,1.8343360056305642,1.8343360056305642,1.8343360056305642,Planner B
SKU0052@LOC01,2025-08-18,2025-08-04,2,0.0,0.0,0.0,1.8343360056305642,1.9627490721621719,1.9627490721621719,Planner B
SKU0052@LOC01,2025-08-25,2025-08-04,3,0.0,0.0,5.0,1.8343360056305642,1.52741151611646,1.52741151611646,Planner B
SKU0052@LOC01,2025-09-01,2025-08-04,4,0.0,0.0,6.0,1.8343360056305642,1.8343360056305642,1.8343360056305642,Planner B
SKU0052@LOC01,2025-09-08,2025-09-01,1,0.0,0.0,2.0,1.6568313082530761,1.6568313082530761,1.6568313082530761,Planner B
SKU0052@LOC01,2025-09-15,2025-09-01,2,0.0,0.0,0.0,1.6568313082530761,1.6568313082530761,1.6568313082530761,Planner B
SKU0052@LOC01,2025-09-22,2025-09-01,3,0.0,0.0,6.0,1.6568313082530761,1.6568313082530761,1.6568313082530761,Planner B
SKU0052@LOC01,2025-09-29,2025-09-01,4,1.0,0.0,2.0,1.6568313082530761,1.6568313082530761,1.6568313082530761,Planner B
SKU0052@LOC01,2025-10-06,2025-09-29,1,3.0,1.0,0.0,1.2354407301522585,1.2354407301522585,1.2354407301522585,Planner B
SKU0052@LOC01,2025-10-13,2025-09-29,2,2.0,1.0,0.0,1.2354407301522585,1.2354407301522585,1.2354407301522585,Planner B
SKU0052@LOC01,2025-10-20,2025-09-29,3,2.0,1.0,3.0,1.2354407301522585,1.2354407301522585,1.2354407301522585,Planner B
SKU0052@LOC01,2025-10-27,2025-09-29,4,2.0,1.0,3.0,1.2354407301522585,1.2354407301522585,1.2354407301522585,Planner B
SKU0052@LOC01,2025-11-03,2025-10-27,1,5.0,2.0,0.0,1.3842088400360353,1.3842088400360353,1.3842088400360353,Planner B
SKU0052@LOC01,2025-11-10,2025-10-27,2,0.0,2.0,5.0,1.3842088400360353,1.7477412963992935,1.7477412963992935,Planner B
SKU0052@LOC01,2025-11-17,2025-10-27,3,4.0,2.0,0.0,1.3842088400360353,1.8079771752489,1.8079771752489,Planner B
SKU0052@LOC01,2025-11-24,2025-10-27,4,1.0,2.0,0.0,1.3842088400360353,1.3842088400360353,1.3842088400360353,Planner B
SKU0052@LOC01,2025-12-01,2025-11-24,1,2.0,1.0,4.0,1.5611327422999126,1.5611327422999126,1.5611327422999126,Planner B
SKU0052@LOC01,2025-12-08,2025-11-24,2,3.0,1.0,2.0,1.5611327422999126,1.5611327422999126,1.5611327422999126,Planner B
SKU0052@LOC01,2025-12-15,2025-11-24,3,0.0,1.0,2.0,1.5611327422999126,2.010176054453097,2.010176054453097,Planner B
SKU0052@LOC01,2025-12-22,2025-11-24,4,3.0,1.0,0.0,1.5611327422999126,1.5611327422999126,1.5611327422999126,Planner B
SKU0052@LOC02,2025-05-19,2025-05-12,1,0.0,1.0,5.0,1.298042576013439,1.298042576013439,1.298042576013439,Planner C
SKU0052@LOC02,2025-05-26,2025-05-12,2,0.0,1.0,4.0,1.298042576013439,1.1681985269343087,1.1681985269343087,Planner C
SKU0052@LOC02,2025-06-02,2025-05-12,3,0.0,1.0,0.0,1.298042576013439,1.298042576013439,1.298042576013439,Planner C
SKU0052@LOC02,2025-06-09,2025-05-12,4,4.0,1.0,5.0,1.298042576013439,1.298042576013439,1.298042576013439,Planner C
SKU0052@LOC02,2025-06-16,2025-06-09,1,2.0,4.0,6.0,1.2357902815982134,1.2357902815982134,1.2357902815982134,Planner C
SKU0052@LOC02,2025-06-23,2025-06-09,2,0.0,4.0,3.0,1.2357902815982134,0.9130655611557811,0.9130655611557811,Planner C
SKU0052@LOC02,2025-06-30,2025-06-09,3,3.0,4.0,6.0,1.2357902815982134,1.2357902815982134,1.2357902815982134,Planner C
SKU0052@LOC02,2025-07-07,2025-06-09,4,0.0,4.0,0.0,1.2357902815982134,0.24461076292832584,0.24461076292832584,Planner C
SKU0052@LOC02,2025-07-14,2025-07-07,1,0.0,0.0,0.0,1.2822447093335567,1.2822447093335567,1.2822447093335567,Planner C
SKU0052@LOC02,2025-07-21,2025-07-07,2,2.0,0.0,0.0,1.2822447093335567,1.2822447093335567,1.2822447093335567,Planner C
SKU0052@LOC02,2025-07-28,2025-07-07,3,3.0,0.0,2.0,1.2822447093335567,1.2822447093335567,1.2822447093335567,Planner C
SKU0052@LOC02,2025-08-04,2025-07-07,4,2.0,0.0,1.0,1.2822447093335567,1.6964197818098228,1.6964197818098228,Planner C
SKU0052@LOC02,2025-08-11,2025-08-04,1,0.0,2.0,0.0,1.3052418245032897,1.3052418245032897,1.3052418245032897,Planner C
SKU0052@LOC02,2025-08-18,2025-08-04,2,5.0,2.0,0.0,1.3052418245032897,1.4754078739185499,1.4754078739185499,Planner C
SKU0052@LOC02,2025-08-25,2025-08-04,3,0.0,2.0,6.0,1.3052418245032897,1.3052418245032897,1.3052418245032897,Planner C
SKU0052@LOC02,2025-09-01,2025-08-04,4,0.0,2.0,0.0,1.3052418245032897,1.3052418245032897,1.3052418245032897,Planner C
SKU0052@LOC02,2025-09-08,2025-09-01,1,0.0,0.0,2.0,1.4139322609806793,1.4139322609806793,1.4139322609806793,Planner C
SKU0052@LOC02,2025-09-15,2025-09-01,2,0.0,0.0,4.0,1.4139322609806793,1.4139322609806793,1.4139322609806793,Planner C
SKU0052@LOC02,2025-09-22,2025-09-01,3,0.0,0.0,4.0,1.4139322609806793,1.4139322609806793,1.4139322609806793,Planner C
SKU0052@LOC02,2025-09-29,2025-09-01,4,0.0,0.0,2.0,1.4139322609806793,1.4139322609806793,1.4139322609806793,Planner C
SKU0052@LOC02,2025-10-06,2025-09-29,1,2.0,0.0,0.0,1.4139322609806793,1.4139322609806793,1.4139322609806793,Planner C
SKU0052@LOC02,2025-10-13,2025-09-29,2,0.0,0.0,0.0,1.4139322609806793,1.4139322609806793,1.4139322609806793,Planner C
SKU0052@LOC02,2025-10-20,2025-09-29,3,0.0,0.0,4.0,1.4139322609806793,1.5870075627034277,1.5870075627034277,Planner C
SKU0052@LOC02,2025-10-27,2025-09-29,4,0.0,0.0,3.0,1.4139322609806793,1.4139322609806793,1.4139322609806793,Planner C
SKU0052@LOC02,2025-11-03,2025-10-27,1,0.0,0.0,0.0,1.090355990121413,0.7047885543464592,0.7047885543464592,Planner C
SKU0052@LOC02,2025-11-10,2025-10-27,2,0.0,0.0,0.0,1.090355990121413,1.090355990121413,1.090355990121413,Planner C
SKU0052@LOC02,2025-11-17,2025-10-27,3,0.0,0.0,0.0,1.090355990121413,1.3918384963372021,1.3918384963372021,Planner C
SKU0052@LOC02,2025-11-24,2025-10-27,4,3.0,0.0,6.0,1.090355990121413,2.2501214714867537,2.2501214714867537,Planner C
SKU0052@LOC02,2025-12-01,2025-11-24,1,2.0,3.0,6.0,0.9268209120549954,0.9268209120549954,0.9268209120549954,Planner C
SKU0052@LOC02,2025-12-08,2025-11-24,2,2.0,3.0,0.0,0.9268209120549954,0.8685525758225208,0.8685525758225208,Planner C
SKU0052@LOC02,2025-12-15,2025-11-24,3,2.0,3.0,2.0,0.9268209120549954,0.9268209120549954,0.9268209120549954,Planner C
SKU0052@LOC02,2025-12-22,2025-11-24,4,0.0,3.0,0.0,0.9268209120549954,0.9268209120549954,0.9268209120549954,Planner C
SKU0052@LOC03,2025-05-19,2025-05-12,1,3.0,2.0,0.0,1.823863087572962,2.3739457027750275,2.3739457027750275,Planner D
SKU0052@LOC03,2025-05-26,2025-05-12,2,0.0,2.0,7.0,1.823863087572962,1.6212770355882076,1.6212770355882076,Planner D
SKU0052@LOC03,2025-06-02,2025-05-12,3,0.0,2.0,0.0,1.823863087572962,1.823863087572962,1.823863087572962,Planner D
SKU0052@LOC03,2025-06-09,2025-05-12,4,3.0,2.0,4.0,1.823863087572962,2.044836027950618,2.044836027950618,Planner D
SKU0052@LOC03,2025-06-16,2025-06-09,1,0.0,3.0,2.0,1.7465329577840212,2.2238610935701946,2.2238610935701946,Planner D
SKU0052@LOC03,2025-06-23,2025-06-09,2,2.0,3.0,0.0,1.7465329577840212,2.81502678313959,2.81502678313959,Planner D
SKU0052@LOC03,2025-06-30,2025-06-09,3,1.0,3.0,0.0,1.7465329577840212,1.7465329577840212,1.7465329577840212,Planner D
SKU0052@LOC03,2025-07-07,2025-06-09,4,0.0,3.0,3.0,1.7465329577840212,1.7465329577840212,1.7465329577840212,Planner D
SKU0052@LOC03,2025-07-14,2025-07-07,1,3.0,0.0,4.0,1.6381954218030896,1.9400140836214588,1.9400140836214588,Planner D
SKU0052@LOC03,2025-07-21,2025-07-07,2,2.0,0.0,0.0,1.6381954218030896,1.6381954218030896,1.6381954218030896,Planner D
SKU0052@LOC03,2025-07-28,2025-07-07,3,2.0,0.0,6.0,1.6381954218030896,1.6381954218030896,1.6381954218030896,Planner D
SKU0052@LOC03,2025-08-04,2025-07-07,4,4.0,0.0,5.0,1.6381954218030896,2.1406953995807516,2.1406953995807516,Planner D
SKU0052@LOC03,2025-08-11,2025-08-04,1,0.0,4.0,0.0,1.768247805944521,1.768247805944521,1.768247805944521,Planner D
SKU0052@LOC03,2025-08-18,2025-08-04,2,3.0,4.0,0.0,1.768247805944521,1.768247805944521,1.768247805944521,Planner D
SKU0052@LOC03,2025-08-25,2025-08-04,3,2.0,4.0,0.0,1.768247805944521,1.768247805944521,1.768247805944521,Planner D
SKU0052@LOC03,2025-09-01,2025-08-04,4,1.0,4.0,6.0,1.768247805944521,1.768247805944521,1.768247805944521,Planner D
SKU0052@LOC03,2025-09-08,2025-09-01,1,0.0,1.0,0.0,1.6917018133383535,1.6917018133383535,1.6917018133383535,Planner D
SKU0052@LOC03,2025-09-15,2025-09-01,2,0.0,1.0,0.0,1.6917018133383535,1.9556513323808016,1.9556513323808016,Planner D
SKU0052@LOC03,2025-09-22,2025-09-01,3,1.0,1.0,4.0,1.6917018133383535,1.6917018133383535,1.6917018133383535,Planner D
SKU0052@LOC03,2025-09-29,2025-09-01,4,0.0,1.0,0.0,1.6917018133383535,1.6917018133383535,1.6917018133383535,Planner D
SKU0052@LOC03,2025-10-06,2025-09-29,1,0.0,0.0,0.0,1.4594904728003437,1.4594904728003437,1.4594904728003437,Planner D
SKU0052@LOC03,2025-10-13,2025-09-29,2,5.0,0.0,0.0,1.4594904728003437,1.9456861536814154,1.9456861536814154,Planner D
SKU0052@LOC03,2025-10-20,2025-09-29,3,0.0,0.0,0.0,1.4594904728003437,1.4594904728003437,1.4594904728003437,Planner D
SKU0052@LOC03,2025-10-27,2025-09-29,4,2.0,0.0,3.0,1.4594904728003437,1.7073394968923525,1.7073394968923525,Planner D
SKU0052@LOC03,2025-11-03,2025-10-27,1,1.0,2.0,0.0,1.4236269885026134,1.4236269885026134,1.4236269885026134,Planner D
SKU0052@LOC03,2025-11-10,2025-10-27,2,0.0,2.0,0.0,1.4236269885026134,1.4236269885026134,1.4236269885026134,Planner D
SKU0052@LOC03,2025-11-17,2025-10-27,3,2.0,2.0,0.0,1.4236269885026134,1.4236269885026134,1.4236269885026134,Planner D
SKU0052@LOC03,2025-11-24,2025-10-27,4,5.0,2.0,4.0,1.4236269885026134,1.2046099912753165,1.2046099912753165,Planner D
SKU0052@LOC03,2025-12-01,2025-11-24,1,3.0,5.0,0.0,1.5428899909458331,1.5428899909458331,1.5428899909458331,Planner D
SKU0052@LOC03,2025-12-08,2025-11-24,2,0.0,5.0,0.0,1.5428899909458331,1.0105154363588138,1.0105154363588138,Planner D
SKU0052@LOC03,2025-12-15,2025-11-24,3,0.0,5.0,0.0,1.5428899909458331,1.4252218876535767,1.4252218876535767,Planner D
SKU0052@LOC03,2025-12-22,2025-11-24,4,4.0,5.0,4.0,1.5428899909458331,1.5428899909458331,1.5428899909458331,Planner D
SKU0053@LOC01,2025-05-19,2025-05-12,1,2.0,5.0,2.0,3.7883649278006613,3.7883649278006613,3.7883649278006613,Planner A
SKU0053@LOC01,2025-05-26,2025-05-12,2,2.0,5.0,8.0,3.7883649278006613,3.7883649278006613,3.7883649278006613,Planner A
SKU0053@LOC01,2025-06-02,2025-05-12,3,3.0,5.0,6.0,3.7883649278006613,3.7883649278006613,3.7883649278006613,Planner A
SKU0053@LOC01,2025-06-09,2025-05-12,4,4.0,5.0,3.0,3.7883649278006613,4.269793753681658,4.269793753681658,Planner A
SKU0053@LOC01,2025-06-16,2025-06-09,1,4.0,4.0,3.0,3.361037669592744,3.311923736155194,3.311923736155194,Planner A
SKU0053@LOC01,2025-06-23,2025-06-09,2,1.0,4.0,6.0,3.361037669592744,3.361037669592744,3.361037669592744,Planner A
SKU0053@LOC01,2025-06-30,2025-06-09,3,1.0,4.0,1.0,3.361037669592744,3.361037669592744,3.361037669592744,Planner A
SKU0053@LOC01,2025-07-07,2025-06-09,4,0.0,4.0,4.0,3.361037669592744,3.361037669592744,3.361037669592744,Planner A
SKU0053@LOC01,2025-07-14,2025-07-07,1,2.0,0.0,3.0,2.0588028482202407,1.857107812402581,1.857107812402581,Planner A
SKU0053@LOC01,2025-07-21,2025-07-07,2,2.0,0.0,6.0,2.0588028482202407,2.0588028482202407,2.0588028482202407,Planner A
SKU0053@LOC01,2025-07-28,2025-07-07,3,0.0,0.0,3.0,2.0588028482202407,2.0588028482202407,2.0588028482202407,Planner A
SKU0053@LOC01,2025-08-04,2025-07-07,4,3.0,0.0,3.0,2.0588028482202407,1.7996338820163205,1.7996338820163205,Planner A
SKU0053@LOC01,2025-08-11,2025-08-04,1,3.0,3.0,6.0,1.9040856466310108,1.5320079261487276,1.5320079261487276,Planner A
SKU0053@LOC01,2025-08-18,2025-08-04,2,1.0,3.0,2.0,1.9040856466310108,1.9040856466310108,1.9040856466310108,Planner A
SKU0053@LOC01,2025-08-25,2025-08-04,3,1.0,3.0,3.0,1.9040856466310108,1.9040856466310108,1.9040856466310108,Planner A
SKU0053@LOC01,2025-09-01,2025-08-04,4,1.0,3.0,1.0,1.9040856466310108,1.9040856466310108,1.9040856466310108,Planner A
SKU0053@LOC01,2025-09-08,2025-09-01,1,2.0,1.0,2.0,1.5751134808600622,1.5751134808600622,1.5751134808600622,Planner A
SKU0053@LOC01,2025-09-15,2025-09-01,2,0.0,1.0,2.0,1.5751134808600622,1.5751134808600622,1.5751134808600622,Planner A
SKU0053@LOC01,2025-09-22,2025-09-01,3,5.0,1.0,3.0,1.5751134808600622,3.0314584887936604,3.0314584887936604,Planner A
SKU0053@LOC01,2025-09-29,2025-09-01,4,2.0,1.0,1.0,1.5751134808600622,1.5751134808600622,1.5751134808600622,Planner A
SKU0053@LOC01,2025-10-06,2025-09-29,1,5.0,2.0,1.0,2.0499664817602814,2.6936018821847543,2.6936018821847543,Planner A
SKU0053@LOC01,2025-10-13,2025-09-29,2,2.0,2.0,0.0,2.0499664817602814,2.0499664817602814,2.0499664817602814,Planner A
SKU0053@LOC01,2025-10-20,2025-09-29,3,0.0,2.0,1.0,2.0499664817602814,1.5309406924919162,1.5309406924919162,Planner A
SKU0053@LOC01,2025-10-27,2025-09-29,4,2.0,2.0,2.0,2.0499664817602814,1.213844292606106,1.213844292606106,Planner A
SKU0053@LOC01,2025-11-03,2025-10-27,1,0.0,2.0,4.0,2.0395413221676364,2.0395413221676364,2.0395413221676364,Planner A
SKU0053@LOC01,2025-11-10,2025-10-27,2,1.0,2.0,4.0,2.0395413221676364,2.0395413221676364,2.0395413221676364,Planner A
SKU0053@LOC01,2025-11-17,2025-10-27,3,1.0,2.0,4.0,2.0395413221676364,2.0395413221676364,2.0395413221676364,Planner A
SKU0053@LOC01,2025-11-24,2025-10-27,4,1.0,2.0,6.0,2.0395413221676364,2.0395413221676364,2.0395413221676364,Planner A
SKU0053@LOC01,2025-12-01,2025-11-24,1,1.0,1.0,2.0,1.310340104572523,1.310340104572523,1.310340104572523,Planner A
SKU0053@LOC01,2025-12-08,2025-11-24,2,2.0,1.0,2.0,1.310340104572523,1.310340104572523,1.310340104572523,Planner A
SKU0053@LOC01,2025-12-15,2025-11-24,3,4.0,1.0,3.0,1.310340104572523,1.310340104572523,1.310340104572523,Planner A
SKU0053@LOC01,2025-12-22,2025-11-24,4,0.0,1.0,3.0,1.310340104572523,1.310340104572523,1.310340104572523,Planner A
SKU0053@LOC02,2025-05-19,2025-05-12,1,3.0,2.0,7.0,2.663417229371629,2.663417229371629,2.663417229371629,Planner B
SKU0053@LOC02,2025-05-26,2025-05-12,2,6.0,2.0,1.0,2.663417229371629,2.663417229371629,2.663417229371629,Planner B
SKU0053@LOC02,2025-06-02,2025-05-12,3,1.0,2.0,4.0,2.663417229371629,2.663417229371629,2.663417229371629,Planner B
SKU0053@LOC02,2025-06-09,2025-05-12,4,1.0,2.0,6.0,2.663417229371629,2.663417229371629,2.663417229371629,Planner B
SKU0053@LOC02,2025-06-16,2025-06-09,1,2.0,1.0,2.0,2.642168044190726,2.642168044190726,2.642168044190726,Planner B
SKU0053@LOC02,2025-06-23,2025-06-09,2,1.0,1.0,1.0,2.642168044190726,2.171134557876832,2.171134557876832,Planner B
SKU0053@LOC02,2025-06-30,2025-06-09,3,0.0,1.0,4.0,2.642168044190726,2.2933080675524886,2.2933080675524886,Planner B
SKU0053@LOC02,2025-07-07,2025-06-09,4,0.0,1.0,2.0,2.642168044190726,2.642168044190726,2.642168044190726,Planner B
SKU0053@LOC02,2025-07-14,2025-07-07,1,0.0,0.0,3.0,1.9603264537935354,2.2028318464804295,2.2028318464804295,Planner B
SKU0053@LOC02,2025-07-21,2025-07-07,2,1.0,0.0,1.0,1.9603264537935354,1.9603264537935354,1.9603264537935354,Planner B
SKU0053@LOC02,2025-07-28,2025-07-07,3,1.0,0.0,7.0,1.9603264537935354,1.9603264537935354,1.9603264537935354,Planner B
SKU0053@LOC02,2025-08-04,2025-07-07,4,2.0,0.0,1.0,1.9603264537935354,1.3727161804845163,1.3727161804845163,Planner B
SKU0053@LOC02,2025-08-11,2025-08-04,1,0.0,2.0,2.0,1.6571701863339385,1.6571701863339385,1.6571701863339385,Planner B
SKU0053@LOC02,2025-08-18,2025-08-04,2,3.0,2.0,1.0,1.6571701863339385,2.8372230005764303,2.8372230005764303,Planner B
SKU0053@LOC02,2025-08-25,2025-08-04,3,1.0,2.0,4.0,1.6571701863339385,1.6571701863339385,1.6571701863339385,Planner B
SKU0053@LOC02,2025-09-01,2025-08-04,4,3.0,2.0,3.0,1.6571701863339385,1.6571701863339385,1.6571701863339385,Planner B
SKU0053@LOC02,2025-09-08,2025-09-01,1,2.0,3.0,2.0,1.720269359253697,2.3248085741922386,2.3248085741922386,Planner B
SKU0053@LOC02,2025-09-15,2025-09-01,2,1.0,3.0,2.0,1.720269359253697,1.812802138243451,1.812802138243451,Planner B
SKU0053@LOC02,2025-09-22,2025-09-01,3,0.0,3.0,6.0,1.720269359253697,1.720269359253697,1.720269359253697,Planner B
SKU0053@LOC02,2025-09-29,2025-09-01,4,1.0,3.0,7.0,1.720269359253697,1.720269359253697,1.720269359253697,Planner B
SKU0053@LOC02,2025-10-06,2025-09-29,1,0.0,1.0,3.0,1.4554687266063508,1.352413203757601,1.352413203757601,Planner B
SKU0053@LOC02,2025-10-13,2025-09-29,2,1.0,1.0,1.0,1.4554687266063508,1.4554687266063508,1.4554687266063508,Planner B
SKU0053@LOC02,2025-10-20,2025-09-29,3,4.0,1.0,3.0,1.4554687266063508,2.1953640983738163,2.1953640983738163,Planner B
SKU0053@LOC02,2025-10-27,2025-09-29,4,6.0,1.0,2.0,1.4554687266063508,1.4554687266063508,1.4554687266063508,Planner B
SKU0053@LOC02,2025-11-03,2025-10-27,1,1.0,6.0,6.0,1.9959330315264268,2.264017224671964,2.264017224671964,Planner B
SKU0053@LOC02,2025-11-10,2025-10-27,2,2.0,6.0,1.0,1.9959330315264268,1.9959330315264268,1.9959330315264268,Planner B
SKU0053@LOC02,2025-11-17,2025-10-27,3,1.0,6.0,5.0,1.9959330315264268,1.9945841180225938,1.9945841180225938,Planner B
SKU0053@LOC02,2025-11-24,2025-10-27,4,1.0,6.0,3.0,1.9959330315264268,1.9959330315264268,1.9959330315264268,Planner B
SKU0053@LOC02,2025-12-01,2025-11-24,1,0.0,1.0,4.0,1.7344316619844886,1.7344316619844886,1.7344316619844886,Planner B
SKU0053@LOC02,2025-12-08,2025-11-24,2,1.0,1.0,0.0,1.7344316619844886,2.1804520564405823,2.1804520564405823,Planner B
SKU0053@LOC02,2025-12-15,2025-11-24,3,2.0,1.0,2.0,1.7344316619844886,1.7344316619844886,1.7344316619844886,Planner B
SKU0053@LOC02,2025-12-22,2025-11-24,4,2.0,1.0,3.0,1.7344316619844886,1.532464802871295,1.532464802871295,Planner B
SKU0053@LOC03,2025-05-19,2025-05-12,1,4.0,2.0,3.0,2.332036552088394,2.332036552088394,2.332036552088394,Planner C
SKU0053@LOC03,2025-05-26,2025-05-12,2,0.0,2.0,6.0,2.332036552088394,2.332036552088394,2.332036552088394,Planner C
SKU0053@LOC03,2025-06-02,2025-05-12,3,6.0,2.0,12.0,2.332036552088394,2.332036552088394,2.332036552088394,Planner C
SKU0053@LOC03,2025-06-09,2025-05-12,4,3.0,2.0,5.0,2.332036552088394,3.468914112799001,3.468914112799001,Planner C
SKU0053@LOC03,2025-06-16,2025-06-09,1,1.0,3.0,6.0,2.8008126554185924,3.2102615024897676,3.2102615024897676,Planner C
SKU0053@LOC03,2025-06-23,2025-06-09,2,3.0,3.0,7.0,2.8008126554185924,4.3955435733786725,4.3955435733786725,Planner C
SKU0053@LOC03,2025-06-30,2025-06-09,3,5.0,3.0,3.0,2.8008126554185924,2.8008126554185924,2.8008126554185924,Planner C
SKU0053@LOC03,2025-07-07,2025-06-09,4,1.0,3.0,4.0,2.8008126554185924,3.245714265965128,3.245714265965128,Planner C
SKU0053@LOC03,2025-07-14,2025-07-07,1,0.0,1.0,7.0,2.666785461207602,2.666785461207602,2.666785461207602,Planner C
SKU0053@LOC03,2025-07-21,2025-07-07,2,2.0,1.0,9.0,2.666785461207602,2.666785461207602,2.666785461207602,Planner C
SKU0053@LOC03,2025-07-28,2025-07-07,3,3.0,1.0,4.0,2.666785461207602,2.666785461207602,2.666785461207602,Planner C
SKU0053@LOC03,2025-08-04,2025-07-07,4,1.0,1.0,11.0,2.666785461207602,2.666785461207602,2.666785461207602,Planner C
SKU0053@LOC03,2025-08-11,2025-08-04,1,5.0,1.0,3.0,2.1413286781595007,2.825079823897822,2.825079823897822,Planner C
SKU0053@LOC03,2025-08-18,2025-08-04,2,0.0,1.0,5.0,2.1413286781595007,2.1413286781595007,2.1413286781595007,Planner C
SKU0053@LOC03,2025-08-25,2025-08-04,3,2.0,1.0,4.0,2.1413286781595007,2.7390420469043506,2.7390420469043506,Planner C
SKU0053@LOC03,2025-09-01,2025-08-04,4,1.0,1.0,14.0,2.1413286781595007,2.1413286781595007,2.1413286781595007,Planner C
SKU0053@LOC03,2025-09-08,2025-09-01,1,0.0,1.0,1.0,1.9833807033034978,1.9833807033034978,1.9833807033034978,Planner C
SKU0053@LOC03,2025-09-15,2025-09-01,2,1.0,1.0,5.0,1.9833807033034978,1.9833807033034978,1.9833807033034978,Planner C
SKU0053@LOC03,2025-09-22,2025-09-01,3,1.0,1.0,8.0,1.9833807033034978,1.9833807033034978,1.9833807033034978,Planner C
SKU0053@LOC03,2025-09-29,2025-09-01,4,2.0,1.0,4.0,1.9833807033034978,2.126488830930511,2.126488830930511,Planner C
SKU0053@LOC03,2025-10-06,2025-09-29,1,2.0,2.0,4.0,1.5712121232538216,1.5712121232538216,1.5712121232538216,Planner C
SKU0053@LOC03,2025-10-13,2025-09-29,2,3.0,2.0,2.0,1.5712121232538216,1.8878047563251679,1.8878047563251679,Planner C
SKU0053@LOC03,2025-10-20,2025-09-29,3,1.0,2.0,3.0,1.5712121232538216,1.5712121232538216,1.5712121232538216,Planner C
SKU0053@LOC03,2025-10-27,2025-09-29,4,0.0,2.0,2.0,1.5712121232538216,1.5712121232538216,1.5712121232538216,Planner C
SKU0053@LOC03,2025-11-03,2025-10-27,1,2.0,0.0,5.0,1.457045048414265,1.233838839771033,1.233838839771033,Planner C
SKU0053@LOC03,2025-11-10,2025-10-27,2,1.0,0.0,2.0,1.457045048414265,1.457045048414265,1.457045048414265,Planner C
SKU0053@LOC03,2025-11-17,2025-10-27,3,0.0,0.0,0.0,1.457045048414265,1.457045048414265,1.457045048414265,Planner C
SKU0053@LOC03,2025-11-24,2025-10-27,4,0.0,0.0,1.0,1.457045048414265,1.3380732911686515,1.3380732911686515,Planner C
SKU0053@LOC03,2025-12-01,2025-11-24,1,1.0,0.0,2.0,1.0531991218037988,1.0531991218037988,1.0531991218037988,Planner C
SKU0053@LOC03,2025-12-08,2025-11-24,2,0.0,0.0,1.0,1.0531991218037988,1.0531991218037988,1.0531991218037988,Planner C
SKU0053@LOC03,2025-12-15,2025-11-24,3,3.0,0.0,3.0,1.0531991218037988,1.0531991218037988,1.0531991218037988,Planner C
SKU0053@LOC03,2025-12-22,2025-11-24,4,2.0,0.0,3.0,1.0531991218037988,1.0531991218037988,1.0531991218037988,Planner C
SKU0054@LOC01,2025-05-19,2025-05-12,1,18.0,5.0,6.0,7.098489052489968,7.098489052489968,7.098489052489968,Planner D
SKU0054@LOC01,2025-05-26,2025-05-12,2,3.0,5.0,9.0,7.098489052489968,4.825751163519216,4.825751163519216,Planner D
SKU0054@LOC01,2025-06-02,2025-05-12,3,7.0,5.0,12.0,7.098489052489968,7.098489052489968,7.098489052489968,Planner D
SKU0054@LOC01,2025-06-09,2025-05-12,4,0.0,5.0,15.0,7.098489052489968,7.098489052489968,7.098489052489968,Planner D
SKU0054@LOC01,2025-06-16,2025-06-09,1,5.0,0.0,4.0,7.021276198809657,7.021276198809657,7.021276198809657,Planner D
SKU0054@LOC01,2025-06-23,2025-06-09,2,4.0,0.0,6.0,7.021276198809657,7.021276198809657,7.021276198809657,Planner D
SKU0054@LOC01,2025-06-30,2025-06-09,3,2.0,0.0,1.0,7.021276198809657,7.021276198809657,7.021276198809657,Planner D
SKU0054@LOC01,2025-07-07,2025-06-09,4,4.0,0.0,0.0,7.021276198809657,7.021276198809657,7.021276198809657,Planner D
SKU0054@LOC01,2025-07-14,2025-07-07,1,18.0,4.0,0.0,6.408717096906709,6.408717096906709,6.408717096906709,Planner D
SKU0054@LOC01,2025-07-21,2025-07-07,2,14.0,4.0,3.0,6.408717096906709,6.408717096906709,6.408717096906709,Planner D
SKU0054@LOC01,2025-07-28,2025-07-07,3,15.0,4.0,5.0,6.408717096906709,6.408717096906709,6.408717096906709,Planner D
SKU0054@LOC01,2025-08-04,2025-07-07,4,21.0,4.0,4.0,6.408717096906709,6.408717096906709,6.408717096906709,Planner D
SKU0054@LOC01,2025-08-11,2025-08-04,1,2.0,21.0,1.0,8.38582762991237,8.38582762991237,8.38582762991237,Planner D
SKU0054@LOC01,2025-08-18,2025-08-04,2,2.0,21.0,8.0,8.38582762991237,10.883514867481326,10.883514867481326,Planner D
SKU0054@LOC01,2025-08-25,2025-08-04,3,2.0,21.0,22.0,8.38582762991237,9.496873173454588,9.496873173454588,Planner D
SKU0054@LOC01,2025-09-01,2025-08-04,4,7.0,21.0,6.0,8.38582762991237,8.38582762991237,8.38582762991237,Planner D
SKU0054@LOC01,2025-09-08,2025-09-01,1,22.0,7.0,4.0,7.451296515986312,7.451296515986312,7.451296515986312,Planner D
SKU0054@LOC01,2025-09-15,2025-09-01,2,7.0,7.0,11.0,7.451296515986312,7.451296515986312,7.451296515986312,Planner D
SKU0054@LOC01,2025-09-22,2025-09-01,3,5.0,7.0,11.0,7.451296515986312,5.670992814294328,5.670992814294328,Planner D
SKU0054@LOC01,2025-09-29,2025-09-01,4,2.0,7.0,12.0,7.451296515986312,8.17875922895182,8.17875922895182,Planner D
SKU0054@LOC01,2025-10-06,2025-09-29,1,5.0,2.0,40.0,7.6656150828740754,7.6656150828740754,7.6656150828740754,Planner D
SKU0054@LOC01,2025-10-13,2025-09-29,2,6.0,2.0,5.0,7.6656150828740754,7.6656150828740754,7.6656150828740754,Planner D
SKU0054@LOC01,2025-10-20,2025-09-29,3,5.0,2.0,3.0,7.6656150828740754,7.487875173594359,7.487875173594359,Planner D
SKU0054@LOC01,2025-10-27,2025-09-29,4,2.0,2.0,6.0,7.6656150828740754,7.6656150828740754,7.6656150828740754,Planner D
SKU0054@LOC01,2025-11-03,2025-10-27,1,3.0,2.0,0.0,7.066285145095202,7.066285145095202,7.066285145095202,Planner D
SKU0054@LOC01,2025-11-10,2025-10-27,2,2.0,2.0,2.0,7.066285145095202,7.066285145095202,7.066285145095202,Planner D
SKU0054@LOC01,2025-11-17,2025-10-27,3,4.0,2.0,6.0,7.066285145095202,8.156177951503713,8.156177951503713,Planner D
SKU0054@LOC01,2025-11-24,2025-10-27,4,3.0,2.0,8.0,7.066285145095202,7.066285145095202,7.066285145095202,Planner D
SKU0054@LOC01,2025-12-01,2025-11-24,1,5.0,3.0,10.0,6.314389664962199,6.314389664962199,6.314389664962199,Planner D
SKU0054@LOC01,2025-12-08,2025-11-24,2,15.0,3.0,1.0,6.314389664962199,6.314389664962199,6.314389664962199,Planner D
SKU0054@LOC01,2025-12-15,2025-11-24,3,6.0,3.0,10.0,6.314389664962199,7.651274150288053,7.651274150288053,Planner D
SKU0054@LOC01,2025-12-22,2025-11-24,4,9.0,3.0,7.0,6.314389664962199,6.314389664962199,6.314389664962199,Planner D
SKU0054@LOC02,2025-05-19,2025-05-12,1,10.0,1.0,20.0,4.746205233300003,4.746205233300003,4.746205233300003,Planner A
SKU0054@LOC02,2025-05-26,2025-05-12,2,10.0,1.0,14.0,4.746205233300003,4.746205233300003,4.746205233300003,Planner A
SKU0054@LOC02,2025-06-02,2025-05-12,3,0.0,1.0,1.0,4.746205233300003,4.746205233300003,4.746205233300003,Planner A
SKU0054@LOC02,2025-06-09,2025-05-12,4,1.0,1.0,3.0,4.746205233300003,4.746205233300003,4.746205233300003,Planner A
SKU0054@LOC02,2025-06-16,2025-06-09,1,1.0,1.0,7.0,4.7957513263055604,4.7957513263055604,4.7957513263055604,Planner A
SKU0054@LOC02,2025-06-23,2025-06-09,2,7.0,1.0,17.0,4.7957513263055604,6.599535153019098,6.599535153019098,Planner A
SKU0054@LOC02,2025-06-30,2025-06-09,3,0.0,1.0,13.0,4.7957513263055604,4.7957513263055604,4.7957513263055604,Planner A
SKU0054@LOC02,2025-07-07,2025-06-09,4,4.0,1.0,6.0,4.7957513263055604,4.71304404435481,4.71304404435481,Planner A
SKU0054@LOC02,2025-07-14,2025-07-07,1,5.0,4.0,2.0,4.464913178721668,4.464913178721668,4.464913178721668,Planner A
SKU0054@LOC02,2025-07-21,2025-07-07,2,1.0,4.0,0.0,4.464913178721668,4.464913178721668,4.464913178721668,Planner A
SKU0054@LOC02,2025-07-28,2025-07-07,3,2.0,4.0,11.0,4.464913178721668,3.576757855624905,3.576757855624905,Planner A
SKU0054@LOC02,2025-08-04,2025-07-07,4,14.0,4.0,9.0,4.464913178721668,10.770944932780838,10.770944932780838,Planner A
SKU0054@LOC02,2025-08-11,2025-08-04,1,1.0,14.0,1.0,4.691168439776166,4.1583098189624454,4.1583098189624454,Planner A
SKU0054@LOC02,2025-08-18,2025-08-04,2,0.0,14.0,6.0,4.691168439776166,4.691168439776166,4.691168439776166,Planner A
SKU0054@LOC02,2025-08-25,2025-08-04,3,13.0,14.0,5.0,4.691168439776166,4.691168439776166,4.691168439776166,Planner A
SKU0054@LOC02,2025-09-01,2025-08-04,4,5.0,14.0,0.0,4.691168439776166,4.691168439776166,4.691168439776166,Planner A
SKU0054@LOC02,2025-09-08,2025-09-01,1,9.0,5.0,6.0,4.731354764000436,6.64917816273122,6.64917816273122,Planner A
SKU0054@LOC02,2025-09-15,2025-09-01,2,0.0,5.0,5.0,4.731354764000436,4.676104003873,4.676104003873,Planner A
SKU0054@LOC02,2025-09-22,2025-09-01,3,2.0,5.0,4.0,4.731354764000436,4.702172537709301,4.702172537709301,Planner A
SKU0054@LOC02,2025-09-29,2025-09-01,4,14.0,5.0,13.0,4.731354764000436,4.731354764000436,4.731354764000436,Planner A
SKU0054@LOC02,2025-10-06,2025-09-29,1,0.0,14.0,1.0,5.034536776245631,5.034536776245631,5.034536776245631,Planner A
SKU0054@LOC02,2025-10-13,2025-09-29,2,14.0,14.0,8.0,5.034536776245631,5.034536776245631,5.034536776245631,Planner A
SKU0054@LOC02,2025-10-20,2025-09-29,3,5.0,14.0,0.0,5.034536776245631,5.034536776245631,5.034536776245631,Planner A
SKU0054@LOC02,2025-10-27,2025-09-29,4,17.0,14.0,18.0,5.034536776245631,5.034536776245631,5.034536776245631,Planner A
SKU0054@LOC02,2025-11-03,2025-10-27,1,10.0,17.0,2.0,5.819911670106918,5.819911670106918,5.819911670106918,Planner A
SKU0054@LOC02,2025-11-10,2025-10-27,2,10.0,17.0,7.0,5.819911670106918,5.819911670106918,5.819911670106918,Planner A
SKU0054@LOC02,2025-11-17,2025-10-27,3,1.0,17.0,25.0,5.819911670106918,5.819911670106918,5.819911670106918,Planner A
SKU0054@LOC02,2025-11-24,2025-10-27,4,2.0,17.0,3.0,5.819911670106918,5.819911670106918,5.819911670106918,Planner A
SKU0054@LOC02,2025-12-01,2025-11-24,1,4.0,2.0,1.0,5.767791929750023,5.767791929750023,5.767791929750023,Planner A
SKU0054@LOC02,2025-12-08,2025-11-24,2,10.0,2.0,4.0,5.767791929750023,6.172013377556873,6.172013377556873,Planner A
SKU0054@LOC02,2025-12-15,2025-11-24,3,9.0,2.0,3.0,5.767791929750023,5.767791929750023,5.767791929750023,Planner A
SKU0054@LOC02,2025-12-22,2025-11-24,4,4.0,2.0,5.0,5.767791929750023,6.158369909521393,6.158369909521393,Planner A
SKU0054@LOC03,2025-05-19,2025-05-12,1,7.0,12.0,11.0,8.72096197690164,8.72096197690164,8.72096197690164,Planner B
SKU0054@LOC03,2025-05-26,2025-05-12,2,2.0,12.0,2.0,8.72096197690164,12.154783630885014,12.154783630885014,Planner B
SKU0054@LOC03,2025-06-02,2025-05-12,3,1.0,12.0,15.0,8.72096197690164,8.0278892022804,8.0278892022804,Planner B
SKU0054@LOC03,2025-06-09,2025-05-12,4,4.0,12.0,5.0,8.72096197690164,10.295093982037546,10.295093982037546,Planner B
SKU0054@LOC03,2025-06-16,2025-06-09,1,2.0,4.0,15.0,7.741109286198741,7.741109286198741,7.741109286198741,Planner B
SKU0054@LOC03,2025-06-23,2025-06-09,2,0.0,4.0,7.0,7.741109286198741,7.741109286198741,7.741109286198741,Planner B
SKU0054@LOC03,2025-06-30,2025-06-09,3,5.0,4.0,3.0,7.741109286198741,7.741109286198741,7.741109286198741,Planner B
SKU0054@LOC03,2025-07-07,2025-06-09,4,4.0,4.0,6.0,7.741109286198741,7.741109286198741,7.741109286198741,Planner B
SKU0054@LOC03,2025-07-14,2025-07-07,1,22.0,4.0,0.0,6.828419395541913,6.828419395541913,6.828419395541913,Planner B
SKU0054@LOC03,2025-07-21,2025-07-07,2,6.0,4.0,11.0,6.828419395541913,6.828419395541913,6.828419395541913,Planner B
SKU0054@LOC03,2025-07-28,2025-07-07,3,2.0,4.0,8.0,6.828419395541913,4.030594715280274,4.030594715280274,Planner B
SKU0054@LOC03,2025-08-04,2025-07-07,4,21.0,4.0,1.0,6.828419395541913,6.828419395541913,6.828419395541913,Planner B
SKU0054@LOC03,2025-08-11,2025-08-04,1,16.0,21.0,13.0,7.92065277529011,7.92065277529011,7.92065277529011,Planner B
SKU0054@LOC03,2025-08-18,2025-08-04,2,1.0,21.0,1.0,7.92065277529011,7.92065277529011,7.92065277529011,Planner B
SKU0054@LOC03,2025-08-25,2025-08-04,3,0.0,21.0,4.0,7.92065277529011,7.92065277529011,7.92065277529011,Planner B
SKU0054@LOC03,2025-09-01,2025-08-04,4,11.0,21.0,3.0,7.92065277529011,7.92065277529011,7.92065277529011,Planner B
SKU0054@LOC03,2025-09-08,2025-09-01,1,4.0,11.0,2.0,7.732446189553641,8.569495578321474,8.569495578321474,Planner B
SKU0054@LOC03,2025-09-15,2025-09-01,2,25.0,11.0,16.0,7.732446189553641,7.732446189553641,7.732446189553641,Planner B
SKU0054@LOC03,2025-09-22,2025-09-01,3,9.0,11.0,10.0,7.732446189553641,7.732446189553641,7.732446189553641,Planner B
SKU0054@LOC03,2025-09-29,2025-09-01,4,4.0,11.0,4.0,7.732446189553641,7.732446189553641,7.732446189553641,Planner B
SKU0054@LOC03,2025-10-06,2025-09-29,1,4.0,4.0,2.0,8.225225749180124,8.225225749180124,8.225225749180124,Planner B
SKU0054@LOC03,2025-10-13,2025-09-29,2,8.0,4.0,13.0,8.225225749180124,6.65334271744244,6.65334271744244,Planner B
SKU0054@LOC03,2025-10-20,2025-09-29,3,6.0,4.0,2.0,8.225225749180124,7.565659687912087,7.565659687912087,Planner B
SKU0054@LOC03,2025-10-27,2025-09-29,4,8.0,4.0,2.0,8.225225749180124,13.000551033668026,13.000551033668026,Planner B
SKU0054@LOC03,2025-11-03,2025-10-27,1,1.0,8.0,27.0,7.916972780368143,7.8700883007697975,7.8700883007697975,Planner B
SKU0054@LOC03,2025-11-10,2025-10-27,2,0.0,8.0,1.0,7.916972780368143,8.053638424681623,8.053638424681623,Planner B
SKU0054@LOC03,2025-11-17,2025-10-27,3,11.0,8.0,1.0,7.916972780368143,7.916972780368143,7.916972780368143,Planner B
SKU0054@LOC03,2025-11-24,2025-10-27,4,9.0,8.0,1.0,7.916972780368143,7.916972780368143,7.916972780368143,Planner B
SKU0054@LOC03,2025-12-01,2025-11-24,1,18.0,9.0,3.0,7.463792560689729,7.463792560689729,7.463792560689729,Planner B
SKU0054@LOC03,2025-12-08,2025-11-24,2,6.0,9.0,0.0,7.463792560689729,7.463792560689729,7.463792560689729,Planner B
SKU0054@LOC03,2025-12-15,2025-11-24,3,2.0,9.0,2.0,7.463792560689729,9.344715057426715,9.344715057426715,Planner B
SKU0054@LOC03,2025-12-22,2025-11-24,4,16.0,9.0,2.0,7.463792560689729,7.463792560689729,7.463792560689729,Planner B
SKU0055@LOC01,2025-05-19,2025-05-12,1,20.0,4.0,1.0,12.449528371371574,10.76100079612847,11.299050835934894,Planner C
SKU0055@LOC01,2025-05-26,2025-05-12,2,47.0,4.0,37.0,12.449528371371574,12.449528371371574,13.072004789940154,Planner C
SKU0055@LOC01,2025-06-02,2025-05-12,3,3.0,4.0,15.0,12.449528371371574,9.481460073336278,9.955533077003093,Planner C
SKU0055@LOC01,2025-06-09,2025-05-12,4,35.0,4.0,13.0,12.449528371371574,12.449528371371574,13.072004789940154,Planner C
SKU0055@LOC01,2025-06-16,2025-06-09,1,25.0,35.0,5.0,15.01096866803447,15.01096866803447,15.761517101436194,Planner C
SKU0055@LOC01,2025-06-23,2025-06-09,2,20.0,35.0,2.0,15.01096866803447,15.01096866803447,15.761517101436194,Planner C
SKU0055@LOC01,2025-06-30,2025-06-09,3,11.0,35.0,8.0,15.01096866803447,15.01096866803447,15.761517101436194,Planner C
SKU0055@LOC01,2025-07-07,2025-06-09,4,11.0,35.0,0.0,15.01096866803447,15.01096866803447,15.761517101436194,Planner C
SKU0055@LOC01,2025-07-14,2025-07-07,1,7.0,11.0,0.0,15.273246548668252,17.884517815011975,18.778743705762576,Planner C
SKU0055@LOC01,2025-07-21,2025-07-07,2,53.0,11.0,20.0,15.273246548668252,15.273246548668252,16.036908876101666,Planner C
SKU0055@LOC01,2025-07-28,2025-07-07,3,5.0,11.0,4.0,15.273246548668252,15.273246548668252,16.036908876101666,Planner C
SKU0055@LOC01,2025-08-04,2025-07-07,4,2.0,11.0,21.0,15.273246548668252,15.273246548668252,16.036908876101666,Planner C
SKU0055@LOC01,2025-08-11,2025-08-04,1,1.0,2.0,14.0,15.469361021681221,15.469361021681221,16.242829072765282,Planner C
SKU0055@LOC01,2025-08-18,2025-08-04,2,8.0,2.0,6.0,15.469361021681221,15.469361021681221,16.242829072765282,Planner C
SKU0055@LOC01,2025-08-25,2025-08-04,3,8.0,2.0,5.0,15.469361021681221,15.469361021681221,16.242829072765282,Planner C
SKU0055@LOC01,2025-09-01,2025-08-04,4,2.0,2.0,0.0,15.469361021681221,15.469361021681221,16.242829072765282,Planner C
SKU0055@LOC01,2025-09-08,2025-09-01,1,24.0,2.0,14.0,13.48375998566574,18.436663816618537,19.358497007449465,Planner C
SKU0055@LOC01,2025-09-15,2025-09-01,2,3.0,2.0,18.0,13.48375998566574,9.433721785971732,9.905407875270319,Planner C
SKU0055@LOC01,2025-09-22,2025-09-01,3,5.0,2.0,46.0,13.48375998566574,11.929522704905237,12.5259988401505,Planner C
SKU0055@LOC01,2025-09-29,2025-09-01,4,8.0,2.0,12.0,13.48375998566574,13.48375998566574,14.157947984949027,Planner C
SKU0055@LOC01,2025-10-06,2025-09-29,1,12.0,8.0,0.0,12.784331781824655,16.190693490068636,17.000228164572068,Planner C
SKU0055@LOC01,2025-10-13,2025-09-29,2,0.0,8.0,30.0,12.784331781824655,9.521062122932296,9.997115229078911,Planner C
SKU0055@LOC01,2025-10-20,2025-09-29,3,29.0,8.0,31.0,12.784331781824655,16.045428480787507,16.847699904826882,Planner C
SKU0055@LOC01,2025-10-27,2025-09-29,4,7.0,8.0,5.0,12.784331781824655,12.784331781824655,13.423548370915888,Planner C
SKU0055@LOC01,2025-11-03,2025-10-27,1,17.0,7.0,20.0,12.654843138369818,15.429978273315932,16.20147718698173,Planner C
SKU0055@LOC01,2025-11-10,2025-10-27,2,3.0,7.0,19.0,12.654843138369818,12.157109115267179,12.76496457103054,Planner C
SKU0055@LOC01,2025-11-17,2025-10-27,3,2.0,7.0,10.0,12.654843138369818,12.654843138369818,13.28758529528831,Planner C
SKU0055@LOC01,2025-11-24,2025-10-27,4,6.0,7.0,8.0,12.654843138369818,12.394372397080161,13.01409101693417,Planner C
SKU0055@LOC01,2025-12-01,2025-11-24,1,22.0,6.0,10.0,11.56659257897183,11.56659257897183,12.144922207920423,Planner C
SKU0055@LOC01,2025-12-08,2025-11-24,2,12.0,6.0,18.0,11.56659257897183,11.56659257897183,12.144922207920423,Planner C
SKU0055@LOC01,2025-12-15,2025-11-24,3,15.0,6.0,30.0,11.56659257897183,11.56659257897183,12.144922207920423,Planner C
SKU0055@LOC01,2025-12-22,2025-11-24,4,3.0,6.0,32.0,11.56659257897183,11.56659257897183,12.144922207920423,Planner C
SKU0055@LOC02,2025-05-19,2025-05-12,1,3.0,9.0,1.0,8.25385051817075,8.25385051817075,8.25385051817075,Planner D
SKU0055@LOC02,2025-05-26,2025-05-12,2,21.0,9.0,3.0,8.25385051817075,19.626407961641497,19.626407961641497,Planner D
SKU0055@LOC02,2025-06-02,2025-05-12,3,26.0,9.0,4.0,8.25385051817075,11.376728774556126,11.376728774556126,Planner D
SKU0055@LOC02,2025-06-09,2025-05-12,4,11.0,9.0,9.0,8.25385051817075,12.546549612860359,12.546549612860359,Planner D
SKU0055@LOC02,2025-06-16,2025-06-09,1,1.0,11.0,29.0,10.77505132497183,11.53426240445961,11.53426240445961,Planner D
SKU0055@LOC02,2025-06-23,2025-06-09,2,0.0,11.0,3.0,10.77505132497183,10.77505132497183,10.77505132497183,Planner D
SKU0055@LOC02,2025-06-30,2025-06-09,3,3.0,11.0,1.0,10.77505132497183,9.810967810456237,9.810967810456237,Planner D
SKU0055@LOC02,2025-07-07,2025-06-09,4,9.0,11.0,10.0,10.77505132497183,16.06733462103699,16.06733462103699,Planner D
SKU0055@LOC02,2025-07-14,2025-07-07,1,3.0,9.0,25.0,8.312411174314018,8.312411174314018,8.312411174314018,Planner D
SKU0055@LOC02,2025-07-21,2025-07-07,2,0.0,9.0,0.0,8.312411174314018,8.312411174314018,8.312411174314018,Planner D
SKU0055@LOC02,2025-07-28,2025-07-07,3,3.0,9.0,4.0,8.312411174314018,7.205364102568629,7.205364102568629,Planner D
SKU0055@LOC02,2025-08-04,2025-07-07,4,1.0,9.0,15.0,8.312411174314018,9.538200968576813,9.538200968576813,Planner D
SKU0055@LOC02,2025-08-11,2025-08-04,1,5.0,1.0,24.0,6.0424729714674275,6.69431605140432,6.69431605140432,Planner D
SKU0055@LOC02,2025-08-18,2025-08-04,2,21.0,1.0,6.0,6.0424729714674275,7.567673710454116,7.567673710454116,Planner D
SKU0055@LOC02,2025-08-25,2025-08-04,3,7.0,1.0,13.0,6.0424729714674275,6.0424729714674275,6.0424729714674275,Planner D
SKU0055@LOC02,2025-09-01,2025-08-04,4,19.0,1.0,0.0,6.0424729714674275,6.0424729714674275,6.0424729714674275,Planner D
SKU0055@LOC02,2025-09-08,2025-09-01,1,10.0,19.0,24.0,8.55996651657978,8.55996651657978,8.55996651657978,Planner D
SKU0055@LOC02,2025-09-15,2025-09-01,2,9.0,19.0,9.0,8.55996651657978,8.55996651657978,8.55996651657978,Planner D
SKU0055@LOC02,2025-09-22,2025-09-01,3,0.0,19.0,2.0,8.55996651657978,8.55996651657978,8.55996651657978,Planner D
SKU0055@LOC02,2025-09-29,2025-09-01,4,13.0,19.0,0.0,8.55996651657978,8.55996651657978,8.55996651657978,Planner D
SKU0055@LOC02,2025-10-06,2025-09-29,1,6.0,13.0,29.0,8.374194031527994,7.353102602890978,7.353102602890978,Planner D
SKU0055@LOC02,2025-10-13,2025-09-29,2,6.0,13.0,19.0,8.374194031527994,10.170310684849689,10.170310684849689,Planner D
SKU0055@LOC02,2025-10-20,2025-09-29,3,6.0,13.0,5.0,8.374194031527994,8.374194031527994,8.374194031527994,Planner D
SKU0055@LOC02,2025-10-27,2025-09-29,4,2.0,13.0,0.0,8.374194031527994,8.374194031527994,8.374194031527994,Planner D
SKU0055@LOC02,2025-11-03,2025-10-27,1,0.0,2.0,17.0,7.157708704085517,11.43003895947292,11.43003895947292,Planner D
SKU0055@LOC02,2025-11-10,2025-10-27,2,6.0,2.0,4.0,7.157708704085517,6.3697979482705405,6.3697979482705405,Planner D
SKU0055@LOC02,2025-11-17,2025-10-27,3,0.0,2.0,9.0,7.157708704085517,7.157708704085517,7.157708704085517,Planner D
SKU0055@LOC02,2025-11-24,2025-10-27,4,3.0,2.0,16.0,7.157708704085517,5.121628921163439,5.121628921163439,Planner D
SKU0055@LOC02,2025-12-01,2025-11-24,1,10.0,3.0,14.0,5.482172680750508,5.482172680750508,5.482172680750508,Planner D
SKU0055@LOC02,2025-12-08,2025-11-24,2,2.0,3.0,2.0,5.482172680750508,5.482172680750508,5.482172680750508,Planner D
SKU0055@LOC02,2025-12-15,2025-11-24,3,13.0,3.0,4.0,5.482172680750508,5.482172680750508,5.482172680750508,Planner D
SKU0055@LOC02,2025-12-22,2025-11-24,4,3.0,3.0,0.0,5.482172680750508,4.652026874763452,4.652026874763452,Planner D
SKU0055@LOC03,2025-05-19,2025-05-12,1,6.0,22.0,19.0,14.993334579205666,13.24270163500749,13.904836716757865,Planner A
SKU0055@LOC03,2025-05-26,2025-05-12,2,14.0,22.0,26.0,14.993334579205666,14.993334579205666,15.74300130816595,Planner A
SKU0055@LOC03,2025-06-02,2025-05-12,3,16.0,22.0,11.0,14.993334579205666,14.993334579205666,15.74300130816595,Planner A
SKU0055@LOC03,2025-06-09,2025-05-12,4,31.0,22.0,3.0,14.993334579205666,18.714552103202983,19.650279708363133,Planner A
SKU0055@LOC03,2025-06-16,2025-06-09,1,7.0,31.0,7.0,15.411127223104135,9.047426299934195,9.499797614930905,Planner A
SKU0055@LOC03,2025-06-23,2025-06-09,2,11.0,31.0,4.0,15.411127223104135,15.411127223104135,16.181683584259343,Planner A
SKU0055@LOC03,2025-06-30,2025-06-09,3,4.0,31.0,83.0,15.411127223104135,15.411127223104135,16.181683584259343,Planner A
SKU0055@LOC03,2025-07-07,2025-06-09,4,14.0,31.0,13.0,15.411127223104135,15.411127223104135,16.181683584259343,Planner A
SKU0055@LOC03,2025-07-14,2025-07-07,1,26.0,14.0,20.0,14.238915692763463,14.238915692763463,14.950861477401636,Planner A
SKU0055@LOC03,2025-07-21,2025-07-07,2,24.0,14.0,8.0,14.238915692763463,14.238915692763463,14.950861477401636,Planner A
SKU0055@LOC03,2025-07-28,2025-07-07,3,34.0,14.0,5.0,14.238915692763463,14.238915692763463,14.950861477401636,Planner A
SKU0055@LOC03,2025-08-04,2025-07-07,4,5.0,14.0,18.0,14.238915692763463,13.842065747358157,14.534169034726066,Planner A
SKU0055@LOC03,2025-08-11,2025-08-04,1,20.0,5.0,35.0,15.66027332497892,15.66027332497892,16.44328699122787,Planner A
SKU0055@LOC03,2025-08-18,2025-08-04,2,2.0,5.0,12.0,15.66027332497892,15.66027332497892,16.44328699122787,Planner A
SKU0055@LOC03,2025-08-25,2025-08-04,3,15.0,5.0,61.0,15.66027332497892,14.830346328444257,15.57186364486647,Planner A
SKU0055@LOC03,2025-09-01,2025-08-04,4,2.0,5.0,43.0,15.66027332497892,15.66027332497892,16.44328699122787,Planner A
SKU0055@LOC03,2025-09-08,2025-09-01,1,28.0,2.0,3.0,14.51551549990361,14.51551549990361,15.241291274898792,Planner A
SKU0055@LOC03,2025-09-15,2025-09-01,2,31.0,2.0,6.0,14.51551549990361,19.00142546839585,19.951496741815646,Planner A
SKU0055@LOC03,2025-09-22,2025-09-01,3,1.0,2.0,18.0,14.51551549990361,14.51551549990361,15.241291274898792,Planner A
SKU0055@LOC03,2025-09-29,2025-09-01,4,6.0,2.0,2.0,14.51551549990361,14.51551549990361,15.241291274898792,Planner A
SKU0055@LOC03,2025-10-06,2025-09-29,1,0.0,6.0,3.0,14.769678096643364,14.769678096643364,15.508162001475533,Planner A
SKU0055@LOC03,2025-10-13,2025-09-29,2,6.0,6.0,27.0,14.769678096643364,14.769678096643364,15.508162001475533,Planner A
SKU0055@LOC03,2025-10-20,2025-09-29,3,4.0,6.0,18.0,14.769678096643364,14.769678096643364,15.508162001475533,Planner A
SKU0055@LOC03,2025-10-27,2025-09-29,4,24.0,6.0,39.0,14.769678096643364,14.769678096643364,15.508162001475533,Planner A
SKU0055@LOC03,2025-11-03,2025-10-27,1,6.0,24.0,12.0,13.690745120204125,13.690745120204125,14.375282376214333,Planner A
SKU0055@LOC03,2025-11-10,2025-10-27,2,35.0,24.0,9.0,13.690745120204125,13.690745120204125,14.375282376214333,Planner A
SKU0055@LOC03,2025-11-17,2025-10-27,3,7.0,24.0,16.0,13.690745120204125,13.690745120204125,14.375282376214333,Planner A
SKU0055@LOC03,2025-11-24,2025-10-27,4,15.0,24.0,1.0,13.690745120204125,13.690745120204125,14.375282376214333,Planner A
SKU0055@LOC03,2025-12-01,2025-11-24,1,5.0,15.0,17.0,14.07028496756326,14.07028496756326,14.773799215941425,Planner A
SKU0055@LOC03,2025-12-08,2025-11-24,2,5.0,15.0,45.0,14.07028496756326,14.07028496756326,14.773799215941425,Planner A
SKU0055@LOC03,2025-12-15,2025-11-24,3,6.0,15.0,39.0,14.07028496756326,16.436226960261564,17.258038308274642,Planner A
SKU0055@LOC03,2025-12-22,2025-11-24,4,6.0,15.0,14.0,14.07028496756326,14.07028496756326,14.773799215941425,Planner A
SKU0056@LOC01,2025-05-19,2025-05-12,1,8.0,8.0,6.0,4.854205643815915,4.854205643815915,4.854205643815915,Planner B
SKU0056@LOC01,2025-05-26,2025-05-12,2,7.0,8.0,0.0,4.854205643815915,4.854205643815915,4.854205643815915,Planner B
SKU0056@LOC01,2025-06-02,2025-05-12,3,8.0,8.0,11.0,4.854205643815915,4.854205643815915,4.854205643815915,Planner B
SKU0056@LOC01,2025-06-09,2025-05-12,4,0.0,8.0,4.0,4.854205643815915,4.854205643815915,4.854205643815915,Planner B
SKU0056@LOC01,2025-06-16,2025-06-09,1,7.0,0.0,7.0,5.314046011951619,6.967211749765863,6.967211749765863,Planner B
SKU0056@LOC01,2025-06-23,2025-06-09,2,9.0,0.0,0.0,5.314046011951619,6.426623986508142,6.426623986508142,Planner B
SKU0056@LOC01,2025-06-30,2025-06-09,3,9.0,0.0,5.0,5.314046011951619,5.314046011951619,5.314046011951619,Planner B
SKU0056@LOC01,2025-07-07,2025-06-09,4,8.0,0.0,0.0,5.314046011951619,5.314046011951619,5.314046011951619,Planner B
SKU0056@LOC01,2025-07-14,2025-07-07,1,7.0,8.0,9.0,5.676699077632803,5.676699077632803,5.676699077632803,Planner B
SKU0056@LOC01,2025-07-21,2025-07-07,2,10.0,8.0,4.0,5.676699077632803,5.676699077632803,5.676699077632803,Planner B
SKU0056@LOC01,2025-07-28,2025-07-07,3,0.0,8.0,6.0,5.676699077632803,5.676699077632803,5.676699077632803,Planner B
SKU0056@LOC01,2025-08-04,2025-07-07,4,8.0,8.0,0.0,5.676699077632803,5.676699077632803,5.676699077632803,Planner B
SKU0056@LOC01,2025-08-11,2025-08-04,1,9.0,8.0,0.0,5.711697917522194,5.711697917522194,5.711697917522194,Planner B
SKU0056@LOC01,2025-08-18,2025-08-04,2,0.0,8.0,0.0,5.711697917522194,5.711697917522194,5.711697917522194,Planner B
SKU0056@LOC01,2025-08-25,2025-08-04,3,7.0,8.0,10.0,5.711697917522194,5.711697917522194,5.711697917522194,Planner B
SKU0056@LOC01,2025-09-01,2025-08-04,4,0.0,8.0,6.0,5.711697917522194,5.711697917522194,5.711697917522194,Planner B
SKU0056@LOC01,2025-09-08,2025-09-01,1,6.0,0.0,9.0,5.552236616567956,5.552236616567956,5.552236616567956,Planner B
SKU0056@LOC01,2025-09-15,2025-09-01,2,15.0,0.0,0.0,5.552236616567956,8.598793781988807,8.598793781988807,Planner B
SKU0056@LOC01,2025-09-22,2025-09-01,3,5.0,0.0,0.0,5.552236616567956,3.0121576258789857,3.0121576258789857,Planner B
SKU0056@LOC01,2025-09-29,2025-09-01,4,11.0,0.0,14.0,5.552236616567956,8.17888374327934,8.17888374327934,Planner B
SKU0056@LOC01,2025-10-06,2025-09-29,1,0.0,11.0,0.0,6.0997802012705105,6.0997802012705105,6.0997802012705105,Planner B
SKU0056@LOC01,2025-10-13,2025-09-29,2,5.0,11.0,7.0,6.0997802012705105,6.0997802012705105,6.0997802012705105,Planner B
SKU0056@LOC01,2025-10-20,2025-09-29,3,4.0,11.0,0.0,6.0997802012705105,6.0997802012705105,6.0997802012705105,Planner B
SKU0056@LOC01,2025-10-27,2025-09-29,4,9.0,11.0,0.0,6.0997802012705105,6.0997802012705105,6.0997802012705105,Planner B
SKU0056@LOC01,2025-11-03,2025-10-27,1,0.0,9.0,0.0,5.671922467642283,5.4177183463940874,5.4177183463940874,Planner B
SKU0056@LOC01,2025-11-10,2025-10-27,2,0.0,9.0,9.0,5.671922467642283,5.671922467642283,5.671922467642283,Planner B
SKU0056@LOC01,2025-11-17,2025-10-27,3,9.0,9.0,7.0,5.671922467642283,5.671922467642283,5.671922467642283,Planner B
SKU0056@LOC01,2025-11-24,2025-10-27,4,0.0,9.0,0.0,5.671922467642283,4.583556987549795,4.583556987549795,Planner B
SKU0056@LOC01,2025-12-01,2025-11-24,1,0.0,0.0,7.0,5.1034689804159505,6.046703142463236,6.046703142463236,Planner B
SKU0056@LOC01,2025-12-08,2025-11-24,2,5.0,0.0,7.0,5.1034689804159505,5.3429884931545795,5.3429884931545795,Planner B
SKU0056@LOC01,2025-12-15,2025-11-24,3,8.0,0.0,6.0,5.1034689804159505,5.1034689804159505,5.1034689804159505,Planner B
SKU0056@LOC01,2025-12-22,2025-11-24,4,2.0,0.0,2.0,5.1034689804159505,5.090377156837212,5.090377156837212,Planner B
SKU0056@LOC02,2025-05-19,2025-05-12,1,15.0,0.0,17.0,2.4874303495433203,2.4874303495433203,2.4874303495433203,Planner C
SKU0056@LOC02,2025-05-26,2025-05-12,2,0.0,0.0,0.0,2.4874303495433203,2.4874303495433203,2.4874303495433203,Planner C
SKU0056@LOC02,2025-06-02,2025-05-12,3,0.0,0.0,0.0,2.4874303495433203,2.4874303495433203,2.4874303495433203,Planner C
SKU0056@LOC02,2025-06-09,2025-05-12,4,0.0,0.0,0.0,2.4874303495433203,2.4874303495433203,2.4874303495433203,Planner C
SKU0056@LOC02,2025-06-16,2025-06-09,1,0.0,0.0,0.0,2.370266027734781,2.325112504808745,2.325112504808745,Planner C
SKU0056@LOC02,2025-06-23,2025-06-09,2,0.0,0.0,0.0,2.370266027734781,2.370266027734781,2.370266027734781,Planner C
SKU0056@LOC02,2025-06-30,2025-06-09,3,0.0,0.0,0.0,2.370266027734781,2.370266027734781,2.370266027734781,Planner C
SKU0056@LOC02,2025-07-07,2025-06-09,4,0.0,0.0,0.0,2.370266027734781,2.370266027734781,2.370266027734781,Planner C
SKU0056@LOC02,2025-07-14,2025-07-07,1,0.0,0.0,0.0,2.370266027734781,2.5716051049105464,2.5716051049105464,Planner C
SKU0056@LOC02,2025-07-21,2025-07-07,2,0.0,0.0,0.0,2.370266027734781,2.370266027734781,2.370266027734781,Planner C
SKU0056@LOC02,2025-07-28,2025-07-07,3,9.0,0.0,0.0,2.370266027734781,2.370266027734781,2.370266027734781,Planner C
SKU0056@LOC02,2025-08-04,2025-07-07,4,0.0,0.0,0.0,2.370266027734781,3.2686302063262462,3.2686302063262462,Planner C
SKU0056@LOC02,2025-08-11,2025-08-04,1,16.0,0.0,0.0,2.1612740451216745,7.7230213731355555,7.7230213731355555,Planner C
SKU0056@LOC02,2025-08-18,2025-08-04,2,0.0,0.0,0.0,2.1612740451216745,1.4663230457533563,1.4663230457533563,Planner C
SKU0056@LOC02,2025-08-25,2025-08-04,3,15.0,0.0,0.0,2.1612740451216745,2.1612740451216745,2.1612740451216745,Planner C
SKU0056@LOC02,2025-09-01,2025-08-04,4,0.0,0.0,0.0,2.1612740451216745,2.1612740451216745,2.1612740451216745,Planner C
SKU0056@LOC02,2025-09-08,2025-09-01,1,0.0,0.0,0.0,2.4766079492362607,2.4766079492362607,2.4766079492362607,Planner C
SKU0056@LOC02,2025-09-15,2025-09-01,2,0.0,0.0,0.0,2.4766079492362607,2.4766079492362607,2.4766079492362607,Planner C
SKU0056@LOC02,2025-09-22,2025-09-01,3,0.0,0.0,0.0,2.4766079492362607,2.4766079492362607,2.4766079492362607,Planner C
SKU0056@LOC02,2025-09-29,2025-09-01,4,0.0,0.0,0.0,2.4766079492362607,2.4766079492362607,2.4766079492362607,Planner C
SKU0056@LOC02,2025-10-06,2025-09-29,1,0.0,0.0,0.0,2.4766079492362607,1.1655237067945143,1.1655237067945143,Planner C
SKU0056@LOC02,2025-10-13,2025-09-29,2,0.0,0.0,0.0,2.4766079492362607,1.751706612265613,1.751706612265613,Planner C
SKU0056@LOC02,2025-10-20,2025-09-29,3,0.0,0.0,0.0,2.4766079492362607,2.4766079492362607,2.4766079492362607,Planner C
SKU0056@LOC02,2025-10-27,2025-09-29,4,0.0,0.0,0.0,2.4766079492362607,2.4766079492362607,2.4766079492362607,Planner C
SKU0056@LOC02,2025-11-03,2025-10-27,1,0.0,0.0,17.0,2.4766079492362607,2.4766079492362607,2.4766079492362607,Planner C
SKU0056@LOC02,2025-11-10,2025-10-27,2,0.0,0.0,0.0,2.4766079492362607,2.4766079492362607,2.4766079492362607,Planner C
SKU0056@LOC02,2025-11-17,2025-10-27,3,0.0,0.0,0.0,2.4766079492362607,2.4766079492362607,2.4766079492362607,Planner C
SKU0056@LOC02,2025-11-24,2025-10-27,4,19.0,0.0,0.0,2.4766079492362607,3.833047967950777,3.833047967950777,Planner C
SKU0056@LOC02,2025-12-01,2025-11-24,1,0.0,19.0,0.0,2.2724089502607363,2.2724089502607363,2.2724089502607363,Planner C
SKU0056@LOC02,2025-12-08,2025-11-24,2,0.0,19.0,0.0,2.2724089502607363,1.7439939173541388,1.7439939173541388,Planner C
SKU0056@LOC02,2025-12-15,2025-11-24,3,17.0,19.0,0.0,2.2724089502607363,2.2724089502607363,2.2724089502607363,Planner C
SKU0056@LOC02,2025-12-22,2025-11-24,4,22.0,19.0,0.0,2.2724089502607363,2.2724089502607363,2.2724089502607363,Planner C
SKU0056@LOC03,2025-05-19,2025-05-12,1,13.0,0.0,0.0,4.613924906734026,6.369651222310049,6.369651222310049,Planner D
SKU0056@LOC03,2025-05-26,2025-05-12,2,10.0,0.0,0.0,4.613924906734026,7.316667642817876,7.316667642817876,Planner D
SKU0056@LOC03,2025-06-02,2025-05-12,3,0.0,0.0,6.0,4.613924906734026,4.613924906734026,4.613924906734026,Planner D
SKU0056@LOC03,2025-06-09,2025-05-12,4,8.0,0.0,6.0,4.613924906734026,4.613924906734026,4.613924906734026,Planner D
SKU0056@LOC03,2025-06-16,2025-06-09,1,7.0,8.0,5.0,4.960544541748504,4.960544541748504,4.960544541748504,Planner D
SKU0056@LOC03,2025-06-23,2025-06-09,2,12.0,8.0,4.0,4.960544541748504,7.357654921653062,7.357654921653062,Planner D
SKU0056@LOC03,2025-06-30,2025-06-09,3,0.0,8.0,0.0,4.960544541748504,4.960544541748504,4.960544541748504,Planner D
SKU0056@LOC03,2025-07-07,2025-06-09,4,0.0,8.0,0.0,4.960544541748504,4.960544541748504,4.960544541748504,Planner D
SKU0056@LOC03,2025-07-14,2025-07-07,1,0.0,0.0,9.0,5.517888286488767,5.517888286488767,5.517888286488767,Planner D
SKU0056@LOC03,2025-07-21,2025-07-07,2,0.0,0.0,7.0,5.517888286488767,5.517888286488767,5.517888286488767,Planner D
SKU0056@LOC03,2025-07-28,2025-07-07,3,8.0,0.0,0.0,5.517888286488767,5.517888286488767,5.517888286488767,Planner D
SKU0056@LOC03,2025-08-04,2025-07-07,4,8.0,0.0,14.0,5.517888286488767,5.517888286488767,5.517888286488767,Planner D
SKU0056@LOC03,2025-08-11,2025-08-04,1,8.0,8.0,0.0,4.585850643498627,4.585850643498627,4.585850643498627,Planner D
SKU0056@LOC03,2025-08-18,2025-08-04,2,3.0,8.0,0.0,4.585850643498627,4.585850643498627,4.585850643498627,Planner D
SKU0056@LOC03,2025-08-25,2025-08-04,3,10.0,8.0,0.0,4.585850643498627,4.585850643498627,4.585850643498627,Planner D
SKU0056@LOC03,2025-09-01,2025-08-04,4,12.0,8.0,0.0,4.585850643498627,4.585850643498627,4.585850643498627,Planner D
SKU0056@LOC03,2025-09-08,2025-09-01,1,10.0,12.0,6.0,5.407582461153565,5.407582461153565,5.407582461153565,Planner D
SKU0056@LOC03,2025-09-15,2025-09-01,2,7.0,12.0,5.0,5.407582461153565,4.853494871242587,4.853494871242587,Planner D
SKU0056@LOC03,2025-09-22,2025-09-01,3,0.0,12.0,7.0,5.407582461153565,3.0751275397980233,3.0751275397980233,Planner D
SKU0056@LOC03,2025-09-29,2025-09-01,4,0.0,12.0,5.0,5.407582461153565,5.407582461153565,5.407582461153565,Planner D
SKU0056@LOC03,2025-10-06,2025-09-29,1,6.0,0.0,8.0,5.765639877587181,5.765639877587181,5.765639877587181,Planner D
SKU0056@LOC03,2025-10-13,2025-09-29,2,0.0,0.0,0.0,5.765639877587181,5.765639877587181,5.765639877587181,Planner D
SKU0056@LOC03,2025-10-20,2025-09-29,3,4.0,0.0,0.0,5.765639877587181,5.765639877587181,5.765639877587181,Planner D
SKU0056@LOC03,2025-10-27,2025-09-29,4,11.0,0.0,0.0,5.765639877587181,5.765639877587181,5.765639877587181,Planner D
SKU0056@LOC03,2025-11-03,2025-10-27,1,0.0,11.0,5.0,5.000994468296397,5.000994468296397,5.000994468296397,Planner D
SKU0056@LOC03,2025-11-10,2025-10-27,2,9.0,11.0,7.0,5.000994468296397,5.000994468296397,5.000994468296397,Planner D
SKU0056@LOC03,2025-11-17,2025-10-27,3,0.0,11.0,0.0,5.000994468296397,3.4839205885314275,3.4839205885314275,Planner D
SKU0056@LOC03,2025-11-24,2025-10-27,4,0.0,11.0,9.0,5.000994468296397,5.000994468296397,5.000994468296397,Planner D
SKU0056@LOC03,2025-12-01,2025-11-24,1,7.0,0.0,0.0,4.908702713869344,5.931987053360492,5.931987053360492,Planner D
SKU0056@LOC03,2025-12-08,2025-11-24,2,7.0,0.0,0.0,4.908702713869344,4.908702713869344,4.908702713869344,Planner D
SKU0056@LOC03,2025-12-15,2025-11-24,3,8.0,0.0,6.0,4.908702713869344,4.908702713869344,4.908702713869344,Planner D
SKU0056@LOC03,2025-12-22,2025-11-24,4,8.0,0.0,0.0,4.908702713869344,4.908702713869344,4.908702713869344,Planner D
SKU0057@LOC01,2025-05-19,2025-05-12,1,13.0,8.0,8.0,7.77068993755249,10.067810751479918,10.067810751479918,Planner A
SKU0057@LOC01,2025-05-26,2025-05-12,2,8.0,8.0,4.0,7.77068993755249,7.77068993755249,7.77068993755249,Planner A
SKU0057@LOC01,2025-06-02,2025-05-12,3,1.0,8.0,8.0,7.77068993755249,8.024670608325469,8.024670608325469,Planner A
SKU0057@LOC01,2025-06-09,2025-05-12,4,5.0,8.0,7.0,7.77068993755249,7.77068993755249,7.77068993755249,Planner A
SKU0057@LOC01,2025-06-16,2025-06-09,1,7.0,5.0,7.0,6.99839246421451,3.65150130076977,3.65150130076977,Planner A
SKU0057@LOC01,2025-06-23,2025-06-09,2,4.0,5.0,6.0,6.99839246421451,6.99839246421451,6.99839246421451,Planner A
SKU0057@LOC01,2025-06-30,2025-06-09,3,10.0,5.0,1.0,6.99839246421451,6.99839246421451,6.99839246421451,Planner A
SKU0057@LOC01,2025-07-07,2025-06-09,4,8.0,5.0,8.0,6.99839246421451,9.213910362356136,9.213910362356136,Planner A
SKU0057@LOC01,2025-07-14,2025-07-07,1,6.0,8.0,8.0,7.206535856272875,10.746051861775115,10.746051861775115,Planner A
SKU0057@LOC01,2025-07-21,2025-07-07,2,6.0,8.0,7.0,7.206535856272875,7.206535856272875,7.206535856272875,Planner A
SKU0057@LOC01,2025-07-28,2025-07-07,3,18.0,8.0,16.0,7.206535856272875,8.279520364981707,8.279520364981707,Planner A
SKU0057@LOC01,2025-08-04,2025-07-07,4,7.0,8.0,7.0,7.206535856272875,7.033147525053639,7.033147525053639,Planner A
SKU0057@LOC01,2025-08-11,2025-08-04,1,3.0,7.0,4.0,8.309819257823543,8.309819257823543,8.309819257823543,Planner A
SKU0057@LOC01,2025-08-18,2025-08-04,2,9.0,7.0,5.0,8.309819257823543,8.309819257823543,8.309819257823543,Planner A
SKU0057@LOC01,2025-08-25,2025-08-04,3,4.0,7.0,5.0,8.309819257823543,8.309819257823543,8.309819257823543,Planner A
SKU0057@LOC01,2025-09-01,2025-08-04,4,10.0,7.0,10.0,8.309819257823543,8.309819257823543,8.309819257823543,Planner A
SKU0057@LOC01,2025-09-08,2025-09-01,1,8.0,10.0,12.0,7.59950883895425,7.59950883895425,7.59950883895425,Planner A
SKU0057@LOC01,2025-09-15,2025-09-01,2,9.0,10.0,12.0,7.59950883895425,7.59950883895425,7.59950883895425,Planner A
SKU0057@LOC01,2025-09-22,2025-09-01,3,3.0,10.0,7.0,7.59950883895425,7.59950883895425,7.59950883895425,Planner A
SKU0057@LOC01,2025-09-29,2025-09-01,4,8.0,10.0,12.0,7.59950883895425,7.59950883895425,7.59950883895425,Planner A
SKU0057@LOC01,2025-10-06,2025-09-29,1,8.0,8.0,9.0,7.261816110864362,7.261816110864362,7.261816110864362,Planner A
SKU0057@LOC01,2025-10-13,2025-09-29,2,7.0,8.0,6.0,7.261816110864362,7.261816110864362,7.261816110864362,Planner A
SKU0057@LOC01,2025-10-20,2025-09-29,3,10.0,8.0,15.0,7.261816110864362,7.261816110864362,7.261816110864362,Planner A
SKU0057@LOC01,2025-10-27,2025-09-29,4,11.0,8.0,13.0,7.261816110864362,9.844563807527514,9.844563807527514,Planner A
SKU0057@LOC01,2025-11-03,2025-10-27,1,7.0,11.0,10.0,8.211288396221889,8.211288396221889,8.211288396221889,Planner A
SKU0057@LOC01,2025-11-10,2025-10-27,2,8.0,11.0,11.0,8.211288396221889,8.725181210993036,8.725181210993036,Planner A
SKU0057@LOC01,2025-11-17,2025-10-27,3,10.0,11.0,10.0,8.211288396221889,8.211288396221889,8.211288396221889,Planner A
SKU0057@LOC01,2025-11-24,2025-10-27,4,14.0,11.0,16.0,8.211288396221889,6.568149267235725,6.568149267235725,Planner A
SKU0057@LOC01,2025-12-01,2025-11-24,1,4.0,14.0,10.0,9.173175113380303,9.173175113380303,9.173175113380303,Planner A
SKU0057@LOC01,2025-12-08,2025-11-24,2,8.0,14.0,6.0,9.173175113380303,9.173175113380303,9.173175113380303,Planner A
SKU0057@LOC01,2025-12-15,2025-11-24,3,4.0,14.0,11.0,9.173175113380303,9.173175113380303,9.173175113380303,Planner A
SKU0057@LOC01,2025-12-22,2025-11-24,4,10.0,14.0,8.0,9.173175113380303,8.278534352270722,8.278534352270722,Planner A
SKU0057@LOC02,2025-05-19,2025-05-12,1,11.0,4.0,7.0,5.463333362058824,6.126845949604762,6.126845949604762,Planner B
SKU0057@LOC02,2025-05-26,2025-05-12,2,8.0,4.0,5.0,5.463333362058824,5.463333362058824,5.463333362058824,Planner B
SKU0057@LOC02,2025-06-02,2025-05-12,3,6.0,4.0,4.0,5.463333362058824,6.335186593927456,6.335186593927456,Planner B
SKU0057@LOC02,2025-06-09,2025-05-12,4,5.0,4.0,4.0,5.463333362058824,5.463333362058824,5.463333362058824,Planner B
SKU0057@LOC02,2025-06-16,2025-06-09,1,9.0,5.0,6.0,6.247200410828219,6.247200410828219,6.247200410828219,Planner B
SKU0057@LOC02,2025-06-23,2025-06-09,2,4.0,5.0,4.0,6.247200410828219,6.7588066660789785,6.7588066660789785,Planner B
SKU0057@LOC02,2025-06-30,2025-06-09,3,9.0,5.0,6.0,6.247200410828219,6.247200410828219,6.247200410828219,Planner B
SKU0057@LOC02,2025-07-07,2025-06-09,4,8.0,5.0,3.0,6.247200410828219,6.247200410828219,6.247200410828219,Planner B
SKU0057@LOC02,2025-07-14,2025-07-07,1,1.0,8.0,8.0,6.871146409454898,9.17163400993289,9.17163400993289,Planner B
SKU0057@LOC02,2025-07-21,2025-07-07,2,4.0,8.0,11.0,6.871146409454898,6.871146409454898,6.871146409454898,Planner B
SKU0057@LOC02,2025-07-28,2025-07-07,3,2.0,8.0,8.0,6.871146409454898,9.847558422869586,9.847558422869586,Planner B
SKU0057@LOC02,2025-08-04,2025-07-07,4,6.0,8.0,8.0,6.871146409454898,6.871146409454898,6.871146409454898,Planner B
SKU0057@LOC02,2025-08-11,2025-08-04,1,4.0,6.0,22.0,5.534200267076061,5.534200267076061,5.534200267076061,Planner B
SKU0057@LOC02,2025-08-18,2025-08-04,2,10.0,6.0,4.0,5.534200267076061,5.534200267076061,5.534200267076061,Planner B
SKU0057@LOC02,2025-08-25,2025-08-04,3,4.0,6.0,10.0,5.534200267076061,5.534200267076061,5.534200267076061,Planner B
SKU0057@LOC02,2025-09-01,2025-08-04,4,4.0,6.0,8.0,5.534200267076061,3.5957499720523454,3.5957499720523454,Planner B
SKU0057@LOC02,2025-09-08,2025-09-01,1,5.0,4.0,5.0,5.492588795228603,5.492588795228603,5.492588795228603,Planner B
SKU0057@LOC02,2025-09-15,2025-09-01,2,8.0,4.0,9.0,5.492588795228603,5.492588795228603,5.492588795228603,Planner B
SKU0057@LOC02,2025-09-22,2025-09-01,3,4.0,4.0,6.0,5.492588795228603,5.492588795228603,5.492588795228603,Planner B
SKU0057@LOC02,2025-09-29,2025-09-01,4,8.0,4.0,5.0,5.492588795228603,5.492588795228603,5.492588795228603,Planner B
SKU0057@LOC02,2025-10-06,2025-09-29,1,10.0,8.0,5.0,5.776187508549486,5.776187508549486,5.776187508549486,Planner B
SKU0057@LOC02,2025-10-13,2025-09-29,2,6.0,8.0,5.0,5.776187508549486,5.776187508549486,5.776187508549486,Planner B
SKU0057@LOC02,2025-10-20,2025-09-29,3,8.0,8.0,12.0,5.776187508549486,5.776187508549486,5.776187508549486,Planner B
SKU0057@LOC02,2025-10-27,2025-09-29,4,4.0,8.0,4.0,5.776187508549486,5.776187508549486,5.776187508549486,Planner B
SKU0057@LOC02,2025-11-03,2025-10-27,1,8.0,4.0,4.0,6.124756624359319,6.124756624359319,6.124756624359319,Planner B
SKU0057@LOC02,2025-11-10,2025-10-27,2,5.0,4.0,10.0,6.124756624359319,6.124756624359319,6.124756624359319,Planner B
SKU0057@LOC02,2025-11-17,2025-10-27,3,8.0,4.0,7.0,6.124756624359319,6.124756624359319,6.124756624359319,Planner B
SKU0057@LOC02,2025-11-24,2025-10-27,4,5.0,4.0,10.0,6.124756624359319,6.386005344359073,6.386005344359073,Planner B
SKU0057@LOC02,2025-12-01,2025-11-24,1,2.0,5.0,8.0,6.226652821242149,6.226652821242149,6.226652821242149,Planner B
SKU0057@LOC02,2025-12-08,2025-11-24,2,2.0,5.0,8.0,6.226652821242149,3.6244820816290413,3.6244820816290413,Planner B
SKU0057@LOC02,2025-12-15,2025-11-24,3,13.0,5.0,4.0,6.226652821242149,6.226652821242149,6.226652821242149,Planner B
SKU0057@LOC02,2025-12-22,2025-11-24,4,12.0,5.0,11.0,6.226652821242149,7.266410337293488,7.266410337293488,Planner B
SKU0057@LOC03,2025-05-19,2025-05-12,1,9.0,8.0,9.0,7.254304218732821,10.81067343487331,10.81067343487331,Planner C
SKU0057@LOC03,2025-05-26,2025-05-12,2,10.0,8.0,7.0,7.254304218732821,7.254304218732821,7.254304218732821,Planner C
SKU0057@LOC03,2025-06-02,2025-05-12,3,6.0,8.0,7.0,7.254304218732821,7.254304218732821,7.254304218732821,Planner C
SKU0057@LOC03,2025-06-09,2025-05-12,4,7.0,8.0,6.0,7.254304218732821,7.254304218732821,7.254304218732821,Planner C
SKU0057@LOC03,2025-06-16,2025-06-09,1,10.0,7.0,12.0,7.514610891579899,7.514610891579899,7.514610891579899,Planner C
SKU0057@LOC03,2025-06-23,2025-06-09,2,5.0,7.0,3.0,7.514610891579899,6.925359093833909,6.925359093833909,Planner C
SKU0057@LOC03,2025-06-30,2025-06-09,3,6.0,7.0,8.0,7.514610891579899,7.514610891579899,7.514610891579899,Planner C
SKU0057@LOC03,2025-07-07,2025-06-09,4,7.0,7.0,6.0,7.514610891579899,7.514610891579899,7.514610891579899,Planner C
SKU0057@LOC03,2025-07-14,2025-07-07,1,4.0,7.0,10.0,7.20073635172278,7.20073635172278,7.20073635172278,Planner C
SKU0057@LOC03,2025-07-21,2025-07-07,2,3.0,7.0,11.0,7.20073635172278,7.20073635172278,7.20073635172278,Planner C
SKU0057@LOC03,2025-07-28,2025-07-07,3,0.0,7.0,10.0,7.20073635172278,5.625979960984913,5.625979960984913,Planner C
SKU0057@LOC03,2025-08-04,2025-07-07,4,8.0,7.0,9.0,7.20073635172278,7.20073635172278,7.20073635172278,Planner C
SKU0057@LOC03,2025-08-11,2025-08-04,1,10.0,8.0,5.0,5.6524293802014896,5.6524293802014896,5.6524293802014896,Planner C
SKU0057@LOC03,2025-08-18,2025-08-04,2,7.0,8.0,7.0,5.6524293802014896,5.659567884008609,5.659567884008609,Planner C
SKU0057@LOC03,2025-08-25,2025-08-04,3,11.0,8.0,15.0,5.6524293802014896,5.6524293802014896,5.6524293802014896,Planner C
SKU0057@LOC03,2025-09-01,2025-08-04,4,4.0,8.0,9.0,5.6524293802014896,5.6524293802014896,5.6524293802014896,Planner C
SKU0057@LOC03,2025-09-08,2025-09-01,1,8.0,4.0,6.0,6.632915964148803,5.446093808470778,5.446093808470778,Planner C
SKU0057@LOC03,2025-09-15,2025-09-01,2,7.0,4.0,7.0,6.632915964148803,6.632915964148803,6.632915964148803,Planner C
SKU0057@LOC03,2025-09-22,2025-09-01,3,11.0,4.0,8.0,6.632915964148803,9.512771366331446,9.512771366331446,Planner C
SKU0057@LOC03,2025-09-29,2025-09-01,4,13.0,4.0,12.0,6.632915964148803,6.139413481936652,6.139413481936652,Planner C
SKU0057@LOC03,2025-10-06,2025-09-29,1,9.0,13.0,16.0,8.31049858901045,8.31049858901045,8.31049858901045,Planner C
SKU0057@LOC03,2025-10-13,2025-09-29,2,12.0,13.0,7.0,8.31049858901045,7.427225726338762,7.427225726338762,Planner C
SKU0057@LOC03,2025-10-20,2025-09-29,3,17.0,13.0,11.0,8.31049858901045,10.11855649099682,10.11855649099682,Planner C
SKU0057@LOC03,2025-10-27,2025-09-29,4,14.0,13.0,15.0,8.31049858901045,8.31049858901045,8.31049858901045,Planner C
SKU0057@LOC03,2025-11-03,2025-10-27,1,7.0,14.0,7.0,11.581722287937552,11.95558768774573,11.95558768774573,Planner C
SKU0057@LOC03,2025-11-10,2025-10-27,2,5.0,14.0,17.0,11.581722287937552,11.581722287937552,11.581722287937552,Planner C
SKU0057@LOC03,2025-11-17,2025-10-27,3,8.0,14.0,8.0,11.581722287937552,11.581722287937552,11.581722287937552,Planner C
SKU0057@LOC03,2025-11-24,2025-10-27,4,9.0,14.0,13.0,11.581722287937552,15.26952351616193,15.26952351616193,Planner C
SKU0057@LOC03,2025-12-01,2025-11-24,1,7.0,9.0,10.0,9.160548243035533,9.160548243035533,9.160548243035533,Planner C
SKU0057@LOC03,2025-12-08,2025-11-24,2,8.0,9.0,7.0,9.160548243035533,9.473338885013684,9.473338885013684,Planner C
SKU0057@LOC03,2025-12-15,2025-11-24,3,12.0,9.0,15.0,9.160548243035533,9.160548243035533,9.160548243035533,Planner C
SKU0057@LOC03,2025-12-22,2025-11-24,4,11.0,9.0,7.0,9.160548243035533,6.484288055526417,6.484288055526417,Planner C
SKU0058@LOC01,2025-05-19,2025-05-12,1,33.0,26.0,14.0,25.27657626287882,25.27657626287882,25.27657626287882,Planner D
SKU0058@LOC01,2025-05-26,2025-05-12,2,34.0,26.0,19.0,25.27657626287882,19.741953475987174,19.741953475987174,Planner D
SKU0058@LOC01,2025-06-02,2025-05-12,3,25.0,26.0,11.0,25.27657626287882,25.27657626287882,25.27657626287882,Planner D
SKU0058@LOC01,2025-06-09,2025-05-12,4,18.0,26.0,20.0,25.27657626287882,14.911555062508397,14.911555062508397,Planner D
SKU0058@LOC01,2025-06-16,2025-06-09,1,25.0,18.0,23.0,25.446885458176503,24.479416313267023,24.479416313267023,Planner D
SKU0058@LOC01,2025-06-23,2025-06-09,2,28.0,18.0,26.0,25.446885458176503,25.446885458176503,25.446885458176503,Planner D
SKU0058@LOC01,2025-06-30,2025-06-09,3,17.0,18.0,25.0,25.446885458176503,25.446885458176503,25.446885458176503,Planner D
SKU0058@LOC01,2025-07-07,2025-06-09,4,12.0,18.0,28.0,25.446885458176503,25.446885458176503,25.446885458176503,Planner D
SKU0058@LOC01,2025-07-14,2025-07-07,1,30.0,12.0,21.0,20.81327235200116,16.727901806352005,16.727901806352005,Planner D
SKU0058@LOC01,2025-07-21,2025-07-07,2,30.0,12.0,15.0,20.81327235200116,19.188984079961656,19.188984079961656,Planner D
SKU0058@LOC01,2025-07-28,2025-07-07,3,25.0,12.0,32.0,20.81327235200116,20.81327235200116,20.81327235200116,Planner D
SKU0058@LOC01,2025-08-04,2025-07-07,4,23.0,12.0,22.0,20.81327235200116,20.81327235200116,20.81327235200116,Planner D
SKU0058@LOC01,2025-08-11,2025-08-04,1,20.0,23.0,22.0,24.40576195512537,24.40576195512537,24.40576195512537,Planner D
SKU0058@LOC01,2025-08-18,2025-08-04,2,13.0,23.0,24.0,24.40576195512537,24.40576195512537,24.40576195512537,Planner D
SKU0058@LOC01,2025-08-25,2025-08-04,3,16.0,23.0,20.0,24.40576195512537,24.40576195512537,24.40576195512537,Planner D
SKU0058@LOC01,2025-09-01,2025-08-04,4,15.0,23.0,21.0,24.40576195512537,36.78597240974308,36.78597240974308,Planner D
SKU0058@LOC01,2025-09-08,2025-09-01,1,33.0,15.0,16.0,18.409635618613887,18.409635618613887,18.409635618613887,Planner D
SKU0058@LOC01,2025-09-15,2025-09-01,2,21.0,15.0,20.0,18.409635618613887,18.409635618613887,18.409635618613887,Planner D
SKU0058@LOC01,2025-09-22,2025-09-01,3,26.0,15.0,26.0,18.409635618613887,18.409635618613887,18.409635618613887,Planner D
SKU0058@LOC01,2025-09-29,2025-09-01,4,22.0,15.0,34.0,18.409635618613887,18.409635618613887,18.409635618613887,Planner D
SKU0058@LOC01,2025-10-06,2025-09-29,1,23.0,22.0,11.0,22.63351751995205,22.657948689304277,22.657948689304277,Planner D
SKU0058@LOC01,2025-10-13,2025-09-29,2,14.0,22.0,18.0,22.63351751995205,22.63351751995205,22.63351751995205,Planner D
SKU0058@LOC01,2025-10-20,2025-09-29,3,26.0,22.0,12.0,22.63351751995205,22.63351751995205,22.63351751995205,Planner D
SKU0058@LOC01,2025-10-27,2025-09-29,4,8.0,22.0,22.0,22.63351751995205,24.224769047322308,24.224769047322308,Planner D
SKU0058@LOC01,2025-11-03,2025-10-27,1,22.0,8.0,23.0,18.430917652797326,18.430917652797326,18.430917652797326,Planner D
SKU0058@LOC01,2025-11-10,2025-10-27,2,5.0,8.0,15.0,18.430917652797326,18.430917652797326,18.430917652797326,Planner D
SKU0058@LOC01,2025-11-17,2025-10-27,3,11.0,8.0,19.0,18.430917652797326,28.473305697943804,28.473305697943804,Planner D
SKU0058@LOC01,2025-11-24,2025-10-27,4,20.0,8.0,17.0,18.430917652797326,23.777355377135727,23.777355377135727,Planner D
SKU0058@LOC01,2025-12-01,2025-11-24,1,16.0,20.0,20.0,15.917595038580405,19.970069593755568,19.970069593755568,Planner D
SKU0058@LOC01,2025-12-08,2025-11-24,2,16.0,20.0,22.0,15.917595038580405,15.917595038580405,15.917595038580405,Planner D
SKU0058@LOC01,2025-12-15,2025-11-24,3,25.0,20.0,27.0,15.917595038580405,13.644513178903203,13.644513178903203,Planner D
SKU0058@LOC01,2025-12-22,2025-11-24,4,17.0,20.0,10.0,15.917595038580405,15.917595038580405,15.917595038580405,Planner D
SKU0058@LOC02,2025-05-19,2025-05-12,1,14.0,9.0,7.0,14.795574702310748,14.795574702310748,14.795574702310748,Planner A
SKU0058@LOC02,2025-05-26,2025-05-12,2,15.0,9.0,8.0,14.795574702310748,14.795574702310748,14.795574702310748,Planner A
SKU0058@LOC02,2025-06-02,2025-05-12,3,14.0,9.0,23.0,14.795574702310748,18.266838853927773,18.266838853927773,Planner A
SKU0058@LOC02,2025-06-09,2025-05-12,4,16.0,9.0,14.0,14.795574702310748,14.795574702310748,14.795574702310748,Planner A
SKU0058@LOC02,2025-06-16,2025-06-09,1,21.0,16.0,15.0,14.89234980815301,14.89234980815301,14.89234980815301,Planner A
SKU0058@LOC02,2025-06-23,2025-06-09,2,28.0,16.0,14.0,14.89234980815301,14.89234980815301,14.89234980815301,Planner A
SKU0058@LOC02,2025-06-30,2025-06-09,3,11.0,16.0,24.0,14.89234980815301,15.563245624183654,15.563245624183654,Planner A
SKU0058@LOC02,2025-07-07,2025-06-09,4,10.0,16.0,11.0,14.89234980815301,14.89234980815301,14.89234980815301,Planner A
SKU0058@LOC02,2025-07-14,2025-07-07,1,17.0,10.0,8.0,15.426876306485912,15.426876306485912,15.426876306485912,Planner A
SKU0058@LOC02,2025-07-21,2025-07-07,2,18.0,10.0,26.0,15.426876306485912,15.426876306485912,15.426876306485912,Planner A
SKU0058@LOC02,2025-07-28,2025-07-07,3,17.0,10.0,11.0,15.426876306485912,14.935441654420972,14.935441654420972,Planner A
SKU0058@LOC02,2025-08-04,2025-07-07,4,13.0,10.0,21.0,15.426876306485912,15.426876306485912,15.426876306485912,Planner A
SKU0058@LOC02,2025-08-11,2025-08-04,1,27.0,13.0,22.0,15.642878831349059,24.190511273600826,24.190511273600826,Planner A
SKU0058@LOC02,2025-08-18,2025-08-04,2,15.0,13.0,24.0,15.642878831349059,17.000531789794152,17.000531789794152,Planner A
SKU0058@LOC02,2025-08-25,2025-08-04,3,18.0,13.0,14.0,15.642878831349059,19.76850870094843,19.76850870094843,Planner A
SKU0058@LOC02,2025-09-01,2025-08-04,4,23.0,13.0,9.0,15.642878831349059,15.642878831349059,15.642878831349059,Planner A
SKU0058@LOC02,2025-09-08,2025-09-01,1,9.0,23.0,18.0,18.60898303613271,18.60898303613271,18.60898303613271,Planner A
SKU0058@LOC02,2025-09-15,2025-09-01,2,20.0,23.0,19.0,18.60898303613271,21.356239152564672,21.356239152564672,Planner A
SKU0058@LOC02,2025-09-22,2025-09-01,3,17.0,23.0,21.0,18.60898303613271,18.60898303613271,18.60898303613271,Planner A
SKU0058@LOC02,2025-09-29,2025-09-01,4,22.0,23.0,7.0,18.60898303613271,18.60898303613271,18.60898303613271,Planner A
SKU0058@LOC02,2025-10-06,2025-09-29,1,29.0,22.0,12.0,18.223839451599957,25.240774884397023,25.240774884397023,Planner A
SKU0058@LOC02,2025-10-13,2025-09-29,2,10.0,22.0,15.0,18.223839451599957,18.223839451599957,18.223839451599957,Planner A
SKU0058@LOC02,2025-10-20,2025-09-29,3,12.0,22.0,14.0,18.223839451599957,18.223839451599957,18.223839451599957,Planner A
SKU0058@LOC02,2025-10-27,2025-09-29,4,13.0,22.0,10.0,18.223839451599957,27.349388195878067,27.349388195878067,Planner A
SKU0058@LOC02,2025-11-03,2025-10-27,1,17.0,13.0,11.0,16.234084639375343,16.234084639375343,16.234084639375343,Planner A
SKU0058@LOC02,2025-11-10,2025-10-27,2,16.0,13.0,11.0,16.234084639375343,16.234084639375343,16.234084639375343,Planner A
SKU0058@LOC02,2025-11-17,2025-10-27,3,8.0,13.0,11.0,16.234084639375343,16.234084639375343,16.234084639375343,Planner A
SKU0058@LOC02,2025-11-24,2025-10-27,4,19.0,13.0,11.0,16.234084639375343,16.234084639375343,16.234084639375343,Planner A
SKU0058@LOC02,2025-12-01,2025-11-24,1,11.0,19.0,11.0,15.518281068288141,15.518281068288141,15.518281068288141,Planner A
SKU0058@LOC02,2025-12-08,2025-11-24,2,18.0,19.0,13.0,15.518281068288141,15.518281068288141,15.518281068288141,Planner A
SKU0058@LOC02,2025-12-15,2025-11-24,3,14.0,19.0,4.0,15.518281068288141,15.518281068288141,15.518281068288141,Planner A
SKU0058@LOC02,2025-12-22,2025-11-24,4,14.0,19.0,11.0,15.518281068288141,15.518281068288141,15.518281068288141,Planner A
SKU0058@LOC03,2025-05-19,2025-05-12,1,33.0,26.0,20.0,22.75228320672345,23.08300387636457,23.08300387636457,Planner B
SKU0058@LOC03,2025-05-26,2025-05-12,2,21.0,26.0,34.0,22.75228320672345,22.75228320672345,22.75228320672345,Planner B
SKU0058@LOC03,2025-06-02,2025-05-12,3,26.0,26.0,22.0,22.75228320672345,22.75228320672345,22.75228320672345,Planner B
SKU0058@LOC03,2025-06-09,2025-05-12,4,14.0,26.0,46.0,22.75228320672345,29.01743507650705,29.01743507650705,Planner B
SKU0058@LOC03,2025-06-16,2025-06-09,1,25.0,14.0,34.0,21.942091523938096,21.942091523938096,21.942091523938096,Planner B
SKU0058@LOC03,2025-06-23,2025-06-09,2,19.0,14.0,21.0,21.942091523938096,21.942091523938096,21.942091523938096,Planner B
SKU0058@LOC03,2025-06-30,2025-06-09,3,29.0,14.0,15.0,21.942091523938096,21.942091523938096,21.942091523938096,Planner B
SKU0058@LOC03,2025-07-07,2025-06-09,4,27.0,14.0,32.0,21.942091523938096,21.942091523938096,21.942091523938096,Planner B
SKU0058@LOC03,2025-07-14,2025-07-07,1,34.0,27.0,26.0,24.438708646246038,24.438708646246038,24.438708646246038,Planner B
SKU0058@LOC03,2025-07-21,2025-07-07,2,39.0,27.0,12.0,24.438708646246038,22.365211564547316,22.365211564547316,Planner B
SKU0058@LOC03,2025-07-28,2025-07-07,3,25.0,27.0,28.0,24.438708646246038,24.438708646246038,24.438708646246038,Planner B
SKU0058@LOC03,2025-08-04,2025-07-07,4,25.0,27.0,37.0,24.438708646246038,24.438708646246038,24.438708646246038,Planner B
SKU0058@LOC03,2025-08-11,2025-08-04,1,25.0,25.0,32.0,27.740372657601284,27.740372657601284,27.740372657601284,Planner B
SKU0058@LOC03,2025-08-18,2025-08-04,2,28.0,25.0,28.0,27.740372657601284,27.740372657601284,27.740372657601284,Planner B
SKU0058@LOC03,2025-08-25,2025-08-04,3,39.0,25.0,33.0,27.740372657601284,35.65882468221107,35.65882468221107,Planner B
SKU0058@LOC03,2025-09-01,2025-08-04,4,23.0,25.0,17.0,27.740372657601284,19.252650945336846,19.252650945336846,Planner B
SKU0058@LOC03,2025-09-08,2025-09-01,1,39.0,23.0,25.0,28.413946036194154,28.413946036194154,28.413946036194154,Planner B
SKU0058@LOC03,2025-09-15,2025-09-01,2,35.0,23.0,32.0,28.413946036194154,21.01080113089496,21.01080113089496,Planner B
SKU0058@LOC03,2025-09-22,2025-09-01,3,15.0,23.0,13.0,28.413946036194154,28.413946036194154,28.413946036194154,Planner B
SKU0058@LOC03,2025-09-29,2025-09-01,4,13.0,23.0,24.0,28.413946036194154,28.413946036194154,28.413946036194154,Planner B
SKU0058@LOC03,2025-10-06,2025-09-29,1,23.0,13.0,23.0,24.088006363014557,24.088006363014557,24.088006363014557,Planner B
SKU0058@LOC03,2025-10-13,2025-09-29,2,14.0,13.0,16.0,24.088006363014557,24.088006363014557,24.088006363014557,Planner B
SKU0058@LOC03,2025-10-20,2025-09-29,3,15.0,13.0,13.0,24.088006363014557,24.088006363014557,24.088006363014557,Planner B
SKU0058@LOC03,2025-10-27,2025-09-29,4,29.0,13.0,17.0,24.088006363014557,30.106793569893227,30.106793569893227,Planner B
SKU0058@LOC03,2025-11-03,2025-10-27,1,25.0,29.0,20.0,22.078627013297574,22.078627013297574,22.078627013297574,Planner B
SKU0058@LOC03,2025-11-10,2025-10-27,2,19.0,29.0,18.0,22.078627013297574,22.078627013297574,22.078627013297574,Planner B
SKU0058@LOC03,2025-11-17,2025-10-27,3,29.0,29.0,6.0,22.078627013297574,21.18576625413358,21.18576625413358,Planner B
SKU0058@LOC03,2025-11-24,2025-10-27,4,21.0,29.0,19.0,22.078627013297574,26.819261174801756,26.819261174801756,Planner B
SKU0058@LOC03,2025-12-01,2025-11-24,1,20.0,21.0,12.0,22.981909328426184,22.981909328426184,22.981909328426184,Planner B
SKU0058@LOC03,2025-12-08,2025-11-24,2,16.0,21.0,18.0,22.981909328426184,23.54366440532802,23.54366440532802,Planner B
SKU0058@LOC03,2025-12-15,2025-11-24,3,13.0,21.0,16.0,22.981909328426184,22.981909328426184,22.981909328426184,Planner B
SKU0058@LOC03,2025-12-22,2025-11-24,4,15.0,21.0,10.0,22.981909328426184,19.33197020384854,19.33197020384854,Planner B
SKU0059@LOC01,2025-05-19,2025-05-12,1,0.0,0.0,0.0,2.7619063229719627,2.6692556746299294,2.6692556746299294,Planner C
SKU0059@LOC01,2025-05-26,2025-05-12,2,16.0,0.0,0.0,2.7619063229719627,2.7619063229719627,2.7619063229719627,Planner C
SKU0059@LOC01,2025-06-02,2025-05-12,3,0.0,0.0,0.0,2.7619063229719627,2.6803720564580704,2.6803720564580704,Planner C
SKU0059@LOC01,2025-06-09,2025-05-12,4,2.0,0.0,0.0,2.7619063229719627,3.6812192479952355,3.6812192479952355,Planner C
SKU0059@LOC01,2025-06-16,2025-06-09,1,12.0,2.0,0.0,2.5375139587099023,2.5375139587099023,2.5375139587099023,Planner C
SKU0059@LOC01,2025-06-23,2025-06-09,2,0.0,2.0,0.0,2.5375139587099023,2.5375139587099023,2.5375139587099023,Planner C
SKU0059@LOC01,2025-06-30,2025-06-09,3,0.0,2.0,0.0,2.5375139587099023,2.5375139587099023,2.5375139587099023,Planner C
SKU0059@LOC01,2025-07-07,2025-06-09,4,1.0,2.0,4.0,2.5375139587099023,1.8704476653434239,1.8704476653434239,Planner C
SKU0059@LOC01,2025-07-14,2025-07-07,1,3.0,1.0,4.0,2.598796951898752,2.598796951898752,2.598796951898752,Planner C
SKU0059@LOC01,2025-07-21,2025-07-07,2,3.0,1.0,0.0,2.598796951898752,2.598796951898752,2.598796951898752,Planner C
SKU0059@LOC01,2025-07-28,2025-07-07,3,0.0,1.0,1.0,2.598796951898752,2.598796951898752,2.598796951898752,Planner C
SKU0059@LOC01,2025-08-04,2025-07-07,4,1.0,1.0,0.0,2.598796951898752,2.598796951898752,2.598796951898752,Planner C
SKU0059@LOC01,2025-08-11,2025-08-04,1,0.0,1.0,0.0,2.4013521964818505,2.4013521964818505,2.4013521964818505,Planner C
SKU0059@LOC01,2025-08-18,2025-08-04,2,15.0,1.0,0.0,2.4013521964818505,2.4013521964818505,2.4013521964818505,Planner C
SKU0059@LOC01,2025-08-25,2025-08-04,3,0.0,1.0,6.0,2.4013521964818505,2.4013521964818505,2.4013521964818505,Planner C
SKU0059@LOC01,2025-09-01,2025-08-04,4,6.0,1.0,0.0,2.4013521964818505,2.4013521964818505,2.4013521964818505,Planner C
SKU0059@LOC01,2025-09-08,2025-09-01,1,0.0,6.0,0.0,2.8843086840740226,2.8843086840740226,2.8843086840740226,Planner C
SKU0059@LOC01,2025-09-15,2025-09-01,2,1.0,6.0,2.0,2.8843086840740226,2.8843086840740226,2.8843086840740226,Planner C
SKU0059@LOC01,2025-09-22,2025-09-01,3,1.0,6.0,0.0,2.8843086840740226,2.8843086840740226,2.8843086840740226,Planner C
SKU0059@LOC01,2025-09-29,2025-09-01,4,0.0,6.0,0.0,2.8843086840740226,1.7363131425230882,1.7363131425230882,Planner C
SKU0059@LOC01,2025-10-06,2025-09-29,1,0.0,0.0,0.0,2.546522035919237,2.546522035919237,2.546522035919237,Planner C
SKU0059@LOC01,2025-10-13,2025-09-29,2,0.0,0.0,0.0,2.546522035919237,2.546522035919237,2.546522035919237,Planner C
SKU0059@LOC01,2025-10-20,2025-09-29,3,0.0,0.0,0.0,2.546522035919237,2.546522035919237,2.546522035919237,Planner C
SKU0059@LOC01,2025-10-27,2025-09-29,4,5.0,0.0,2.0,2.546522035919237,2.546522035919237,2.546522035919237,Planner C
SKU0059@LOC01,2025-11-03,2025-10-27,1,0.0,5.0,0.0,2.178806343669098,2.178806343669098,2.178806343669098,Planner C
SKU0059@LOC01,2025-11-10,2025-10-27,2,0.0,5.0,0.0,2.178806343669098,2.499440533404223,2.499440533404223,Planner C
SKU0059@LOC01,2025-11-17,2025-10-27,3,1.0,5.0,0.0,2.178806343669098,2.178806343669098,2.178806343669098,Planner C
SKU0059@LOC01,2025-11-24,2025-10-27,4,0.0,5.0,2.0,2.178806343669098,2.178806343669098,2.178806343669098,Planner C
SKU0059@LOC01,2025-12-01,2025-11-24,1,0.0,0.0,2.0,1.930937278984489,1.930937278984489,1.930937278984489,Planner C
SKU0059@LOC01,2025-12-08,2025-11-24,2,9.0,0.0,1.0,1.930937278984489,1.930937278984489,1.930937278984489,Planner C
SKU0059@LOC01,2025-12-15,2025-11-24,3,0.0,0.0,1.0,1.930937278984489,1.930937278984489,1.930937278984489,Planner C
SKU0059@LOC01,2025-12-22,2025-11-24,4,0.0,0.0,0.0,1.930937278984489,1.930937278984489,1.930937278984489,Planner C
SKU0059@LOC02,2025-05-19,2025-05-12,1,0.0,8.0,0.0,2.356647232315634,2.356647232315634,2.356647232315634,Planner D
SKU0059@LOC02,2025-05-26,2025-05-12,2,0.0,8.0,13.0,2.356647232315634,2.0767661474302104,2.0767661474302104,Planner D
SKU0059@LOC02,2025-06-02,2025-05-12,3,1.0,8.0,1.0,2.356647232315634,2.356647232315634,2.356647232315634,Planner D
SKU0059@LOC02,2025-06-09,2025-05-12,4,3.0,8.0,1.0,2.356647232315634,2.356647232315634,2.356647232315634,Planner D
SKU0059@LOC02,2025-06-16,2025-06-09,1,14.0,3.0,16.0,2.0820324148295764,2.0820324148295764,2.0820324148295764,Planner D
SKU0059@LOC02,2025-06-23,2025-06-09,2,0.0,3.0,1.0,2.0820324148295764,2.0820324148295764,2.0820324148295764,Planner D
SKU0059@LOC02,2025-06-30,2025-06-09,3,0.0,3.0,0.0,2.0820324148295764,1.7645370887976743,1.7645370887976743,Planner D
SKU0059@LOC02,2025-07-07,2025-06-09,4,0.0,3.0,4.0,2.0820324148295764,2.0820324148295764,2.0820324148295764,Planner D
SKU0059@LOC02,2025-07-14,2025-07-07,1,0.0,0.0,11.0,2.7254703670861407,2.7254703670861407,2.7254703670861407,Planner D
SKU0059@LOC02,2025-07-21,2025-07-07,2,17.0,0.0,0.0,2.7254703670861407,2.7254703670861407,2.7254703670861407,Planner D
SKU0059@LOC02,2025-07-28,2025-07-07,3,0.0,0.0,3.0,2.7254703670861407,2.7512270392737244,2.7512270392737244,Planner D
SKU0059@LOC02,2025-08-04,2025-07-07,4,11.0,0.0,1.0,2.7254703670861407,2.7254703670861407,2.7254703670861407,Planner D
SKU0059@LOC02,2025-08-11,2025-08-04,1,0.0,11.0,2.0,3.0779815109406985,2.4328382744449835,2.4328382744449835,Planner D
SKU0059@LOC02,2025-08-18,2025-08-04,2,4.0,11.0,12.0,3.0779815109406985,3.0779815109406985,3.0779815109406985,Planner D
SKU0059@LOC02,2025-08-25,2025-08-04,3,12.0,11.0,0.0,3.0779815109406985,3.0779815109406985,3.0779815109406985,Planner D
SKU0059@LOC02,2025-09-01,2025-08-04,4,0.0,11.0,0.0,3.0779815109406985,2.984217831342871,2.984217831342871,Planner D
SKU0059@LOC02,2025-09-08,2025-09-01,1,0.0,0.0,5.0,3.395954225944661,3.395954225944661,3.395954225944661,Planner D
SKU0059@LOC02,2025-09-15,2025-09-01,2,0.0,0.0,0.0,3.395954225944661,3.395954225944661,3.395954225944661,Planner D
SKU0059@LOC02,2025-09-22,2025-09-01,3,0.0,0.0,0.0,3.395954225944661,3.395954225944661,3.395954225944661,Planner D
SKU0059@LOC02,2025-09-29,2025-09-01,4,3.0,0.0,3.0,3.395954225944661,3.5608952240566127,3.5608952240566127,Planner D
SKU0059@LOC02,2025-10-06,2025-09-29,1,0.0,3.0,0.0,2.769449929878362,2.769449929878362,2.769449929878362,Planner D
SKU0059@LOC02,2025-10-13,2025-09-29,2,0.0,3.0,0.0,2.769449929878362,2.769449929878362,2.769449929878362,Planner D
SKU0059@LOC02,2025-10-20,2025-09-29,3,9.0,3.0,0.0,2.769449929878362,2.769449929878362,2.769449929878362,Planner D
SKU0059@LOC02,2025-10-27,2025-09-29,4,0.0,3.0,0.0,2.769449929878362,2.769449929878362,2.769449929878362,Planner D
SKU0059@LOC02,2025-11-03,2025-10-27,1,1.0,0.0,1.0,2.7798220668801954,2.7531861383585685,2.7531861383585685,Planner D
SKU0059@LOC02,2025-11-10,2025-10-27,2,3.0,0.0,4.0,2.7798220668801954,2.7798220668801954,2.7798220668801954,Planner D
SKU0059@LOC02,2025-11-17,2025-10-27,3,0.0,0.0,0.0,2.7798220668801954,2.7798220668801954,2.7798220668801954,Planner D
SKU0059@LOC02,2025-11-24,2025-10-27,4,0.0,0.0,1.0,2.7798220668801954,2.7798220668801954,2.7798220668801954,Planner D
SKU0059@LOC02,2025-12-01,2025-11-24,1,6.0,0.0,0.0,2.5916245732712375,3.9423550789049493,3.9423550789049493,Planner D
SKU0059@LOC02,2025-12-08,2025-11-24,2,0.0,0.0,4.0,2.5916245732712375,2.5916245732712375,2.5916245732712375,Planner D
SKU0059@LOC02,2025-12-15,2025-11-24,3,0.0,0.0,2.0,2.5916245732712375,2.5916245732712375,2.5916245732712375,Planner D
SKU0059@LOC02,2025-12-22,2025-11-24,4,0.0,0.0,8.0,2.5916245732712375,2.0090889491446844,2.0090889491446844,Planner D
SKU0059@LOC03,2025-05-19,2025-05-12,1,0.0,1.0,42.0,1.6649892424013846,1.6649892424013846,1.6649892424013846,Planner A
SKU0059@LOC03,2025-05-26,2025-05-12,2,0.0,1.0,0.0,1.6649892424013846,1.6653152529683584,1.6653152529683584,Planner A
SKU0059@LOC03,2025-06-02,2025-05-12,3,0.0,1.0,0.0,1.6649892424013846,2.6050814674868183,2.6050814674868183,Planner A
SKU0059@LOC03,2025-06-09,2025-05-12,4,0.0,1.0,1.0,1.6649892424013846,1.6649892424013846,1.6649892424013846,Planner A
SKU0059@LOC03,2025-06-16,2025-06-09,1,0.0,0.0,0.0,1.6649892424013846,2.3955390359103887,2.3955390359103887,Planner A
SKU0059@LOC03,2025-06-23,2025-06-09,2,0.0,0.0,22.0,1.6649892424013846,1.6649892424013846,1.6649892424013846,Planner A
SKU0059@LOC03,2025-06-30,2025-06-09,3,0.0,0.0,0.0,1.6649892424013846,2.5306307665264898,2.5306307665264898,Planner A
SKU0059@LOC03,2025-07-07,2025-06-09,4,0.0,0.0,0.0,1.6649892424013846,1.6649892424013846,1.6649892424013846,Planner A
SKU0059@LOC03,2025-07-14,2025-07-07,1,15.0,0.0,0.0,1.6649892424013846,1.6649892424013846,1.6649892424013846,Planner A
SKU0059@LOC03,2025-07-21,2025-07-07,2,0.0,0.0,0.0,1.6649892424013846,1.6649892424013846,1.6649892424013846,Planner A
SKU0059@LOC03,2025-07-28,2025-07-07,3,0.0,0.0,0.0,1.6649892424013846,1.6649892424013846,1.6649892424013846,Planner A
SKU0059@LOC03,2025-08-04,2025-07-07,4,0.0,0.0,11.0,1.6649892424013846,1.6649892424013846,1.6649892424013846,Planner A
SKU0059@LOC03,2025-08-11,2025-08-04,1,0.0,0.0,9.0,1.6519792962097193,1.6519792962097193,1.6519792962097193,Planner A
SKU0059@LOC03,2025-08-18,2025-08-04,2,0.0,0.0,1.0,1.6519792962097193,0.6878107088780269,0.6878107088780269,Planner A
SKU0059@LOC03,2025-08-25,2025-08-04,3,21.0,0.0,0.0,1.6519792962097193,1.6519792962097193,1.6519792962097193,Planner A
SKU0059@LOC03,2025-09-01,2025-08-04,4,0.0,0.0,0.0,1.6519792962097193,1.6866255747193892,1.6866255747193892,Planner A
SKU0059@LOC03,2025-09-08,2025-09-01,1,0.0,0.0,0.0,1.8285855240717361,1.8285855240717361,1.8285855240717361,Planner A
SKU0059@LOC03,2025-09-15,2025-09-01,2,0.0,0.0,0.0,1.8285855240717361,1.3926196971592275,1.3926196971592275,Planner A
SKU0059@LOC03,2025-09-22,2025-09-01,3,0.0,0.0,0.0,1.8285855240717361,1.8285855240717361,1.8285855240717361,Planner A
SKU0059@LOC03,2025-09-29,2025-09-01,4,0.0,0.0,0.0,1.8285855240717361,1.8285855240717361,1.8285855240717361,Planner A
SKU0059@LOC03,2025-10-06,2025-09-29,1,0.0,0.0,0.0,1.8285855240717361,1.8285855240717361,1.8285855240717361,Planner A
SKU0059@LOC03,2025-10-13,2025-09-29,2,18.0,0.0,0.0,1.8285855240717361,1.8285855240717361,1.8285855240717361,Planner A
SKU0059@LOC03,2025-10-20,2025-09-29,3,0.0,0.0,0.0,1.8285855240717361,2.4460586565764992,2.4460586565764992,Planner A
SKU0059@LOC03,2025-10-27,2025-09-29,4,7.0,0.0,10.0,1.8285855240717361,2.303418409203071,2.303418409203071,Planner A
SKU0059@LOC03,2025-11-03,2025-10-27,1,0.0,7.0,0.0,1.9548790516218226,1.9548790516218226,1.9548790516218226,Planner A
SKU0059@LOC03,2025-11-10,2025-10-27,2,7.0,7.0,0.0,1.9548790516218226,1.9548790516218226,1.9548790516218226,Planner A
SKU0059@LOC03,2025-11-17,2025-10-27,3,0.0,7.0,0.0,1.9548790516218226,2.144745582428969,2.144745582428969,Planner A
SKU0059@LOC03,2025-11-24,2025-10-27,4,0.0,7.0,0.0,1.9548790516218226,1.9548790516218226,1.9548790516218226,Planner A
SKU0059@LOC03,2025-12-01,2025-11-24,1,27.0,0.0,0.0,2.0087088777624578,2.0087088777624578,2.0087088777624578,Planner A
SKU0059@LOC03,2025-12-08,2025-11-24,2,0.0,0.0,0.0,2.0087088777624578,1.721514217069895,1.721514217069895,Planner A
SKU0059@LOC03,2025-12-15,2025-11-24,3,0.0,0.0,21.0,2.0087088777624578,2.0087088777624578,2.0087088777624578,Planner A
SKU0059@LOC03,2025-12-22,2025-11-24,4,0.0,0.0,0.0,2.0087088777624578,1.6607568674833602,1.6607568674833602,Planner A
SKU0060@LOC01,2025-05-19,2025-05-12,1,10.0,0.0,0.0,2.299719351870601,5.7954346906543535,5.7954346906543535,Planner B
SKU0060@LOC01,2025-05-26,2025-05-12,2,1.0,0.0,1.0,2.299719351870601,2.299719351870601,2.299719351870601,Planner B
SKU0060@LOC01,2025-06-02,2025-05-12,3,0.0,0.0,2.0,2.299719351870601,2.2009018196894887,2.2009018196894887,Planner B
SKU0060@LOC01,2025-06-09,2025-05-12,4,3.0,0.0,0.0,2.299719351870601,2.299719351870601,2.299719351870601,Planner B
SKU0060@LOC01,2025-06-16,2025-06-09,1,0.0,3.0,0.0,2.34641772794417,2.34641772794417,2.34641772794417,Planner B
SKU0060@LOC01,2025-06-23,2025-06-09,2,0.0,3.0,4.0,2.34641772794417,2.34641772794417,2.34641772794417,Planner B
SKU0060@LOC01,2025-06-30,2025-06-09,3,0.0,3.0,5.0,2.34641772794417,2.34641772794417,2.34641772794417,Planner B
SKU0060@LOC01,2025-07-07,2025-06-09,4,0.0,3.0,3.0,2.34641772794417,2.34641772794417,2.34641772794417,Planner B
SKU0060@LOC01,2025-07-14,2025-07-07,1,4.0,0.0,0.0,2.34641772794417,2.34641772794417,2.34641772794417,Planner B
SKU0060@LOC01,2025-07-21,2025-07-07,2,2.0,0.0,0.0,2.34641772794417,2.34641772794417,2.34641772794417,Planner B
SKU0060@LOC01,2025-07-28,2025-07-07,3,0.0,0.0,0.0,2.34641772794417,2.34641772794417,2.34641772794417,Planner B
SKU0060@LOC01,2025-08-04,2025-07-07,4,3.0,0.0,0.0,2.34641772794417,2.34641772794417,2.34641772794417,Planner B
SKU0060@LOC01,2025-08-11,2025-08-04,1,1.0,3.0,0.0,1.9635365971183742,2.2443709383267256,2.2443709383267256,Planner B
SKU0060@LOC01,2025-08-18,2025-08-04,2,13.0,3.0,16.0,1.9635365971183742,1.9635365971183742,1.9635365971183742,Planner B
SKU0060@LOC01,2025-08-25,2025-08-04,3,8.0,3.0,0.0,1.9635365971183742,1.9635365971183742,1.9635365971183742,Planner B
SKU0060@LOC01,2025-09-01,2025-08-04,4,0.0,3.0,5.0,1.9635365971183742,1.9635365971183742,1.9635365971183742,Planner B
SKU0060@LOC01,2025-09-08,2025-09-01,1,1.0,0.0,0.0,2.700564548183418,2.700564548183418,2.700564548183418,Planner B
SKU0060@LOC01,2025-09-15,2025-09-01,2,0.0,0.0,0.0,2.700564548183418,2.700564548183418,2.700564548183418,Planner B
SKU0060@LOC01,2025-09-22,2025-09-01,3,10.0,0.0,1.0,2.700564548183418,5.3665104443824685,5.3665104443824685,Planner B
SKU0060@LOC01,2025-09-29,2025-09-01,4,0.0,0.0,0.0,2.700564548183418,2.700564548183418,2.700564548183418,Planner B
SKU0060@LOC01,2025-10-06,2025-09-29,1,6.0,0.0,0.0,2.7053593747764193,2.7053593747764193,2.7053593747764193,Planner B
SKU0060@LOC01,2025-10-13,2025-09-29,2,2.0,0.0,0.0,2.7053593747764193,2.289468815537451,2.289468815537451,Planner B
SKU0060@LOC01,2025-10-20,2025-09-29,3,0.0,0.0,0.0,2.7053593747764193,2.825239697123693,2.825239697123693,Planner B
SKU0060@LOC01,2025-10-27,2025-09-29,4,0.0,0.0,0.0,2.7053593747764193,1.8917589731557873,1.8917589731557873,Planner B
SKU0060@LOC01,2025-11-03,2025-10-27,1,0.0,0.0,2.0,2.6758774898299587,2.6758774898299587,2.6758774898299587,Planner B
SKU0060@LOC01,2025-11-10,2025-10-27,2,0.0,0.0,0.0,2.6758774898299587,2.6758774898299587,2.6758774898299587,Planner B
SKU0060@LOC01,2025-11-17,2025-10-27,3,8.0,0.0,0.0,2.6758774898299587,2.6758774898299587,2.6758774898299587,Planner B
SKU0060@LOC01,2025-11-24,2025-10-27,4,14.0,0.0,0.0,2.6758774898299587,3.461500399079336,3.461500399079336,Planner B
SKU0060@LOC01,2025-12-01,2025-11-24,1,0.0,14.0,0.0,2.940737011489765,2.940737011489765,2.940737011489765,Planner B
SKU0060@LOC01,2025-12-08,2025-11-24,2,0.0,14.0,10.0,2.940737011489765,2.940737011489765,2.940737011489765,Planner B
SKU0060@LOC01,2025-12-15,2025-11-24,3,0.0,14.0,0.0,2.940737011489765,2.940737011489765,2.940737011489765,Planner B
SKU0060@LOC01,2025-12-22,2025-11-24,4,7.0,14.0,6.0,2.940737011489765,4.655883046908582,4.655883046908582,Planner B
SKU0060@LOC02,2025-05-19,2025-05-12,1,10.0,6.0,0.0,1.7005487163938278,4.846979127406371,4.846979127406371,Planner C
SKU0060@LOC02,2025-05-26,2025-05-12,2,0.0,6.0,0.0,1.7005487163938278,1.7005487163938278,1.7005487163938278,Planner C
SKU0060@LOC02,2025-06-02,2025-05-12,3,2.0,6.0,0.0,1.7005487163938278,1.7005487163938278,1.7005487163938278,Planner C
SKU0060@LOC02,2025-06-09,2025-05-12,4,0.0,6.0,0.0,1.7005487163938278,1.2098610148813198,1.2098610148813198,Planner C
SKU0060@LOC02,2025-06-16,2025-06-09,1,0.0,0.0,0.0,1.9510176952252776,1.9510176952252776,1.9510176952252776,Planner C
SKU0060@LOC02,2025-06-23,2025-06-09,2,11.0,0.0,0.0,1.9510176952252776,2.2734526192595976,2.2734526192595976,Planner C
SKU0060@LOC02,2025-06-30,2025-06-09,3,0.0,0.0,0.0,1.9510176952252776,2.3749333850825343,2.3749333850825343,Planner C
SKU0060@LOC02,2025-07-07,2025-06-09,4,0.0,0.0,0.0,1.9510176952252776,1.9510176952252776,1.9510176952252776,Planner C
SKU0060@LOC02,2025-07-14,2025-07-07,1,0.0,0.0,0.0,2.152381402188449,2.152381402188449,2.152381402188449,Planner C
SKU0060@LOC02,2025-07-21,2025-07-07,2,0.0,0.0,4.0,2.152381402188449,2.152381402188449,2.152381402188449,Planner C
SKU0060@LOC02,2025-07-28,2025-07-07,3,0.0,0.0,1.0,2.152381402188449,2.152381402188449,2.152381402188449,Planner C
SKU0060@LOC02,2025-08-04,2025-07-07,4,0.0,0.0,13.0,2.152381402188449,2.152381402188449,2.152381402188449,Planner C
SKU0060@LOC02,2025-08-11,2025-08-04,1,0.0,0.0,1.0,2.152381402188449,2.7896438305682234,2.7896438305682234,Planner C
SKU0060@LOC02,2025-08-18,2025-08-04,2,0.0,0.0,0.0,2.152381402188449,2.152381402188449,2.152381402188449,Planner C
SKU0060@LOC02,2025-08-25,2025-08-04,3,0.0,0.0,2.0,2.152381402188449,2.152381402188449,2.152381402188449,Planner C
SKU0060@LOC02,2025-09-01,2025-08-04,4,0.0,0.0,3.0,2.152381402188449,2.152381402188449,2.152381402188449,Planner C
SKU0060@LOC02,2025-09-08,2025-09-01,1,1.0,0.0,1.0,2.152381402188449,2.152381402188449,2.152381402188449,Planner C
SKU0060@LOC02,2025-09-15,2025-09-01,2,0.0,0.0,0.0,2.152381402188449,2.152381402188449,2.152381402188449,Planner C
SKU0060@LOC02,2025-09-22,2025-09-01,3,1.0,0.0,0.0,2.152381402188449,0.8731555387476977,0.8731555387476977,Planner C
SKU0060@LOC02,2025-09-29,2025-09-01,4,0.0,0.0,7.0,2.152381402188449,2.5797726098176943,2.5797726098176943,Planner C
SKU0060@LOC02,2025-10-06,2025-09-29,1,0.0,0.0,0.0,1.3689946088331995,1.3689946088331995,1.3689946088331995,Planner C
SKU0060@LOC02,2025-10-13,2025-09-29,2,1.0,0.0,0.0,1.3689946088331995,1.3689946088331995,1.3689946088331995,Planner C
SKU0060@LOC02,2025-10-20,2025-09-29,3,3.0,0.0,0.0,1.3689946088331995,1.8239981932646199,1.8239981932646199,Planner C
SKU0060@LOC02,2025-10-27,2025-09-29,4,0.0,0.0,6.0,1.3689946088331995,1.4553719845288273,1.4553719845288273,Planner C
SKU0060@LOC02,2025-11-03,2025-10-27,1,0.0,0.0,1.0,1.3209572957884674,1.3209572957884674,1.3209572957884674,Planner C
SKU0060@LOC02,2025-11-10,2025-10-27,2,0.0,0.0,20.0,1.3209572957884674,1.25558851145997,1.25558851145997,Planner C
SKU0060@LOC02,2025-11-17,2025-10-27,3,0.0,0.0,14.0,1.3209572957884674,1.333727997562861,1.333727997562861,Planner C
SKU0060@LOC02,2025-11-24,2025-10-27,4,11.0,0.0,0.0,1.3209572957884674,1.3209572957884674,1.3209572957884674,Planner C
SKU0060@LOC02,2025-12-01,2025-11-24,1,7.0,11.0,6.0,1.4470900841763117,1.4470900841763117,1.4470900841763117,Planner C
SKU0060@LOC02,2025-12-08,2025-11-24,2,0.0,11.0,0.0,1.4470900841763117,1.4470900841763117,1.4470900841763117,Planner C
SKU0060@LOC02,2025-12-15,2025-11-24,3,9.0,11.0,1.0,1.4470900841763117,1.4470900841763117,1.4470900841763117,Planner C
SKU0060@LOC02,2025-12-22,2025-11-24,4,4.0,11.0,0.0,1.4470900841763117,1.4470900841763117,1.4470900841763117,Planner C
SKU0060@LOC03,2025-05-19,2025-05-12,1,0.0,0.0,0.0,3.4246645990215736,3.4246645990215736,3.4246645990215736,Planner D
SKU0060@LOC03,2025-05-26,2025-05-12,2,0.0,0.0,0.0,3.4246645990215736,5.961073623232091,5.961073623232091,Planner D
SKU0060@LOC03,2025-06-02,2025-05-12,3,0.0,0.0,0.0,3.4246645990215736,2.4819719857801585,2.4819719857801585,Planner D
SKU0060@LOC03,2025-06-09,2025-05-12,4,0.0,0.0,18.0,3.4246645990215736,3.4246645990215736,3.4246645990215736,Planner D
SKU0060@LOC03,2025-06-16,2025-06-09,1,0.0,0.0,14.0,3.4246645990215736,3.4246645990215736,3.4246645990215736,Planner D
SKU0060@LOC03,2025-06-23,2025-06-09,2,0.0,0.0,0.0,3.4246645990215736,3.4246645990215736,3.4246645990215736,Planner D
SKU0060@LOC03,2025-06-30,2025-06-09,3,0.0,0.0,0.0,3.4246645990215736,4.503148234467815,4.503148234467815,Planner D
SKU0060@LOC03,2025-07-07,2025-06-09,4,0.0,0.0,1.0,3.4246645990215736,3.4246645990215736,3.4246645990215736,Planner D
SKU0060@LOC03,2025-07-14,2025-07-07,1,0.0,0.0,0.0,3.4246645990215736,3.4246645990215736,3.4246645990215736,Planner D
SKU0060@LOC03,2025-07-21,2025-07-07,2,0.0,0.0,10.0,3.4246645990215736,3.4246645990215736,3.4246645990215736,Planner D
SKU0060@LOC03,2025-07-28,2025-07-07,3,0.0,0.0,9.0,3.4246645990215736,3.4246645990215736,3.4246645990215736,Planner D
SKU0060@LOC03,2025-08-04,2025-07-07,4,0.0,0.0,0.0,3.4246645990215736,3.4246645990215736,3.4246645990215736,Planner D
SKU0060@LOC03,2025-08-11,2025-08-04,1,0.0,0.0,17.0,3.4246645990215736,3.4246645990215736,3.4246645990215736,Planner D
SKU0060@LOC03,2025-08-18,2025-08-04,2,0.0,0.0,0.0,3.4246645990215736,3.4246645990215736,3.4246645990215736,Planner D
SKU0060@LOC03,2025-08-25,2025-08-04,3,0.0,0.0,0.0,3.4246645990215736,3.4246645990215736,3.4246645990215736,Planner D
SKU0060@LOC03,2025-09-01,2025-08-04,4,0.0,0.0,8.0,3.4246645990215736,3.4246645990215736,3.4246645990215736,Planner D
SKU0060@LOC03,2025-09-08,2025-09-01,1,0.0,0.0,0.0,3.4246645990215736,3.4246645990215736,3.4246645990215736,Planner D
SKU0060@LOC03,2025-09-15,2025-09-01,2,0.0,0.0,0.0,3.4246645990215736,3.910314331617991,3.910314331617991,Planner D
SKU0060@LOC03,2025-09-22,2025-09-01,3,0.0,0.0,53.0,3.4246645990215736,3.4149115838092947,3.4149115838092947,Planner D
SKU0060@LOC03,2025-09-29,2025-09-01,4,0.0,0.0,0.0,3.4246645990215736,3.4246645990215736,3.4246645990215736,Planner D
SKU0060@LOC03,2025-10-06,2025-09-29,1,3.0,0.0,1.0,3.4246645990215736,3.4246645990215736,3.4246645990215736,Planner D
SKU0060@LOC03,2025-10-13,2025-09-29,2,0.0,0.0,0.0,3.4246645990215736,3.4246645990215736,3.4246645990215736,Planner D
SKU0060@LOC03,2025-10-20,2025-09-29,3,0.0,0.0,0.0,3.4246645990215736,2.1133916079216135,2.1133916079216135,Planner D
SKU0060@LOC03,2025-10-27,2025-09-29,4,0.0,0.0,0.0,3.4246645990215736,3.4246645990215736,3.4246645990215736,Planner D
SKU0060@LOC03,2025-11-03,2025-10-27,1,0.0,0.0,14.0,2.1642326475374722,2.1642326475374722,2.1642326475374722,Planner D
SKU0060@LOC03,2025-11-10,2025-10-27,2,3.0,0.0,0.0,2.1642326475374722,2.1642326475374722,2.1642326475374722,Planner D
SKU0060@LOC03,2025-11-17,2025-10-27,3,0.0,0.0,0.0,2.1642326475374722,1.0419244977283157,1.0419244977283157,Planner D
SKU0060@LOC03,2025-11-24,2025-10-27,4,0.0,0.0,0.0,2.1642326475374722,2.1642326475374722,2.1642326475374722,Planner D
SKU0060@LOC03,2025-12-01,2025-11-24,1,0.0,0.0,0.0,2.0398751028102766,1.618194467555742,1.618194467555742,Planner D
SKU0060@LOC03,2025-12-08,2025-11-24,2,0.0,0.0,0.0,2.0398751028102766,2.0398751028102766,2.0398751028102766,Planner D
SKU0060@LOC03,2025-12-15,2025-11-24,3,0.0,0.0,47.0,2.0398751028102766,1.4917443584008163,1.4917443584008163,Planner D
SKU0060@LOC03,2025-12-22,2025-11-24,4,0.0,0.0,0.0,2.0398751028102766,2.868875639713743,2.868875639713743,Planner D
